Date,AAPL,MSFT,GOOGL,AMZN,NVDA
2020-01-02,72.40055847167969,152.15843200683594,67.8730239868164,94.90049743652344,5.970754623413086
2020-01-03,71.69664001464844,150.26377868652344,67.51795959472656,93.74849700927734,5.875186920166016
2020-01-06,72.26791381835938,150.6521759033203,69.31758880615234,95.14399719238281,5.8998260498046875
2020-01-07,71.92805480957031,149.27853393554688,69.18370056152344,95.34300231933594,5.97125244140625
2020-01-08,73.08509826660156,151.6562957763672,69.67613220214844,94.59850311279297,5.982452869415283
2020-01-09,74.63750457763672,153.55093383789062,70.40757751464844,95.05249786376953,6.048154830932617
2020-01-10,74.80622863769531,152.84046936035156,70.8623275756836,94.15799713134766,6.080508708953857
2020-01-13,76.4044189453125,154.67828369140625,71.41129302978516,94.56500244140625,6.271146774291992
2020-01-14,75.3727035522461,153.58880615234375,70.94315338134766,93.47200012207031,6.154175281524658
2020-01-15,75.0497055053711,154.58351135253906,71.37013244628906,93.10099792480469,6.1116180419921875
2020-01-16,75.98981475830078,157.41603088378906,71.91365051269531,93.89700317382812,6.195240020751953
2020-01-17,76.83106994628906,158.29702758789062,73.36959838867188,93.23600006103516,6.203950881958008
2020-01-21,76.31040954589844,157.72866821289062,73.50497436523438,94.5999984741211,6.1706013679504395
2020-01-22,76.58280181884766,156.97079467773438,73.5853042602539,94.37300109863281,6.224607467651367
2020-01-23,76.95162200927734,157.9370574951172,73.62598419189453,94.22899627685547,6.293047904968262
2020-01-24,76.72982788085938,156.3455352783203,72.70757293701172,93.08200073242188,6.2338151931762695
2020-01-27,74.47357940673828,153.73095703125,70.99969482421875,91.41699981689453,5.977972030639648
2020-01-28,76.58039093017578,156.74343872070312,71.93050384521484,92.6624984741211,6.171347618103027
2020-01-29,78.18341064453125,159.1875457763672,72.23796081542969,92.9000015258789,6.110871315002441
2020-01-30,78.0700912475586,163.6777801513672,72.116455078125,93.53399658203125,6.117589950561523
2020-01-31,74.60856628417969,161.26210021972656,71.0517578125,100.43599700927734,5.884146213531494
2020-02-03,74.40367126464844,165.19349670410156,73.5223388671875,100.20999908447266,5.981208324432373
2020-02-04,76.86000061035156,170.63111877441406,71.67807006835938,102.4834976196289,6.150442123413086
2020-02-05,77.48674011230469,170.42269897460938,71.7098159790039,101.99349975585938,6.240782737731934
2020-02-06,78.39312744140625,173.95623779296875,73.19355773925781,102.5114974975586,6.327641010284424
2020-02-07,77.32754516601562,174.20249938964844,73.34927368164062,103.96399688720703,6.261439323425293
2020-02-10,77.6948013305664,178.7591094970703,74.81465911865234,106.69550323486328,6.5446600914001465
2020-02-11,77.22605895996094,174.72352600097656,74.88408660888672,107.54000091552734,6.667105197906494
2020-02-12,79.05998229980469,174.9793243408203,75.30906677246094,108.0,6.782833099365234
2020-02-13,78.49701690673828,174.03199768066406,75.04922485351562,107.49349975585938,6.739030838012695
2020-02-14,78.51636505126953,175.58558654785156,75.31402587890625,106.74349975585938,7.2121429443359375
2020-02-18,77.07864379882812,177.3665771484375,75.3492431640625,107.78350067138672,7.380878925323486
2020-02-19,78.19499206542969,177.89852905273438,75.61852264404297,108.51100158691406,7.832088947296143
2020-02-20,77.39276123046875,175.18174743652344,75.22774505615234,107.65499877929688,7.682764053344727
2020-02-21,75.64095306396484,169.64382934570312,73.5649642944336,104.79850006103516,7.318660736083984
2020-02-24,72.04801940917969,162.32952880859375,70.41104888916016,100.4645004272461,6.801248550415039
2020-02-25,69.60758209228516,159.65078735351562,68.747802734375,98.63700103759766,6.521765232086182
2020-02-26,70.7118148803711,161.64561462402344,68.95359802246094,98.97949981689453,6.661133766174316
2020-02-27,66.08952331542969,150.25621032714844,65.20855712890625,94.21499633789062,6.2903361320495605
2020-02-28,66.05085754394531,153.89434814453125,66.41358947753906,94.1875,6.725380897521973
2020-03-02,72.20024108886719,164.13438415527344,68.747802734375,97.69750213623047,6.883759498596191
2020-03-03,69.9072036743164,156.26913452148438,66.33772277832031,95.44950103759766,6.621288776397705
2020-03-04,73.14983367919922,162.00657653808594,68.51373291015625,98.79149627685547,7.084970474243164
2020-03-05,70.77706909179688,157.94097900390625,65.19912719726562,96.20149993896484,6.805566787719727
2020-03-06,69.83715057373047,153.47637939453125,64.25593566894531,95.05449676513672,6.625024795532227
2020-03-09,64.31356048583984,143.0749053955078,60.291194915771484,90.03050231933594,6.112034797668457
2020-03-10,68.94554138183594,152.85897827148438,63.23585510253906,94.59100341796875,6.501509666442871
2020-03-11,66.55101776123047,145.93414306640625,60.04869079589844,91.04299926757812,6.1376848220825195
2020-03-12,59.978797912597656,132.093994140625,55.121917724609375,83.83049774169922,5.386629104614258
2020-03-13,67.16475677490234,150.8737030029297,60.2158203125,89.25,5.997485160827637
2020-03-16,58.52421951293945,128.63638305664062,53.2102165222168,84.4574966430664,4.890825271606445
2020-03-17,61.097530364990234,139.22779846191406,55.44475173950195,90.39199829101562,5.41053581237793
2020-03-18,59.60185623168945,133.36685180664062,54.11226272583008,91.5,5.050697326660156
2020-03-19,59.14519500732422,135.5611572265625,55.127872467041016,94.04650115966797,5.303456783294678
2020-03-20,55.39032745361328,130.46971130371094,52.972686767578125,92.30449676513672,5.123661518096924
2020-03-23,54.213592529296875,129.16830444335938,52.274452209472656,95.1415023803711,5.296481609344482
2020-03-24,59.65260696411133,140.90914916992188,56.03734588623047,97.00499725341797,6.20517110824585
2020-03-25,59.323997497558594,139.5602569580078,54.629486083984375,94.29199981689453,6.116518974304199
2020-03-26,62.445804595947266,148.2899169921875,57.66936111450195,97.77449798583984,6.405884742736816
2020-03-27,59.860408782958984,142.20101928710938,55.05794906616211,95.00499725341797,6.293574333190918
2020-03-30,61.56871032714844,152.20350646972656,56.84566879272461,98.19750213623047,6.613818645477295
2020-03-31,61.443058013916016,149.809814453125,57.62125778198242,97.48600006103516,6.564262390136719
2020-04-01,58.21010971069336,144.49029541015625,54.653289794921875,95.38500213623047,6.053016662597656
2020-04-02,59.18143081665039,147.48251342773438,55.393672943115234,95.94149780273438,6.3618059158325195
2020-04-03,58.33091735839844,146.1241455078125,54.18714141845703,95.32949829101562,6.073935031890869
2020-04-06,63.41957473754883,156.9910430908203,58.674556732177734,99.87950134277344,6.683794021606445
2020-04-07,62.68501281738281,155.3002166748047,58.643310546875,100.58000183105469,6.450459003448486
2020-04-08,64.2894058227539,156.85804748535156,59.85530090332031,102.1500015258789,6.647684574127197
2020-04-09,64.7533187866211,156.8675994873047,59.83396530151367,102.13800048828125,6.548076152801514
2020-04-13,66.02428436279297,157.21905517578125,60.02439880371094,108.44349670410156,6.719902992248535
2020-04-14,69.35871887207031,164.9988250732422,62.7429313659668,114.16600036621094,7.0710248947143555
2020-04-15,68.72563934326172,163.2698974609375,62.34968185424805,115.38400268554688,6.993579387664795
2020-04-16,69.27173614501953,168.17144775390625,62.35612487792969,120.40950012207031,7.338725566864014
2020-04-17,68.3318099975586,169.6533203125,63.42578887939453,118.75,7.279459476470947
2020-04-20,66.9134521484375,166.2906494140625,62.54059600830078,119.68049621582031,7.148223876953125
2020-04-21,64.84514617919922,159.41334533691406,60.111183166503906,116.40599822998047,6.711434841156006
2020-04-22,66.71290588378906,164.8277587890625,62.404727935791016,118.17449951171875,7.1258111000061035
2020-04-23,66.45437622070312,162.8330078125,63.03749465942383,119.97250366210938,7.072518825531006
2020-04-24,68.3729019165039,165.8061981201172,63.30677795410156,120.51100158691406,7.211474418640137
2020-04-27,68.42121887207031,165.33123779296875,63.022125244140625,118.80000305175781,7.397994518280029
2020-04-28,67.31216430664062,161.3036346435547,61.124305725097656,115.7040023803711,7.255551815032959
2020-04-29,69.52303314208984,168.5418701171875,66.55889129638672,118.635498046875,7.4323601722717285
2020-04-30,70.98969268798828,170.23275756835938,66.78304290771484,123.69999694824219,7.278461456298828
2020-05-01,69.84680938720703,165.8252410888672,65.3260726928711,114.302001953125,7.041890621185303
2020-05-04,70.8350601196289,169.88131713867188,65.602783203125,115.79949951171875,7.253809928894043
2020-05-05,71.898193359375,171.70509338378906,66.89808654785156,115.88999938964844,7.314819812774658
2020-05-06,72.63997650146484,173.39593505859375,66.72006225585938,117.56300354003906,7.415674686431885
2020-05-07,73.39147186279297,174.40289306640625,67.90279388427734,118.38050079345703,7.591983795166016
2020-05-08,75.1383056640625,175.42874145507812,68.64961242675781,118.98049926757812,7.78198766708374
2020-05-11,76.32061767578125,177.3855438232422,69.60421752929688,120.44999694824219,8.033998489379883
2020-05-12,75.44841766357422,173.36741638183594,68.19537353515625,117.84750366210938,7.772027492523193
2020-05-13,74.53743743896484,170.74571228027344,66.86387634277344,118.39600372314453,7.74961519241333
2020-05-14,74.995361328125,171.4866485595703,67.28687286376953,119.44249725341797,7.999136924743652
2020-05-15,74.5519790649414,173.98489379882812,68.09022521972656,120.48899841308594,8.457587242126465
2020-05-18,76.30850982666016,175.6472625732422,68.69127655029297,121.31300354003906,8.716076850891113
2020-05-19,75.86756134033203,174.4313507080078,68.15668487548828,122.46649932861328,8.77110767364502
2020-05-20,77.3430404663086,176.85086059570312,69.88043975830078,124.89700317382812,8.934968948364258
2020-05-21,76.76641082763672,174.72665405273438,69.76092529296875,122.33699798583984,8.74097728729248
2020-05-22,77.26065826416016,174.8028564453125,70.082763671875,121.84400177001953,8.990998268127441
2020-05-26,76.73735046386719,172.9549102783203,70.48593139648438,121.09300231933594,8.683700561523438
2020-05-27,77.07170867919922,173.1835174560547,70.43186950683594,120.51950073242188,8.491957664489746
2020-05-28,77.10562133789062,172.79293823242188,70.33072662353516,120.05500030517578,8.453853607177734
2020-05-29,77.03050231933594,174.55517578125,71.08846282958984,122.11849975585938,8.840836524963379
2020-06-01,77.97783660888672,174.15512084960938,71.15540313720703,123.552001953125,8.771856307983398
2020-06-02,78.33881378173828,176.13644409179688,71.52436065673828,123.62049865722656,8.790782928466797
2020-06-03,78.77008056640625,176.5650634765625,71.37259674072266,123.91999816894531,8.735251426696777
2020-06-04,78.0916976928711,174.2408447265625,70.13533020019531,123.02999877929688,8.736246109008789
2020-06-05,80.31580352783203,178.31771850585938,71.4107894897461,124.1500015258789,8.889216423034668
2020-06-08,80.79067993164062,179.42276000976562,71.80850219726562,126.2030029296875,8.774615287780762
2020-06-09,83.34190368652344,180.79440307617188,72.00885009765625,130.04299926757812,9.014782905578613
2020-06-10,85.4860610961914,187.5004119873047,72.63467407226562,132.37249755859375,9.334425926208496
2020-06-11,81.38184356689453,177.43190002441406,69.5204086303711,127.89800262451172,8.76589584350586
2020-06-12,82.0844497680664,178.83212280273438,70.06690979003906,127.2509994506836,8.901674270629883
2020-06-15,83.09960174560547,179.97518920898438,70.4546890258789,128.63400268554688,9.142091751098633
2020-06-16,85.30193328857422,184.38555908203125,71.73065185546875,130.7635040283203,9.037201881408691
2020-06-17,85.18321228027344,185.0237579345703,72.03166198730469,132.0489959716797,9.20412540435791
2020-06-18,85.21714782714844,187.0050506591797,71.11820220947266,132.69900512695312,9.18619155883789
2020-06-19,84.73015594482422,185.89053344726562,70.64810180664062,133.75050354003906,9.229291915893555
2020-06-22,86.94702911376953,191.0534210205078,71.93842315673828,135.6909942626953,9.493874549865723
2020-06-23,88.8028793334961,192.32980346679688,72.59896087646484,138.2205047607422,9.417387962341309
2020-06-24,87.23533630371094,188.4529266357422,71.04779815673828,136.72000122070312,9.203628540039062
2020-06-25,88.39342498779297,190.8342742919922,71.46435546875,137.72900390625,9.457250595092773
2020-06-26,85.67745971679688,187.01455688476562,67.56855010986328,134.64349365234375,9.123406410217285
2020-06-29,87.65204620361328,189.02447509765625,69.28585815429688,134.0189971923828,9.16825008392334
2020-06-30,88.38374328613281,193.8538818359375,70.32129669189453,137.9409942626953,9.464971542358398
2020-07-01,88.21656799316406,194.98739624023438,71.50897216796875,143.93499755859375,9.497115135192871
2020-07-02,88.21656799316406,196.4734344482422,72.89402770996094,144.51499938964844,9.579080581665039
2020-07-06,90.57637023925781,200.70274353027344,74.36785125732422,152.8520050048828,9.805295944213867
2020-07-07,90.29533386230469,198.36903381347656,73.88534545898438,150.00599670410156,9.837682723999023
2020-07-08,92.39830780029297,202.73167419433594,74.56372833251953,154.0554962158203,10.180746078491211
2020-07-09,92.79566192626953,204.15098571777344,75.31055450439453,159.13150024414062,10.472734451293945
2020-07-10,92.95799255371094,203.53182983398438,76.31971740722656,160.0,10.44308853149414
2020-07-13,92.5291519165039,197.2449951171875,74.99171447753906,155.1999969482422,10.017560005187988
2020-07-14,94.06037139892578,198.46426391601562,75.41966247558594,154.1999969482422,10.341188430786133
2020-07-15,94.70724487304688,198.16893005371094,75.22228240966797,150.44349670410156,10.1919584274292
2020-07-16,93.54188537597656,194.24444580078125,75.12508392333984,149.9949951171875,10.099775314331055
2020-07-17,93.35289001464844,193.25381469726562,75.22080993652344,148.09849548339844,10.166295051574707
2020-07-20,95.32022857666016,201.56002807617188,77.55104064941406,159.8419952392578,10.474477767944336
2020-07-21,94.00463104248047,198.84524536132812,77.15828704833984,156.9145050048828,10.29286003112793
2020-07-22,94.26871490478516,201.70289611816406,77.60112762451172,154.99549865722656,10.402727127075195
2020-07-23,89.97793579101562,192.92991638183594,75.21583557128906,149.32749938964844,10.094792366027832
2020-07-24,89.75505065917969,191.74880981445312,74.79234313964844,150.44549560546875,10.159319877624512
2020-07-27,91.88225555419922,194.1777801513672,75.84464263916016,152.760498046875,10.385539054870605
2020-07-28,90.37285614013672,192.4346160888672,74.56622314453125,150.01649475097656,10.18024730682373
2020-07-29,92.10515594482422,194.37779235839844,75.55107879638672,151.67649841308594,10.429381370544434
2020-07-30,93.21965789794922,194.22540283203125,76.2879867553711,152.593994140625,10.577373504638672
2020-07-31,102.97869873046875,195.28271484375,73.78765106201172,158.23399353027344,10.578119277954102
2020-08-03,105.57349395751953,206.26564025878906,73.53028106689453,155.59449768066406,10.972251892089844
2020-08-04,106.27854919433594,203.16983032226562,73.06114959716797,156.94149780273438,11.18900203704834
2020-08-05,106.66375732421875,202.83644104003906,73.34827423095703,160.25149536132812,11.24779987335205
2020-08-06,110.38516998291016,206.08465576171875,74.63067626953125,161.25,11.296382904052734
2020-08-07,107.87550354003906,202.39825439453125,74.30436706542969,158.3730010986328,11.160849571228027
2020-08-10,109.4434585571289,198.36903381347656,74.22750854492188,157.4080047607422,11.126468658447266
2020-08-11,106.18859100341797,193.7300567626953,73.42018127441406,154.0334930419922,10.812561988830566
2020-08-12,109.71773529052734,199.264404296875,74.7442398071289,158.11199951171875,11.400773048400879
2020-08-13,111.65945434570312,198.79762268066406,75.21087646484375,158.05099487304688,11.403510093688965
2020-08-14,111.5599136352539,198.98812866210938,74.61481475830078,157.4010009765625,11.524091720581055
2020-08-17,111.26868438720703,200.30267333984375,75.1905517578125,159.12049865722656,12.294425964355469
2020-08-18,112.19584655761719,201.4552459716797,77.15132904052734,165.62449645996094,12.218438148498535
2020-08-19,112.33663177490234,200.23306274414062,76.59742736816406,163.0240020751953,12.096611022949219
2020-08-20,114.82933807373047,204.8927459716797,78.16646575927734,164.86849975585938,12.099102973937988
2020-08-21,120.74677276611328,203.40313720703125,78.13274383544922,164.23599243164062,12.639729499816895
2020-08-24,122.19093322753906,204.04290771484375,78.60780334472656,165.3730010986328,12.67635440826416
2020-08-25,121.18852233886719,206.69740295410156,79.63433074951172,167.32449340820312,12.706002235412598
2020-08-26,122.83654022216797,211.16612243652344,81.53263092041016,172.09249877929688,12.728922843933105
2020-08-27,121.36813354492188,216.35096740722656,80.75853729248047,170.0,12.584670066833496
2020-08-28,121.17152404785156,218.57579040527344,81.299560546875,170.08999633789062,13.102378845214844
2020-08-31,125.28071594238281,215.348388671875,80.8086166381836,172.54800415039062,13.328348159790039
2020-09-01,130.27093505859375,217.0098419189453,82.07563781738281,174.95599365234375,13.777424812316895
2020-09-02,127.57197570800781,221.19212341308594,85.16561889648438,176.57249450683594,14.301268577575684
2020-09-03,117.35844421386719,207.4899444580078,80.80763244628906,168.39999389648438,12.974465370178223
2020-09-04,117.43610382080078,204.57765197753906,78.41243743896484,164.7310028076172,12.5827054977417
2020-09-08,109.53327178955078,193.51084899902344,75.55553436279297,157.49200439453125,11.875442504882812
2020-09-09,113.90215301513672,201.75125122070312,76.72736358642578,163.4304962158203,12.674912452697754
2020-09-10,110.1837387084961,196.0984649658203,75.67703247070312,158.7554931640625,12.27293586730957
2020-09-11,108.73712158203125,194.8190155029297,75.16676330566406,155.81100463867188,12.126148223876953
2020-09-14,111.9992446899414,196.13671875,74.82308197021484,155.14849853515625,12.831665992736816
2020-09-15,112.17400360107422,199.35459899902344,76.12680053710938,157.80650329589844,12.950042724609375
2020-09-16,108.86334228515625,195.79298400878906,74.98474884033203,153.90499877929688,12.475043296813965
2020-09-17,107.12548065185547,193.74960327148438,73.74251556396484,150.43649291992188,12.42420482635498
2020-09-18,103.72745513916016,191.34336853027344,71.95974731445312,147.74549865722656,12.1508207321167
2020-09-21,106.87307739257812,193.39627075195312,70.92084503173828,148.02349853515625,12.477787017822266
2020-09-22,108.55266571044922,198.05596923828125,72.39266967773438,156.44949340820312,12.597906112670898
2020-09-23,103.99930572509766,191.53433227539062,69.891845703125,149.9929962158203,12.085527420043945
2020-09-24,105.0672607421875,194.01690673828125,70.55982208251953,150.989501953125,12.309069633483887
2020-09-25,109.00897979736328,198.43792724609375,71.36317443847656,154.75650024414062,12.833161354064941
2020-09-28,111.61090087890625,199.98480224609375,72.33515167236328,158.70249938964844,12.993904113769531
2020-09-29,110.7662582397461,197.90321350097656,72.70012664794922,157.24400329589844,13.184051513671875
2020-09-30,112.43614959716797,200.8346405029297,72.67931365966797,157.43649291992188,13.487841606140137
2020-10-01,113.38760375976562,202.8684539794922,73.78516387939453,161.06300354003906,13.571575164794922
2020-10-02,109.7274169921875,196.88150024414062,72.18340301513672,156.25,13.02106761932373
2020-10-05,113.10604095458984,200.88235473632812,73.53374481201172,159.9600067138672,13.5994873046875
2020-10-06,109.86334991455078,196.61415100097656,71.95628356933594,154.9980010986328,13.693190574645996
2020-10-07,111.72740936279297,200.35714721679688,72.35896301269531,159.7845001220703,13.919971466064453
2020-10-08,111.62060546875,201.0733184814453,73.5634994506836,159.52749633789062,13.795121192932129
2020-10-09,113.56236267089844,206.0671844482422,74.90342712402344,164.33250427246094,13.7193603515625
2020-10-12,120.7759017944336,211.40481567382812,77.5882339477539,172.14649963378906,14.181146621704102
2020-10-13,117.57202911376953,212.79893493652344,77.71122741699219,172.18150329589844,14.203328132629395
2020-10-14,117.65941619873047,210.88922119140625,77.53120422363281,168.1855010986328,14.050811767578125
2020-10-15,117.19339752197266,209.74339294433594,77.13597106933594,166.9324951171875,13.925955772399902
2020-10-16,115.55261993408203,209.74339294433594,77.74246215820312,163.635498046875,13.767956733703613
2020-10-19,112.6011962890625,204.5489959716797,75.87042999267578,160.36050415039062,13.455195426940918
2020-10-20,114.08662414550781,204.95956420898438,76.91826629638672,160.85049438476562,13.60247802734375
2020-10-21,113.46526336669922,205.10279846191406,78.64945983886719,159.2469940185547,13.482110977172852
2020-10-22,112.3779067993164,205.18875122070312,79.67449951171875,158.82000732421875,13.318875312805176
2020-10-23,111.68859100341797,206.46826171875,80.97970581054688,160.22000122070312,13.547404289245605
2020-10-26,111.69829559326172,200.5959014892578,78.5651626586914,160.3520050048828,13.099817276000977
2020-10-27,113.20313262939453,203.62277221679688,79.28868103027344,164.31649780273438,13.354513168334961
2020-10-28,107.96044158935547,193.52999877929688,74.92078399658203,158.13900756835938,12.587188720703125
2020-10-29,111.96043395996094,195.47787475585938,77.20588684082031,160.55050659179688,12.982939720153809
2020-10-30,105.6885986328125,193.32943725585938,80.14311218261719,151.8074951171875,12.49448299407959
2020-11-02,105.60123443603516,193.19577026367188,80.55026245117188,150.2239990234375,12.541085243225098
2020-11-03,107.22258758544922,197.1106719970703,81.60850524902344,152.42050170898438,12.9784517288208
2020-11-04,111.60118103027344,206.6210479736328,86.57695007324219,162.05799865722656,13.750761985778809
2020-11-05,115.56236267089844,213.20953369140625,87.40261840820312,166.10000610351562,14.115358352661133
2020-11-06,115.43104553222656,213.62008666992188,87.26525115966797,165.56849670410156,14.516087532043457
2020-11-09,113.1261215209961,208.53073120117188,87.34905242919922,157.18699645996094,13.587775230407715
2020-11-10,112.7857437133789,201.48391723632812,86.17377471923828,151.75100708007812,12.729737281799316
2020-11-11,116.20906829833984,206.7738037109375,86.64537811279297,156.8695068359375,13.375693321228027
2020-11-12,115.93675994873047,205.71389770507812,86.42668914794922,155.51400756835938,13.414321899414062
2020-11-13,115.98540496826172,206.73556518554688,87.88661193847656,156.4405059814453,13.255078315734863
2020-11-16,116.99684143066406,207.42311096191406,87.97439575195312,156.55299377441406,13.472639083862305
2020-11-17,116.11181640625,204.7781524658203,87.36095428466797,156.7830047607422,13.379934310913086
2020-11-18,114.7891616821289,202.0784454345703,86.3185806274414,155.2729949951172,13.386412620544434
2020-11-19,115.38240814208984,203.3612823486328,87.20773315429688,155.8509979248047,13.397875785827637
2020-11-20,114.11810302734375,201.41787719726562,86.10733032226562,154.97000122070312,13.046488761901855
2020-11-23,110.72393798828125,201.14974975585938,85.66993713378906,154.91949462890625,13.09857177734375
2020-11-24,112.00770568847656,204.73988342285156,87.47205352783203,155.9029998779297,12.916899681091309
2020-11-25,112.84407806396484,204.7493896484375,87.48345184326172,159.2534942626953,13.193023681640625
2020-11-27,113.38870239257812,206.0514373779297,88.6185531616211,159.76699829101562,13.219439506530762
2020-11-30,115.7811508178711,204.94090270996094,87.00094604492188,158.40199279785156,13.359247207641602
2020-12-01,119.35038757324219,206.98963928222656,89.03215026855469,161.00399780273438,13.347787857055664
2020-12-02,119.70050811767578,206.18545532226562,90.50052642822266,160.17649841308594,13.501798629760742
2020-12-03,119.5643310546875,205.1036834716797,90.34529876708984,159.3365020751953,13.357708930969238
2020-12-04,118.8932876586914,205.21853637695312,90.44051361083984,158.12899780273438,13.51949691772461
2020-12-07,120.35210418701172,205.1515350341797,90.10677337646484,157.89999389648438,13.56785774230957
2020-12-08,120.96482849121094,206.79815673828125,89.82410430908203,158.864501953125,13.311842918395996
2020-12-09,118.43620300292969,202.76768493652344,88.1643295288086,155.2100067138672,12.893791198730469
2020-12-10,119.85610961914062,201.5423126220703,87.65799713134766,155.07449340820312,12.93517017364502
2020-12-11,119.04891204833984,204.1654052734375,88.01258087158203,155.8209991455078,12.976055145263672
2020-12-14,118.43620300292969,205.0653533935547,86.89481353759766,157.84849548339844,13.270708084106445
2020-12-15,124.36871337890625,204.99830627441406,87.33220672607422,158.25599670410156,13.322312355041504
2020-12-16,124.30064392089844,209.92874145507812,87.13928985595703,162.04800415039062,13.204648971557617
2020-12-17,125.16619110107422,210.06277465820312,86.31212615966797,161.8040008544922,13.303118705749512
2020-12-18,123.18220520019531,209.2681427001953,85.60348510742188,160.08250427246094,13.234064102172852
2020-12-21,124.70909881591797,213.0975799560547,86.0170669555664,160.3090057373047,13.294140815734863
2020-12-22,128.25889587402344,214.38999938964844,85.30594635009766,160.3260040283203,13.240296363830566
2020-12-23,127.36412811279297,211.59457397460938,85.70316314697266,159.2635040283203,12.972065925598145
2020-12-24,128.34642028808594,213.25071716308594,85.99723052978516,158.63450622558594,12.956610679626465
2020-12-28,132.93682861328125,215.36651611328125,87.97091674804688,164.197998046875,12.863131523132324
2020-12-29,131.16677856445312,214.59104919433594,87.16757202148438,166.10000610351562,12.906254768371582
2020-12-30,130.04835510253906,212.2263641357422,86.10087585449219,164.29249572753906,13.108175277709961
2020-12-31,129.046630859375,212.93484497070312,86.9136734008789,162.84649658203125,13.017682075500488
2021-01-04,125.85667419433594,208.40655517578125,85.59903717041016,159.3314971923828,13.076016426086426
2021-01-05,127.4127426147461,208.60760498046875,86.28932189941406,160.92550659179688,13.366436004638672
2021-01-06,123.12384033203125,203.198486328125,85.43785095214844,156.91900634765625,12.578442573547363
2021-01-07,127.32523345947266,208.98095703125,87.98975372314453,158.10800170898438,13.30585765838623
2021-01-08,128.4242706298828,210.25424194335938,89.15463256835938,159.13499450683594,13.238797187805176
2021-01-11,125.43849182128906,208.21505737304688,87.09467315673828,155.7104949951172,13.582565307617188
2021-01-12,125.26346588134766,205.7642059326172,86.15938568115234,156.04150390625,13.446205139160156
2021-01-13,127.29606628417969,207.11407470703125,86.64637756347656,158.29449462890625,13.493073463439941
2021-01-14,125.37043762207031,203.93565368652344,85.83656311035156,156.37350463867188,13.162521362304688
2021-01-15,123.64901733398438,203.58145141601562,85.67290496826172,155.21249389648438,12.822745323181152
2021-01-19,124.32008361816406,207.20982360839844,88.49210357666016,156.03799438476562,12.98802375793457
2021-01-20,128.40472412109375,214.77293395996094,93.23294067382812,163.16900634765625,13.327548027038574
2021-01-21,133.11183166503906,215.37608337402344,93.43524932861328,165.34950256347656,13.827862739562988
2021-01-22,135.25149536132812,216.31430053710938,93.85231018066406,164.6114959716797,13.673308372497559
2021-01-25,138.99574279785156,219.74163818359375,93.93760681152344,164.6999969482422,13.614224433898926
2021-01-26,139.2292022705078,222.4222412109375,94.61550903320312,166.30650329589844,13.396846771240234
2021-01-27,138.15933227539062,222.9678955078125,90.20147705078125,161.62899780273438,12.880826950073242
2021-01-28,133.32582092285156,228.74072265625,91.90043640136719,161.88099670410156,13.013697624206543
2021-01-29,128.33668518066406,222.0679931640625,90.61903381347656,160.30999755859375,12.952621459960938
2021-02-01,130.45684814453125,229.43003845214844,93.87760162353516,167.1439971923828,13.199166297912598
2021-02-02,131.2834930419922,229.29603576660156,95.16942596435547,169.0,13.518000602722168
2021-02-03,130.2623291015625,232.63719177246094,102.10014343261719,165.62649536132812,13.491825103759766
2021-02-04,133.6175537109375,231.6893768310547,101.83979797363281,166.5500030517578,13.625192642211914
2021-02-05,133.20361328125,231.87127685546875,103.58537292480469,167.6074981689453,13.552153587341309
2021-02-08,133.34970092773438,232.12973022460938,103.37162780761719,166.14700317382812,14.397480010986328
2021-02-09,132.47315979003906,233.37435913085938,102.91888427734375,165.25,14.222482681274414
2021-02-10,131.86927795410156,232.4648895263672,103.46882629394531,164.32899475097656,14.72204875946045
2021-02-11,131.61598205566406,234.06365966796875,103.58140563964844,163.10650634765625,15.207159996032715
2021-02-12,131.8498077392578,234.54232788085938,103.89282989501953,163.885498046875,14.918487548828125
2021-02-16,129.7264404296875,233.3073272705078,104.66991424560547,163.44749450683594,15.286431312561035
2021-02-17,127.43755340576172,234.324462890625,105.06265258789062,165.4320068359375,14.86339282989502
2021-02-18,126.33694458007812,233.9310302734375,104.42740631103516,166.4114990234375,14.786613464355469
2021-02-19,126.4927978515625,231.22508239746094,103.5843734741211,162.4949951171875,14.883834838867188
2021-02-22,122.72344970703125,225.02635192871094,101.87104034423828,159.03700256347656,14.314718246459961
2021-02-23,122.58707427978516,223.8364715576172,102.1616439819336,159.72500610351562,14.101577758789062
2021-02-24,122.09033203125,225.06471252441406,103.33642578125,157.97650146484375,14.457557678222656
2021-02-25,117.84371185302734,219.72955322265625,99.97123718261719,152.85800170898438,13.269464492797852
2021-02-26,118.1067123413086,222.9824676513672,100.26679229736328,154.64649963378906,13.675301551818848
2021-03-01,124.4668960571289,227.35804748535156,102.63471221923828,157.3070068359375,13.802186012268066
2021-03-02,121.86634063720703,224.41220092773438,102.37783813476562,154.72650146484375,13.36793041229248
2021-03-03,118.88587951660156,218.3573760986328,99.74610137939453,150.25,12.76815128326416
2021-03-04,117.0060806274414,217.56094360351562,100.86287689208984,148.8784942626953,12.334890365600586
2021-03-05,118.26252746582031,222.2340087890625,103.99398040771484,150.0229949951172,12.425882339477539
2021-03-08,113.33411407470703,218.19427490234375,99.55220031738281,147.59750366210938,11.560112953186035
2021-03-09,117.94111633300781,224.3258514404297,101.18173217773438,153.1425018310547,12.488773345947266
2021-03-10,116.86000061035156,223.02085876464844,100.97493743896484,152.8820037841797,12.436903953552246
2021-03-11,118.78849792480469,227.5404052734375,104.16606903076172,155.67950439453125,12.960832595825195
2021-03-12,117.88267517089844,226.2161865234375,101.65978240966797,154.47450256347656,12.823677062988281
2021-03-15,120.76570892333984,225.31417846679688,101.87996673583984,154.08399963378906,13.158085823059082
2021-03-16,122.30464172363281,228.09690856933594,103.34040069580078,154.59300231933594,13.257833480834961
2021-03-17,121.51570129394531,227.4540252685547,103.25758361816406,156.7864990234375,13.307710647583008
2021-03-18,117.39568328857422,221.38961791992188,100.23853302001953,151.39950561523438,12.69051456451416
2021-03-19,116.8697280883789,221.03456115722656,100.5172119140625,153.7480010986328,12.813455581665039
2021-03-22,120.18132019042969,226.4464569091797,100.70218658447266,155.5435028076172,13.153098106384277
2021-03-23,119.3534164428711,227.97218322753906,101.22984313964844,156.875,13.03788948059082
2021-03-24,116.96713256835938,225.93789672851562,100.79344177246094,154.35350036621094,12.611214637756348
2021-03-25,117.45413208007812,222.94407653808594,100.78997802734375,152.31300354003906,12.503734588623047
2021-03-26,118.05799102783203,226.91665649414062,100.40664672851562,152.60150146484375,12.806968688964844
2021-03-29,118.23332977294922,225.72679138183594,101.45099639892578,153.7864990234375,12.915695190429688
2021-03-30,116.78206634521484,222.47389221191406,101.48472595214844,152.76449584960938,12.839388847351074
2021-03-31,118.97355651855469,226.23536682128906,102.2806625366211,154.70399475097656,13.314691543579102
2021-04-01,119.80147552490234,232.5492706298828,105.61608123779297,158.0500030517578,13.77702808380127
2021-04-05,122.62602996826172,238.9975128173828,110.03853607177734,161.3365020751953,13.952333450317383
2021-04-06,122.927978515625,237.83644104003906,109.55751037597656,161.1909942626953,13.826651573181152
2021-04-07,124.57404327392578,239.7939453125,111.0338134765625,163.96949768066406,14.107940673828125
2021-04-08,126.97007751464844,243.0084991455078,111.59913635253906,164.96499633789062,14.281004905700684
2021-04-09,129.5414276123047,245.5033416748047,112.60283660888672,168.61000061035156,14.363794326782227
2021-04-12,127.82714080810547,245.56092834472656,111.31101989746094,168.96949768066406,15.170762062072754
2021-04-13,130.93417358398438,248.03656005859375,111.79749298095703,170.0,15.640080451965332
2021-04-14,128.59661865234375,245.2538299560547,111.17662048339844,166.64999389648438,15.238593101501465
2021-04-15,131.00238037109375,249.00572204589844,113.32585906982422,168.95449829101562,16.0966796875
2021-04-16,130.67124938964844,250.19561767578125,113.20188903808594,169.9720001220703,15.872495651245117
2021-04-19,131.33351135253906,248.27647399902344,113.54951477050781,168.60049438476562,15.323128700256348
2021-04-20,129.64854431152344,247.81588745117188,113.01642608642578,166.7344970703125,15.133109092712402
2021-04-21,130.02838134765625,250.04202270507812,112.98368835449219,168.1009979248047,15.321882247924805
2021-04-22,128.50892639160156,246.7699432373047,111.70276641845703,165.45199584960938,14.812914848327637
2021-04-23,130.8271026611328,250.58900451660156,114.05384826660156,167.04400634765625,15.226874351501465
2021-04-26,131.21669006347656,250.97283935546875,114.54975128173828,170.4499969482422,15.439087867736816
2021-04-27,130.89524841308594,251.37583923339844,113.61002349853516,170.8715057373047,15.343079566955566
2021-04-28,130.1063232421875,244.2655029296875,116.98512268066406,172.9250030517578,15.238343238830566
2021-04-29,130.00892639160156,242.2983856201172,118.65729522705078,173.5655059814453,15.286223411560059
2021-04-30,128.04147338867188,241.9817657470703,116.71038818359375,173.37100219726562,14.971762657165527
2021-05-03,129.0933837890625,241.6746368408203,116.19366455078125,169.32449340820312,14.799450874328613
2021-05-04,124.52534484863281,237.76930236816406,114.39601135253906,165.593505859375,14.315167427062988
2021-05-05,124.7688217163086,236.5026397705078,114.78976440429688,163.52699279785156,14.422149658203125
2021-05-06,126.3662109375,239.6308135986328,115.90950775146484,165.31849670410156,14.486488342285156
2021-05-07,127.03939056396484,242.25042724609375,116.63253021240234,164.58050537109375,14.775012969970703
2021-05-10,123.76119995117188,237.18392944335938,113.64820098876953,159.52450561523438,14.229884147644043
2021-05-11,122.8440933227539,236.27235412597656,112.57258605957031,161.19549560546875,14.270282745361328
2021-05-12,119.7805404663086,229.3347930908203,109.11070251464844,157.5970001220703,13.723910331726074
2021-05-13,121.9269790649414,233.20176696777344,110.53839874267578,158.07350158691406,13.630891799926758
2021-05-14,124.34658813476562,238.11468505859375,112.98518371582031,161.14500427246094,14.207192420959473
2021-05-17,123.19530487060547,235.26483154296875,113.50785064697266,163.51950073242188,14.12988567352295
2021-05-18,121.80989074707031,233.24972534179688,112.1961898803711,161.61399841308594,13.980514526367188
2021-05-19,121.6537857055664,233.82681274414062,112.64400482177734,161.58999633789062,14.030387878417969
2021-05-20,124.21000671386719,237.0583953857422,114.4019775390625,162.38400268554688,14.575763702392578
2021-05-21,122.37579345703125,235.7984619140625,113.7662124633789,160.1540069580078,14.954058647155762
2021-05-24,124.00511932373047,241.19403076171875,117.08429718017578,162.24949645996094,15.572752952575684
2021-05-25,123.80996704101562,242.0980682373047,117.175048828125,162.95249938964844,15.608409881591797
2021-05-26,123.76119995117188,241.87686157226562,118.0399169921875,163.25799560546875,15.660528182983398
2021-05-27,122.22943878173828,239.7802276611328,117.16561889648438,161.5054931640625,15.449063301086426
2021-05-28,121.57573699951172,240.13604736328125,116.87651824951172,161.15350341796875,16.203659057617188
2021-06-01,121.2537841796875,237.94320678710938,118.08303833007812,160.9324951171875,16.223609924316406
2021-06-02,122.0147705078125,237.84706115722656,117.5578842163086,161.69949340820312,16.736068725585938
2021-06-03,120.53179168701172,236.31781005859375,116.41681671142578,159.35049438476562,16.92708396911621
2021-06-04,122.82456970214844,241.20364379882812,118.69746398925781,160.31100463867188,17.534055709838867
2021-06-07,122.8343276977539,244.10816955566406,119.13038635253906,159.90049743652344,17.574705123901367
2021-06-08,123.65389251708984,242.9156036376953,118.93897247314453,163.20550537109375,17.413114547729492
2021-06-09,124.03436279296875,243.89659118652344,119.41007232666016,164.0574951171875,17.31857681274414
2021-06-10,123.03919982910156,247.40707397460938,120.75843048095703,167.4824981689453,17.385175704956055
2021-06-11,124.2490234375,248.03224182128906,120.51394653320312,167.3415069580078,17.78451156616211
2021-06-14,127.30281066894531,249.95578002929688,121.44178771972656,169.19349670410156,17.97756576538086
2021-06-15,126.48328399658203,248.48426818847656,120.4241943359375,169.156494140625,17.74784278869629
2021-06-16,126.98082733154297,247.54171752929688,119.78250122070312,170.7624969482422,17.76953887939453
2021-06-17,128.58090209960938,250.92713928222656,120.74553680419922,174.46200561523438,18.614608764648438
2021-06-18,127.28330993652344,249.5133514404297,119.12641906738281,174.34500122070312,18.596149444580078
2021-06-21,129.07847595214844,252.5911102294922,120.81398010253906,172.697998046875,18.385135650634766
2021-06-22,130.7175750732422,255.36093139648438,121.32772064208984,175.27200317382812,18.84358024597168
2021-06-23,130.4443817138672,255.13018798828125,121.12589263916016,175.1909942626953,19.013689041137695
2021-06-24,130.1614532470703,256.495849609375,121.49583435058594,172.45399475097656,19.161603927612305
2021-06-25,129.86875915527344,254.8897247314453,121.50426483154297,170.072998046875,18.98750877380371
2021-06-28,131.4980926513672,258.4482116699219,121.53155517578125,172.1945037841797,19.939329147338867
2021-06-29,133.01034545898438,261.0258483886719,121.27020263671875,172.40699768066406,19.98098373413086
2021-06-30,133.62506103515625,260.5449523925781,121.08869934082031,172.00799560546875,19.956785202026367
2021-07-01,133.92745971679688,261.21820068359375,121.44078826904297,171.64849853515625,20.165802001953125
2021-07-02,136.55197143554688,267.03692626953125,124.23072814941406,175.5489959716797,20.44017219543457
2021-07-06,138.5618133544922,267.0465393066406,125.15558624267578,183.78700256347656,20.651193618774414
2021-07-07,141.0497589111328,269.2297058105469,125.437255859375,184.82899475097656,20.325193405151367
2021-07-08,139.75210571289062,266.8157043457031,124.01898193359375,186.57049560546875,19.857261657714844
2021-07-09,141.57656860351562,267.3157958984375,124.48960876464844,185.9669952392578,20.00442886352539
2021-07-12,140.98143005371094,266.7195739746094,125.93465423583984,185.92750549316406,20.465620040893555
2021-07-13,142.0936737060547,270.2397155761719,126.29764556884766,183.8679962158203,20.203716278076172
2021-07-14,145.5181884765625,271.71112060546875,127.18580627441406,184.08399963378906,19.796152114868164
2021-07-15,144.8645477294922,270.2878112792969,125.96390533447266,181.55999755859375,18.922901153564453
2021-07-16,142.82537841796875,270.0184020996094,125.92919921875,178.68150329589844,18.119489669799805
2021-07-19,138.9813232421875,266.4213562011719,123.55680084228516,177.47950744628906,18.736831665039062
2021-07-20,142.59121704101562,268.6431579589844,125.1749267578125,178.6595001220703,18.5694637298584
2021-07-21,141.8594970703125,270.6435852050781,126.50344848632812,179.25999450683594,19.365638732910156
2021-07-22,143.22544860839844,275.2024230957031,127.3687973022461,181.90150451660156,19.54921531677246
2021-07-23,144.94256591796875,278.5975341796875,131.92465209960938,182.83200073242188,19.5132999420166
2021-07-26,145.3621063232422,278.0011901855469,132.936279296875,184.99099731445312,19.249902725219727
2021-07-27,143.19613647460938,275.5871276855469,130.81878662109375,181.3195037841797,19.164098739624023
2021-07-28,141.44973754882812,275.2793273925781,134.97840881347656,181.51600646972656,19.45842742919922
2021-07-29,142.0936737060547,275.548583984375,134.66448974609375,179.99600219726562,19.6170597076416
2021-07-30,142.30831909179688,274.0194091796875,133.62210083007812,166.37950134277344,19.454437255859375
2021-08-02,141.97657775878906,273.9328308105469,133.74908447265625,166.57400512695312,19.704862594604492
2021-08-03,143.7717742919922,276.1448974609375,134.51820373535156,168.31199645996094,19.76971435546875
2021-08-04,143.3717803955078,275.5581970214844,134.01785278320312,167.73599243164062,20.2276668548584
2021-08-05,143.47906494140625,278.453125,135.13461303710938,168.79949951171875,20.589828491210938
2021-08-06,142.7951202392578,278.3954772949219,134.62579345703125,167.2469940185547,20.3194522857666
2021-08-09,142.74624633789062,277.30865478515625,135.79067993164062,167.093505859375,20.248615264892578
2021-08-10,142.26748657226562,275.49090576171875,135.68557739257812,166.03399658203125,19.890438079833984
2021-08-11,142.52151489257812,275.9814147949219,135.16188049316406,164.60549926757812,19.653974533081055
2021-08-12,145.48214721679688,278.73211669921875,136.06939697265625,165.1750030517578,19.859506607055664
2021-08-13,145.6873779296875,281.65582275390625,136.5985107421875,164.69850158691406,20.141857147216797
2021-08-16,147.66110229492188,283.3389892578125,137.17575073242188,164.94949340820312,19.90440559387207
2021-08-17,146.7523956298828,281.8771057128906,135.54124450683594,162.09800720214844,19.413530349731445
2021-08-18,143.01007080078125,280.1522216796875,134.33871459960938,160.06100463867188,18.996482849121094
2021-08-19,143.34230041503906,285.9724426269531,134.56781005859375,159.3874969482422,19.75275230407715
2021-08-20,144.79820251464844,293.28631591796875,136.30294799804688,159.99749755859375,20.768428802490234
2021-08-23,146.2833709716797,293.56573486328125,138.89353942871094,163.2935028076172,21.907814025878906
2021-08-24,146.1954803466797,291.60968017578125,140.10354614257812,165.28900146484375,21.74319076538086
2021-08-25,144.9643096923828,291.0218505859375,140.91433715820312,164.95899963378906,22.1622314453125
2021-08-26,144.1630859375,288.2081298828125,140.28106689453125,165.8000030517578,22.017560958862305
2021-08-27,145.19879150390625,288.81512451171875,142.82357788085938,167.48150634765625,22.58426856994629
2021-08-30,149.6153564453125,292.5443115234375,143.4052734375,171.07850646972656,22.636146545410156
2021-08-31,148.3548583984375,290.8965759277344,143.51136779785156,173.5395050048828,22.337778091430664
2021-09-01,149.0193328857422,290.8484191894531,144.025146484375,173.9499969482422,22.393657684326172
2021-09-02,150.1332244873047,290.19305419921875,142.1124725341797,173.156005859375,22.348751068115234
2021-09-03,150.76832580566406,290.1835021972656,142.5612335205078,173.90249633789062,22.79481315612793
2021-09-07,153.1036376953125,289.2584533691406,143.09779357910156,175.46449279785156,22.614198684692383
2021-09-08,151.55982971191406,289.2872314453125,142.51312255859375,176.27499389648438,22.291868209838867
2021-09-09,150.54359436035156,286.43499755859375,142.3643798828125,174.20799255371094,22.130216598510742
2021-09-10,145.5603790283203,284.9510498046875,139.72119140625,173.45750427246094,22.430580139160156
2021-09-13,146.12704467773438,286.1844787597656,141.16575622558594,172.85850524902344,22.105270385742188
2021-09-14,144.7298126220703,288.8826599121094,141.3760223388672,172.5,22.19508171081543
2021-09-15,145.61898803710938,293.7296142578125,143.24559020996094,173.7895050048828,22.29386329650879
2021-09-16,145.3844451904297,294.11505126953125,142.43280029296875,174.41200256347656,22.19508171081543
2021-09-17,142.71693420410156,288.95965576171875,139.64584350585938,173.12600708007812,21.853797912597656
2021-09-20,139.6683807373047,283.5923156738281,137.5823974609375,167.7864990234375,21.068462371826172
2021-09-21,140.14712524414062,284.0741882324219,137.893310546875,167.18150329589844,21.201183319091797
2021-09-22,142.51171875,287.71661376953125,139.133544921875,169.00250244140625,21.894712448120117
2021-09-23,143.4693145751953,288.6609802246094,140.0584259033203,170.8000030517578,22.4345703125
2021-09-24,143.55722045898438,288.4585876464844,141.04922485351562,171.2760009765625,22.034420013427734
2021-09-27,142.04273986816406,283.46710205078125,139.9156036376953,170.2899932861328,21.61430549621582
2021-09-28,138.66197204589844,273.20452880859375,134.716552734375,165.79800415039062,20.655338287353516
2021-09-29,139.5608673095703,273.6670837402344,133.25218200683594,165.05599975585938,20.473718643188477
2021-09-30,138.26132202148438,271.6628112792969,132.58023071289062,164.2519989013672,20.67229461669922
2021-10-01,139.38497924804688,278.58160400390625,135.42372131347656,164.16299438476562,20.698246002197266
2021-10-04,135.955322265625,272.8094482421875,132.56385803222656,159.48899841308594,19.69037437438965
2021-10-05,137.88023376464844,278.25390625,134.90798950195312,161.0500030517578,20.407861709594727
2021-10-06,138.74984741210938,282.4456481933594,136.4373321533203,163.10049438476562,20.65633773803711
2021-10-07,140.0103302001953,284.1223449707031,138.08377075195312,165.1215057373047,21.030540466308594
2021-10-08,139.6292724609375,284.1223449707031,138.63967895507812,164.43099975585938,20.78705406188965
2021-10-11,139.5413360595703,283.5249328613281,137.77529907226562,162.31500244140625,20.651342391967773
2021-10-12,138.2711181640625,282.2239685058594,135.3305206298828,162.3665008544922,20.627391815185547
2021-10-13,137.68484497070312,285.52923583984375,136.45420837402344,164.21400451660156,20.894824981689453
2021-10-14,140.46958923339844,291.73492431640625,139.99395751953125,164.9929962158203,21.70012855529785
2021-10-15,141.5248565673828,293.141845703125,140.20919799804688,170.4510040283203,21.815879821777344
2021-10-18,143.19577026367188,296.10980224609375,141.6075897216797,172.33700561523438,22.17512321472168
2021-10-19,145.35513305664062,297.0155334472656,142.0628662109375,172.20750427246094,22.242979049682617
2021-10-20,145.8436737060547,296.22540283203125,140.6068878173828,170.7530059814453,22.056371688842773
2021-10-21,146.0586395263672,299.4534912109375,140.72293090820312,171.75050354003906,22.644128799438477
2021-10-22,145.2867431640625,297.91168212890625,136.43882751464844,166.77749633789062,22.678058624267578
2021-10-25,145.23789978027344,296.919189453125,136.3203125,166.01849365234375,23.117130279541016
2021-10-26,145.9022979736328,298.8271179199219,138.1665496826172,168.80349731445312,24.664857864379883
2021-10-27,145.44308471679688,311.4120178222656,145.01893615722656,169.62449645996094,24.3994197845459
2021-10-28,149.07794189453125,312.5489807128906,144.65345764160156,172.32850646972656,24.888391494750977
2021-10-29,146.37136840820312,319.55450439453125,146.83245849609375,168.6215057373047,25.51306915283203
2021-11-01,145.550537109375,317.3863525390625,142.3207244873047,165.90550231933594,25.772518157958984
2021-11-02,146.5863037109375,321.0096130371094,144.2403564453125,165.6374969482422,26.345308303833008
2021-11-03,148.02264404296875,321.8478698730469,145.39630126953125,169.1999969482422,26.541889190673828
2021-11-04,147.5048065185547,324.1991882324219,147.0521240234375,173.85000610351562,29.738134384155273
2021-11-05,148.03317260742188,323.8330383300781,147.6318359375,175.94949340820312,29.689237594604492
2021-11-08,147.21121215820312,324.7291259765625,147.80935668945312,174.44900512695312,30.7390193939209
2021-11-09,147.5732879638672,323.7269592285156,147.69778442382812,178.81149291992188,30.592327117919922
2021-11-10,144.7453155517578,318.7643127441406,144.69757080078125,174.1024932861328,29.396852493286133
2021-11-11,144.69638061523438,320.3350524902344,144.5716094970703,173.625,30.32589340209961
2021-11-12,146.77088928222656,324.46893310546875,147.45924377441406,176.25750732421875,30.32589340209961
2021-11-15,146.78067016601562,323.8426208496094,147.23507690429688,177.28399658203125,29.96165657043457
2021-11-16,147.75921630859375,327.15753173828125,146.663818359375,177.03500366210938,30.139280319213867
2021-11-17,150.19577026367188,327.3794860839844,146.83343505859375,177.4499969482422,29.19927215576172
2021-11-18,154.4817657470703,329.4549865722656,148.6102294921875,184.80299377441406,31.608177185058594
2021-11-19,157.104248046875,331.2313537597656,147.70571899414062,183.82850646972656,32.91542053222656
2021-11-22,157.5641632080078,328.06488037109375,145.1027374267578,178.6284942626953,31.888587951660156
2021-11-23,157.94581604003906,325.9893493652344,144.5869903564453,179.0019989013672,31.67902946472168
2021-11-24,158.4644012451172,326.2113952636719,144.9221954345703,179.02049255371094,32.60506820678711
2021-11-26,153.4445037841797,318.266357421875,141.0175018310547,175.22799682617188,31.436538696289062
2021-11-29,156.80091857910156,324.97564697265625,144.33753967285156,178.07850646972656,33.30558395385742
2021-11-30,161.75230407714844,319.14483642578125,140.73434448242188,175.35350036621094,32.60706329345703
2021-12-01,161.23367309570312,318.6524963378906,139.89527893066406,172.18600463867188,31.37252426147461
2021-12-02,160.2453155517578,318.0829162597656,141.79405212402344,171.8679962158203,32.062156677246094
2021-12-03,158.36654663085938,311.82720947265625,140.8374786376953,169.489501953125,30.632001876831055
2021-12-06,161.7718505859375,314.8970947265625,141.98150634765625,171.36849975585938,29.9773006439209
2021-12-07,167.50611877441406,323.3249206542969,146.06231689453125,176.1645050048828,32.36255645751953
2021-12-08,171.32240295410156,323.3731689453125,146.97177124023438,176.1580047607422,31.76274871826172
2021-12-09,170.81358337402344,321.5679016113281,146.4282684326172,174.17100524902344,30.42940330505371
2021-12-10,175.5985870361328,330.68109130859375,146.78829956054688,172.21200561523438,30.137985229492188
2021-12-13,171.96823120117188,327.6497497558594,144.63111877441406,169.5675048828125,28.105030059814453
2021-12-14,170.58847045898438,316.97265625,142.7273406982422,169.0915069580078,28.28068733215332
2021-12-15,175.4518585205078,323.064208984375,145.24057006835938,173.31500244140625,30.398468017578125
2021-12-16,168.56292724609375,313.65185546875,143.2609405517578,168.87100219726562,28.330585479736328
2021-12-17,167.46694946289062,312.5898742675781,140.56324768066406,170.0175018310547,27.745750427246094
2021-12-20,166.1068115234375,308.83453369140625,140.44622802734375,167.07899475097656,27.663911819458008
2021-12-21,169.27725219726562,315.95904541015625,142.2964324951172,170.41700744628906,29.01721954345703
2021-12-22,171.87037658691406,321.6643981933594,145.21478271484375,171.03700256347656,29.34157371520996
2021-12-23,172.4966583251953,323.1028747558594,145.71218872070312,171.06849670410156,29.58109474182129
2021-12-27,176.45973205566406,330.59417724609375,146.69406127929688,169.66949462890625,30.883499145507812
2021-12-28,175.4420623779297,329.4356994628906,145.4845733642578,170.66099548339844,30.261741638183594
2021-12-29,175.53013610839844,330.1116027832031,145.45281982421875,169.2010040283203,29.941373825073242
2021-12-30,174.3754425048828,327.57257080078125,145.00205993652344,168.64450073242188,29.527202606201172
2021-12-31,173.75897216796875,324.6764221191406,143.66461181640625,166.7169952392578,29.35254669189453
2022-01-03,178.1036376953125,323.1607971191406,143.802978515625,170.4044952392578,30.061141967773438
2022-01-04,175.84323120117188,317.61944580078125,143.21583557128906,167.52200317382812,29.231788635253906
2022-01-05,171.16580200195312,305.4267578125,136.64559936523438,164.35699462890625,27.54913902282715
2022-01-06,168.3085174560547,303.0133056640625,136.61834716796875,163.25399780273438,28.12200164794922
2022-01-07,168.474853515625,303.16778564453125,135.89382934570312,162.5540008544922,27.192848205566406
2022-01-10,168.4944305419922,303.3897705078125,137.53277587890625,161.48599243164062,27.34554672241211
2022-01-11,171.32240295410156,304.0752868652344,138.5905303955078,165.36199951171875,27.76171875
2022-01-12,171.76275634765625,307.2513122558594,140.2711639404297,165.20700073242188,27.94335174560547
2022-01-13,168.4944305419922,294.2476806640625,137.45098876953125,161.21400451660156,26.52218246459961
2022-01-14,169.3555450439453,299.46075439453125,138.33714294433594,162.13800048828125,26.88845443725586
2022-01-18,166.1557159423828,292.17205810546875,134.88319396972656,158.91749572753906,25.851520538330078
2022-01-19,162.66238403320312,292.82855224609375,134.00892639160156,156.2989959716797,25.017183303833008
2022-01-20,160.97926330566406,291.1584167480469,132.21473693847656,151.66749572753906,24.102008819580078
2022-01-21,158.92434692382812,285.78131103515625,129.28298950195312,142.64300537109375,23.327550888061523
2022-01-24,158.1512908935547,286.1095275878906,129.73178100585938,144.54400634765625,23.325550079345703
2022-01-25,156.35076904296875,278.50225830078125,125.89447021484375,139.98599243164062,22.279632568359375
2022-01-26,156.26271057128906,286.4377746582031,128.17364501953125,138.87249755859375,22.72674560546875
2022-01-27,155.8028106689453,289.4593811035156,127.9475326538086,139.6374969482422,21.900390625
2022-01-28,166.67434692382812,297.5879211425781,132.25787353515625,143.97799682617188,22.79460906982422
2022-01-31,171.02883911132812,300.2137145996094,134.1943817138672,149.57350158691406,24.437339782714844
2022-02-01,170.86245727539062,298.0705871582031,136.51568603515625,151.19349670410156,24.589033126831055
2022-02-02,172.06607055664062,302.6078186035156,146.7868194580078,150.6125030517578,25.191835403442383
2022-02-03,169.18914794921875,290.820556640625,141.91705322265625,138.8455047607422,23.90040397644043
2022-02-04,168.90505981445312,295.3482360839844,142.11837768554688,157.63949584960938,24.270671844482422
2022-02-07,168.1898193359375,290.5309753417969,138.0599365234375,157.9355010986328,24.678857803344727
2022-02-08,171.29574584960938,294.0159606933594,138.25631713867188,161.4134979248047,25.058095932006836
2022-02-09,172.7164306640625,300.435791015625,140.43133544921875,161.1894989013672,26.651927947998047
2022-02-10,168.64051818847656,291.91143798828125,137.48367309570312,159.0034942626953,25.77267837524414
2022-02-11,165.23085021972656,284.8255615234375,133.1817626953125,153.2935028076172,23.901403427124023
2022-02-14,165.4659881591797,284.78692626953125,134.41505432128906,155.16700744628906,24.218772888183594
2022-02-15,169.2969512939453,290.06756591796875,135.48867797851562,156.510498046875,26.442344665527344
2022-02-16,169.06178283691406,289.72900390625,136.6089324951172,158.10049438476562,26.45831298828125
2022-02-17,165.4659881591797,281.2450866699219,131.45254516601562,154.65249633789062,24.458295822143555
2022-02-18,163.91795349121094,278.53643798828125,129.33404541015625,152.60150146484375,23.595014572143555
2022-02-22,160.99822998046875,278.333251953125,128.74940490722656,150.19749450683594,23.34351348876953
2022-02-23,156.83412170410156,271.12640380859375,126.54212951660156,144.82699584960938,22.342510223388672
2022-02-24,159.45013427734375,284.9791564941406,131.60328674316406,151.35800170898438,23.7008056640625
2022-02-25,161.5175018310547,287.6104431152344,133.35733032226562,153.7884979248047,24.108989715576172
2022-02-28,161.781982421875,289.0421447753906,133.9499053955078,153.56300354003906,24.3365421295166
2022-03-01,159.90084838867188,285.3275146484375,132.9625701904297,151.14199829101562,23.430343627929688
2022-03-02,163.19290161132812,290.396484375,133.4683837890625,152.05250549316406,24.175981521606445
2022-03-03,162.86961364746094,286.2657775878906,132.80189514160156,147.89849853515625,23.67090606689453
2022-03-04,159.87144470214844,280.4034729003906,130.82522583007812,145.64100646972656,22.894317626953125
2022-03-07,156.07968139648438,269.81072998046875,125.34255981445312,137.4530029296875,21.31319808959961
2022-03-08,154.25726318359375,266.8505859375,126.06260681152344,136.01449584960938,21.47490119934082
2022-03-09,159.65589904785156,279.0879211425781,132.32632446289062,139.2790069580078,22.97217559814453
2022-03-10,155.31544494628906,276.27276611328125,131.34396362304688,146.8175048828125,22.6168270111084
2022-03-11,151.60208129882812,270.9329528808594,128.80592346191406,145.52450561523438,22.059839248657227
2022-03-14,147.5751190185547,267.4212951660156,124.91854858398438,141.85299682617188,21.291236877441406
2022-03-15,151.95477294921875,277.7819519042969,128.13893127441406,147.3665008544922,22.93124771118164
2022-03-16,156.36383056640625,284.7856750488281,132.18797302246094,153.10400390625,24.45148277282715
2022-03-17,157.37301635742188,285.58856201171875,132.74188232421875,157.23899841308594,24.720991134643555
2022-03-18,160.66506958007812,290.62860107421875,135.00962829589844,161.25050354003906,26.404926300048828
2022-03-21,162.0367889404297,289.4001159667969,134.98585510253906,161.4915008544922,26.68541145324707
2022-03-22,165.40725708007812,294.1402282714844,138.721435546875,164.88900756835938,26.47579574584961
2022-03-23,166.76914978027344,289.71929931640625,137.1420135498047,163.4080047607422,25.58741569519043
2022-03-24,170.5511016845703,294.17889404296875,140.41151428222656,163.64950561523438,28.09884262084961
2022-03-25,171.1879425048828,293.77264404296875,140.5116729736328,164.77349853515625,27.641672134399414
2022-03-28,172.05014038085938,300.5635986328125,140.2959747314453,168.99049377441406,28.1677188873291
2022-03-29,175.34225463867188,305.1199951171875,141.3373565673828,169.31500244140625,28.603919982910156
2022-03-30,174.17628479003906,303.6205139160156,140.7749786376953,166.30099487304688,27.63967514038086
2022-03-31,171.08013916015625,298.2515563964844,137.92752075195312,162.99749755859375,27.236412048339844
2022-04-01,170.78623962402344,299.32537841796875,139.0016326904297,163.55999755859375,26.6634521484375
2022-04-04,174.8327178955078,304.69427490234375,141.79953002929688,168.34649658203125,27.310279846191406
2022-04-05,171.5210418701172,300.7377624511719,139.43853759765625,164.05499267578125,25.883874893188477
2022-04-06,168.35638427734375,289.72900390625,135.42869567871094,158.75599670410156,24.36264419555664
2022-04-07,168.6600799560547,291.5379943847656,134.7745819091797,157.7845001220703,24.164003372192383
2022-04-08,166.6515350341797,287.28155517578125,132.19491577148438,154.4604949951172,23.076982498168945
2022-04-11,162.39927673339844,275.9535827636719,127.76750183105469,151.1219940185547,21.87717056274414
2022-04-12,164.27064514160156,272.8579406738281,126.6676025390625,150.78750610351562,21.464920043945312
2022-04-13,166.9552764892578,278.2366027832031,128.82923889160156,155.54100036621094,22.162647247314453
2022-04-14,161.9485321044922,270.7006530761719,125.69117736816406,151.7064971923828,21.21936798095703
2022-04-18,161.73306274414062,271.3681945800781,126.62989807128906,152.78500366210938,21.7434139251709
2022-04-19,164.01593017578125,275.9922790527344,128.94325256347656,158.11549377441406,22.15765953063965
2022-04-20,163.849365234375,277.0177001953125,126.99041748046875,153.9980010986328,21.442956924438477
2022-04-21,163.05575561523438,271.6487731933594,123.7913589477539,148.29600524902344,20.14632225036621
2022-04-22,158.5193328857422,265.08990478515625,118.65481567382812,144.35000610351562,19.479536056518555
2022-04-25,159.58731079101562,271.5616455078125,122.06513214111328,146.07400512695312,19.865825653076172
2022-04-26,153.63018798828125,261.4042663574219,117.67739868164062,139.39100646972656,18.753856658935547
2022-04-27,153.4048614501953,273.98016357421875,113.35760498046875,138.16700744628906,18.381534576416016
2022-04-28,160.3319549560547,280.1810302734375,117.55094146728516,144.59649658203125,19.746047973632812
2022-04-29,154.4630126953125,268.4660339355469,113.17411804199219,124.28150177001953,18.51329231262207
2022-05-02,154.7667694091797,275.18939208984375,115.62733459472656,124.5,19.49750328063965
2022-05-03,156.2560577392578,272.5871276855469,116.37218475341797,124.25350189208984,19.566375732421875
2022-05-04,162.663818359375,280.51959228515625,121.2588119506836,125.92849731445312,20.297048568725586
2022-05-05,153.60084533691406,268.30169677734375,115.55046844482422,116.40699768066406,18.80975341796875
2022-05-06,154.3269500732422,265.76708984375,114.79769134521484,114.77249908447266,18.641061782836914
2022-05-09,149.20492553710938,255.9481658935547,111.58871459960938,108.78900146484375,16.91919708251953
2022-05-10,151.60894775390625,260.70770263671875,113.45728302001953,108.85900115966797,17.563020706176758
2022-05-11,143.7493133544922,252.0496826171875,112.67127990722656,105.37200164794922,16.59977912902832
2022-05-12,139.8833465576172,247.0193634033203,111.91899871826172,106.93049621582031,16.145605087280273
2022-05-13,144.3478546142578,252.60113525390625,115.0992202758789,113.05500030517578,17.6738224029541
2022-05-16,142.80731201171875,252.96873474121094,113.5068588256836,110.81050109863281,17.23262596130371
2022-05-17,146.43788146972656,258.1152038574219,115.51823425292969,115.36849975585938,18.143966674804688
2022-05-18,138.17599487304688,246.36329650878906,110.98223876953125,107.11250305175781,16.90721893310547
2022-05-19,134.7711181640625,245.4518280029297,109.47916412353516,107.31900024414062,17.09288215637207
2022-05-20,135.00660705566406,244.88941955566406,108.0152587890625,107.59100341796875,16.663663864135742
2022-05-23,140.42298889160156,252.73374938964844,110.5740966796875,107.55699920654297,16.867290496826172
2022-05-24,137.724609375,251.73501586914062,105.10135650634766,104.0999984741211,16.12464141845703
2022-05-25,137.88162231445312,254.54690551757812,104.93768310546875,106.7750015258789,16.944150924682617
2022-05-26,141.0803985595703,257.82427978515625,106.90889739990234,111.07749938964844,17.81855583190918
2022-05-27,146.8303680419922,264.94134521484375,111.39580535888672,115.14649963378906,18.77681541442871
2022-05-31,146.04537963867188,263.6129455566406,112.8294677734375,120.20950317382812,18.638071060180664
2022-06-01,145.91783142089844,264.1462707519531,112.95840454101562,121.68399810791016,18.28670310974121
2022-06-02,148.3709259033203,266.2406311035156,116.65831756591797,125.51100158691406,19.556394577026367
2022-06-03,142.6503143310547,261.8191223144531,113.60208129882812,122.3499984741211,18.685976028442383
2022-06-06,143.3960723876953,260.58770751953125,115.86289978027344,124.79000091552734,18.75185775756836
2022-06-07,145.91783142089844,264.22381591796875,116.18919372558594,123.0,18.891603469848633
2022-06-08,145.1819305419922,262.1972961425781,116.23332214355469,121.18000030517578,18.618045806884766
2022-06-09,139.9617919921875,256.7480163574219,113.8941650390625,116.1500015258789,18.019006729125977
2022-06-10,134.5552520751953,245.306396484375,110.25027465820312,109.6500015258789,16.946733474731445
2022-06-13,129.4038543701172,234.90223693847656,105.52037811279297,103.66999816894531,15.621867179870605
2022-06-14,130.26731872558594,237.0645294189453,105.84073638916016,102.30999755859375,15.810562133789062
2022-06-15,132.88717651367188,244.11370849609375,108.86473083496094,107.66999816894531,16.500452041625977
2022-06-16,127.61799621582031,237.5299530029297,105.16431427001953,103.66000366210938,15.575942039489746
2022-06-17,129.08982849121094,240.12852478027344,106.26522827148438,106.22000122070312,15.8544921875
2022-06-21,133.3189239501953,246.03358459472656,110.629638671875,108.68000030517578,16.539392471313477
2022-06-22,132.80870056152344,245.44210815429688,110.57361602783203,108.94999694824219,16.333721160888672
2022-06-23,135.67384338378906,250.9980926513672,111.3219223022461,112.44000244140625,16.198936462402344
2022-06-24,139.0001983642578,259.569580078125,117.0079345703125,116.45999908447266,17.098491668701172
2022-06-27,139.0001983642578,256.8450012207031,114.88398742675781,113.22000122070312,16.84190559387207
2022-06-28,134.85946655273438,248.69036865234375,111.08934783935547,107.4000015258789,15.956328392028809
2022-06-29,136.61582946777344,252.35552978515625,110.78585052490234,108.91999816894531,15.517032623291016
2022-06-30,134.1529541015625,249.0297393798828,108.0698013305664,106.20999908447266,15.134649276733398
2022-07-01,136.32144165039062,251.6962432861328,107.84616088867188,109.55999755859375,14.499672889709473
2022-07-05,138.90208435058594,254.8668975830078,112.33454895019531,113.5,14.939963340759277
2022-07-06,140.23654174804688,258.1248779296875,113.63282012939453,114.33000183105469,15.105696678161621
2022-07-07,143.6021728515625,260.2483825683594,117.80931091308594,116.33000183105469,15.832528114318848
2022-07-08,144.27919006347656,259.53082275390625,118.37512969970703,115.54000091552734,15.812559127807617
2022-07-11,142.14991760253906,256.4764709472656,114.728271484375,111.75,15.12766170501709
2022-07-12,143.12135314941406,245.96572875976562,113.0858383178711,109.22000122070312,15.05777359008789
2022-07-13,142.75830078125,245.0446014404297,110.44071960449219,110.4000015258789,15.139641761779785
2022-07-14,145.6823272705078,246.36329650878906,109.46279907226562,110.62999725341797,15.347309112548828
2022-07-15,147.35040283203125,248.92306518554688,110.8612289428711,113.55000305175781,15.736680030822754
2022-07-18,144.30862426757812,246.52810668945312,108.13624572753906,113.76000213623047,16.07513999938965
2022-07-19,148.1648406982422,251.647705078125,112.87706756591797,118.20999908447266,16.964706420898438
2022-07-20,150.16651916503906,254.30445861816406,112.96633911132812,122.7699966430664,17.778392791748047
2022-07-21,152.43316650390625,256.7964782714844,113.40272521972656,124.62999725341797,18.021005630493164
2022-07-22,151.1968231201172,252.45252990722656,107.01551818847656,122.41999816894531,17.291183471679688
2022-07-25,150.07823181152344,250.96900939941406,106.62872314453125,121.13999938964844,16.996654510498047
2022-07-26,148.75357055664062,244.2494659423828,104.15911865234375,114.80999755859375,16.506441116333008
2022-07-27,153.8461151123047,260.5779724121094,112.13323211669922,120.97000122070312,17.761428833007812
2022-07-28,154.3956298828125,268.01513671875,113.28372192382812,122.27999877929688,17.955110549926758
2022-07-29,159.45872497558594,272.21356201171875,115.36650085449219,134.9499969482422,18.133825302124023
2022-08-01,158.4774932861328,269.56658935546875,113.91845703125,135.38999938964844,18.411378860473633
2022-08-02,157.00567626953125,266.4733581542969,114.18624877929688,134.16000366210938,18.496238708496094
2022-08-03,163.01075744628906,273.89105224609375,117.11206817626953,139.52000427246094,18.862651824951172
2022-08-04,162.69674682617188,275.03521728515625,117.22117614746094,142.57000732421875,19.184133529663086
2022-08-05,162.47080993652344,274.31768798828125,116.507080078125,140.8000030517578,18.958498001098633
2022-08-08,161.99916076660156,271.8063659667969,116.33846282958984,139.41000366210938,17.764415740966797
2022-08-09,162.04824829101562,273.7261962890625,115.6739501953125,137.8300018310547,17.058551788330078
2022-08-10,166.29302978515625,280.3778381347656,118.71880340576172,142.69000244140625,18.067930221557617
2022-08-11,165.55609130859375,278.30279541015625,117.8658447265625,140.63999938964844,17.913175582885742
2022-08-12,169.10321044921875,283.0443420410156,120.68256378173828,143.5500030517578,18.678945541381836
2022-08-15,170.1742706298828,284.55694580078125,121.07928466796875,143.17999267578125,19.001426696777344
2022-08-16,170.01705932617188,283.8200378417969,120.70238494873047,144.77999877929688,18.848670959472656
2022-08-17,171.51055908203125,283.07183837890625,118.57001495361328,142.10000610351562,18.305545806884766
2022-08-18,171.1175537109375,281.954345703125,119.1849365234375,142.3000030517578,18.742849349975586
2022-08-19,168.5333251953125,278.0481872558594,116.24920654296875,138.22999572753906,17.82032585144043
2022-08-22,164.652099609375,269.8859558105469,113.30355072021484,133.22000122070312,17.00663948059082
2022-08-23,164.31802368164062,268.6131591796875,112.92665100097656,133.6199951171875,17.153398513793945
2022-08-24,164.61277770996094,267.9815673828125,112.75806427001953,133.8000030517578,17.194332122802734
2022-08-25,167.06927490234375,270.9548645019531,115.69379425048828,137.27999877929688,17.884225845336914
2022-08-26,160.77088928222656,260.49957275390625,109.43551635742188,130.75,16.233884811401367
2022-08-29,158.5699005126953,257.72052001953125,108.5230484008789,129.7899932861328,15.775617599487305
2022-08-30,156.14291381835938,255.5244903564453,108.0469970703125,128.72999572753906,15.443154335021973
2022-08-31,154.4823455810547,254.0669403076172,107.33290100097656,126.7699966430664,15.06975269317627
2022-09-01,155.20945739746094,253.02723693847656,108.84043884277344,127.81999969482422,13.914613723754883
2022-09-02,153.0968780517578,248.81011962890625,106.96592712402344,127.51000213623047,13.625079154968262
2022-09-06,151.83917236328125,246.07969665527344,105.93446350097656,126.11000061035156,13.443371772766113
2022-09-07,153.24427795410156,250.78268432617188,108.55281066894531,129.47999572753906,13.696039199829102
2022-09-08,151.77040100097656,251.2005157470703,107.4915771484375,129.82000732421875,13.971678733825684
2022-09-09,154.62974548339844,256.9722900390625,109.74298095703125,133.27000427246094,14.368158340454102
2022-09-12,160.5841827392578,259.10028076171875,109.95126342773438,136.4499969482422,14.486003875732422
2022-09-13,151.16116333007812,244.85537719726562,103.4648666381836,126.81999969482422,13.113801956176758
2022-09-14,152.6055908203125,245.0789031982422,104.1392822265625,128.5500030517578,13.110807418823242
2022-09-15,149.71678161621094,238.4325408935547,102.0664291381836,126.27999877929688,12.912068367004395
2022-09-16,148.07582092285156,237.81065368652344,101.95732116699219,123.52999877929688,13.180715560913086
2022-09-19,151.79002380371094,237.5968780517578,102.22510528564453,124.66000366210938,13.364474296569824
2022-09-20,154.1678924560547,235.58546447753906,100.3109359741211,122.19000244140625,13.158743858337402
2022-09-21,151.0432586669922,232.1845703125,98.4661865234375,118.54000091552734,13.243632316589355
2022-09-22,150.0803680419922,234.1571044921875,99.31912231445312,117.30999755859375,12.544549942016602
2022-09-23,147.81056213378906,231.18373107910156,97.93060302734375,113.77999877929688,12.49960708618164
2022-09-26,148.14463806152344,230.72705078125,97.36527252197266,115.1500015258789,12.21198558807373
2022-09-27,149.11744689941406,229.71649169921875,96.70076751708984,114.41000366210938,12.396743774414062
2022-09-28,147.2308349609375,234.24456787109375,99.22987365722656,118.01000213623047,12.719318389892578
2022-09-29,139.99899291992188,230.77561950683594,96.62142944335938,114.80000305175781,12.203998565673828
2022-09-30,135.7935333251953,226.30587768554688,94.86593627929688,113.0,12.123101234436035
2022-10-03,139.9695281982422,233.92388916015625,97.83142852783203,115.87999725341797,12.495614051818848
2022-10-04,143.5559539794922,241.8334197998047,100.80683135986328,121.08999633789062,13.149755477905273
2022-10-05,143.85073852539062,242.1443634033203,100.59855651855469,120.94999694824219,13.191701889038086
2022-10-06,142.8976287841797,239.80264282226562,100.58863830566406,120.30000305175781,13.112804412841797
2022-10-07,137.650634765625,227.60794067382812,97.87110137939453,114.55999755859375,12.06018352508545
2022-10-10,137.9748992919922,222.75918579101562,97.05781555175781,113.66999816894531,11.654715538024902
2022-10-11,136.55995178222656,219.02793884277344,96.38339233398438,112.20999908447266,11.570826530456543
2022-10-12,135.93109130859375,219.3582763671875,96.7602767944336,112.9000015258789,11.484941482543945
2022-10-13,140.50009155273438,227.60794067382812,98.24797821044922,112.52999877929688,11.944336891174316
2022-10-14,135.9703826904297,222.08871459960938,95.76847839355469,106.9000015258789,11.212296485900879
2022-10-17,139.9302215576172,230.80479431152344,99.15052795410156,113.79000091552734,11.872431755065918
2022-10-18,141.24688720703125,231.747314453125,99.94396209716797,116.36000061035156,11.95132827758789
2022-10-19,141.35496520996094,229.78448486328125,98.81330871582031,115.06999969482422,12.03521728515625
2022-10-20,140.89315795898438,229.46385192871094,99.15052795410156,115.25,12.178030967712402
2022-10-21,144.70558166503906,235.26483154296875,100.30101013183594,119.31999969482422,12.44967269897461
2022-10-24,146.84764099121094,240.2495574951172,101.67961120605469,119.81999969482422,12.582501411437988
2022-10-25,149.68727111816406,243.56304931640625,103.62355041503906,120.5999984741211,13.243632316589355
2022-10-26,146.7493896484375,224.77059936523438,94.15184020996094,115.66000366210938,12.879108428955078
2022-10-27,142.27862548828125,220.33001708984375,91.46405029296875,110.95999908447266,13.158743858337402
2022-10-28,153.0281219482422,229.19180297851562,95.50068664550781,103.41000366210938,13.815882682800293
2022-10-31,150.66990661621094,225.5576629638672,93.73527526855469,102.44000244140625,13.479324340820312
2022-11-01,148.02674865722656,221.70980834960938,89.72840881347656,96.79000091552734,13.525263786315918
2022-11-02,142.50460815429688,213.8682861328125,86.257080078125,92.12000274658203,13.201687812805176
2022-11-03,136.46168518066406,208.1839141845703,82.74610900878906,89.30000305175781,13.403422355651855
2022-11-04,136.19593811035156,215.1217498779297,85.87029266357422,90.9800033569336,14.13746166229248
2022-11-07,136.72743225097656,221.41824340820312,87.7646255493164,90.52999877929688,14.282270431518555
2022-11-08,137.2982635498047,222.3899688720703,88.17127227783203,89.9800033569336,14.582877159118652
2022-11-09,132.74134826660156,218.1533660888672,86.60420989990234,86.13999938964844,13.757957458496094
2022-11-10,144.5519561767578,236.10047912597656,93.16995239257812,96.62999725341797,15.729373931884766
2022-11-11,147.33729553222656,240.113525390625,95.61970520019531,100.79000091552734,16.30561637878418
2022-11-14,145.93972778320312,234.71096801757812,94.91551208496094,98.48999786376953,16.27366065979004
2022-11-15,147.67193603515625,235.1190643310547,97.63306427001953,98.94000244140625,16.644176483154297
2022-11-16,146.441650390625,235.5478057861328,98.03970336914062,97.12000274658203,15.889163970947266
2022-11-17,148.34120178222656,235.4990692138672,97.55371856689453,94.8499984741211,15.656469345092773
2022-11-18,148.9021759033203,235.0508575439453,96.63133239746094,94.13999938964844,15.388819694519043
2022-11-21,145.67393493652344,235.8596649169922,94.81634521484375,92.45999908447266,15.296940803527832
2022-11-22,147.8096923828125,238.76341247558594,96.25446319580078,93.19999694824219,16.01699447631836
2022-11-23,148.6856689453125,241.24819946289062,97.65289306640625,94.12999725341797,16.497364044189453
2022-11-25,145.77239990234375,241.16049194335938,96.66109466552734,93.41000366210938,16.24869155883789
2022-11-28,141.94375610351562,235.5770721435547,95.26265716552734,93.94999694824219,15.80627155303955
2022-11-29,138.9419403076172,234.18362426757812,94.40971374511719,92.41999816894531,15.618517875671387
2022-11-30,145.6936492919922,248.6148681640625,100.16216278076172,96.54000091552734,16.905162811279297
2022-12-01,145.96925354003906,248.17636108398438,100.16216278076172,95.5,17.1169376373291
2022-12-02,145.47711181640625,248.4979248046875,99.61666870117188,94.12999725341797,16.85820770263672
2022-12-05,144.31576538085938,243.8011932373047,98.66453552246094,91.01000213623047,16.592491149902344
2022-12-06,140.65444946289062,238.8511199951172,96.1850357055664,88.25,15.970147132873535
2022-12-07,138.715576171875,238.1202850341797,94.16175079345703,88.45999908447266,16.103008270263672
2022-12-08,140.3985595703125,241.0727996826172,92.94184112548828,90.3499984741211,17.15089988708496
2022-12-09,139.9163055419922,239.14346313476562,92.06905364990234,89.08999633789062,16.983078002929688
2022-12-12,142.2095184326172,246.05210876464844,92.54510498046875,90.55000305175781,17.51651954650879
2022-12-13,143.17408752441406,250.34930419921875,94.84609985351562,92.48999786376953,18.05295181274414
2022-12-14,140.94972229003906,250.64163208007812,94.29069519042969,91.58000183105469,17.655372619628906
2022-12-15,134.3456268310547,242.6416473388672,90.11519622802734,88.44999694824219,16.93412971496582
2022-12-16,132.3870086669922,238.43211364746094,89.5201187133789,87.86000061035156,16.553529739379883
2022-12-19,130.28079223632812,234.300537109375,87.71504211425781,84.91999816894531,16.236865997314453
2022-12-20,130.2119140625,235.61602783203125,88.290283203125,85.19000244140625,16.068044662475586
2022-12-21,133.3122100830078,238.1787872314453,88.84569549560547,86.7699966430664,16.483604431152344
2022-12-22,130.14303588867188,232.0983428955078,87.04061889648438,83.79000091552734,15.322829246520996
2022-12-23,129.7788543701172,232.62451171875,88.49854278564453,85.25,15.189971923828125
2022-12-27,127.97772216796875,230.89984130859375,86.67363739013672,83.04000091552734,14.106115341186523
2022-12-28,124.05072021484375,228.53195190429688,85.31487274169922,81.81999969482422,14.02120304107666
2022-12-29,127.56436920166016,234.84622192382812,87.7249526977539,84.18000030517578,14.587606430053711
2022-12-30,127.87930297851562,233.6866912841797,87.50675964355469,84.0,14.59859561920166
2023-01-03,123.09601593017578,233.4528045654297,88.38946533203125,85.81999969482422,14.299908638000488
2023-01-04,124.36567687988281,223.2408447265625,87.35799407958984,85.13999938964844,14.733450889587402
2023-01-05,123.04681396484375,216.62448120117188,85.49340057373047,83.12000274658203,14.24996280670166
2023-01-06,127.57418060302734,219.1774444580078,86.62403869628906,86.08000183105469,14.843335151672363
2023-01-09,128.09579467773438,221.31143188476562,87.2984848022461,87.36000061035156,15.611526489257812
2023-01-10,128.6667022705078,222.99722290039062,87.69519805908203,89.87000274658203,15.892230033874512
2023-01-11,131.38314819335938,229.74026489257812,90.76978302001953,95.08999633789062,15.984130859375
2023-01-12,131.3043975830078,232.41017150878906,90.38298797607422,95.2699966430664,16.49359893798828
2023-01-13,132.633056640625,233.1117401123047,91.3648681640625,98.12000274658203,16.881187438964844
2023-01-17,133.79446411132812,234.20310974121094,90.54167175292969,96.05000305175781,17.6833438873291
2023-01-18,133.0759735107422,229.77919006347656,90.3730697631836,95.45999908447266,17.358680725097656
2023-01-19,133.1350555419922,225.9984130859375,92.28726196289062,93.68000030517578,16.74732780456543
2023-01-20,135.6940155029297,234.07643127441406,97.21650695800781,97.25,17.8201961517334
2023-01-23,138.88284301757812,236.37606811523438,98.97200012207031,97.5199966430664,19.17276954650879
2023-01-24,140.28042602539062,235.84988403320312,96.89913177490234,96.31999969482422,19.244693756103516
2023-01-25,139.62103271484375,234.4564666748047,94.439453125,97.18000030517578,19.302635192871094
2023-01-26,141.68788146972656,241.65745544433594,96.7206039428711,99.22000122070312,19.781126022338867
2023-01-27,143.62680053710938,241.81338500976562,98.5554428100586,102.23999786376953,20.34353256225586
2023-01-30,140.7430419921875,236.50274658203125,96.14537048339844,100.55000305175781,19.14179801940918
2023-01-31,142.01266479492188,241.4723358154297,98.02978515625,103.12999725341797,19.516403198242188
2023-02-01,143.1346893310547,246.2859649658203,99.60675048828125,105.1500015258789,20.920921325683594
2023-02-02,148.4396209716797,257.8329772949219,106.8568344116211,112.91000366210938,21.686115264892578
2023-02-03,152.06153869628906,251.7427520751953,103.92108917236328,103.38999938964844,21.077756881713867
2023-02-06,149.33523559570312,250.20315551757812,102.05650329589844,102.18000030517578,21.066768646240234
2023-02-07,152.20913696289062,260.71722412109375,106.75764465332031,102.11000061035156,22.149625778198242
2023-02-08,149.52224731445312,259.908447265625,98.5554428100586,100.05000305175781,22.181591033935547
2023-02-09,148.48880004882812,256.8779602050781,94.2311782836914,98.23999786376953,22.313453674316406
2023-02-10,148.853515625,256.3712463378906,93.79479217529297,97.61000061035156,21.242586135864258
2023-02-13,151.65296936035156,264.38104248046875,93.83446502685547,99.54000091552734,21.765033721923828
2023-02-14,151.0122833251953,265.2093505859375,93.90389251708984,99.69999694824219,22.946786880493164
2023-02-15,153.11183166503906,263.0895080566406,96.14537048339844,101.16000366210938,22.740001678466797
2023-02-16,151.5149688720703,256.0853576660156,94.72708129882812,98.1500015258789,21.978805541992188
2023-02-17,150.37155151367188,252.09002685546875,93.57659149169922,97.19999694824219,21.36545181274414
2023-02-21,146.3596954345703,246.82472229003906,91.03758239746094,94.58000183105469,20.63322639465332
2023-02-22,146.78350830078125,245.69151306152344,90.89872741699219,95.79000091552734,20.73212432861328
2023-02-23,147.2665252685547,248.8761444091797,90.14495849609375,95.81999969482422,23.639053344726562
2023-02-24,144.61495971679688,243.4545440673828,88.39937591552734,93.5,23.261455535888672
2023-02-27,145.80764770507812,244.37274169921875,89.1333236694336,93.76000213623047,23.476228713989258
2023-02-28,145.30494689941406,243.64988708496094,89.32176208496094,94.2300033569336,23.191526412963867
2023-03-01,143.23492431640625,240.57276916503906,89.61929321289062,92.16999816894531,22.674072265625
2023-03-02,143.8263702392578,245.30079650878906,91.245849609375,92.12999725341797,23.28942108154297
2023-03-03,148.87327575683594,249.3840789794922,92.88233947753906,94.9000015258789,23.86481475830078
2023-03-06,151.63327026367188,250.9275360107422,94.35018920898438,93.75,23.529170989990234
2023-03-07,149.43511962890625,248.27044677734375,93.09060668945312,93.55000305175781,23.267404556274414
2023-03-08,150.68698120117188,247.83087158203125,93.4774169921875,93.91999816894531,24.159610748291016
2023-03-09,148.43951416015625,246.4828338623047,91.56322479248047,92.25,23.41526985168457
2023-03-10,146.37936401367188,242.83908081054688,89.8870849609375,90.7300033569336,22.944684982299805
2023-03-13,148.3212890625,248.0457763671875,90.36315155029297,92.43000030517578,22.9456844329834
2023-03-14,150.4109649658203,254.75680541992188,93.19971466064453,94.87999725341797,24.041719436645508
2023-03-15,150.8052978515625,259.29925537109375,95.32215881347656,96.19999694824219,24.206571578979492
2023-03-16,153.6244354248047,269.8103332519531,99.4976577758789,100.04000091552734,25.518407821655273
2023-03-17,152.78656005859375,272.9656677246094,100.78700256347656,98.94999694824219,25.70224952697754
2023-03-20,155.15228271484375,265.9321594238281,100.39027404785156,97.70999908447266,25.877092361450195
2023-03-21,157.0054473876953,267.4463806152344,104.05994415283203,100.61000061035156,26.175827026367188
2023-03-22,155.57615661621094,265.9908752441406,102.52264404296875,98.69999694824219,26.444589614868164
2023-03-23,156.66043090820312,271.236572265625,104.73436737060547,98.70999908447266,27.166950225830078
2023-03-24,157.9615936279297,274.07928466796875,104.57569885253906,98.12999725341797,26.755311965942383
2023-03-27,156.01968383789062,269.9862365722656,101.62010955810547,98.04000091552734,26.507535934448242
2023-03-28,155.39869689941406,268.8628234863281,100.20183563232422,97.23999786376953,26.386640548706055
2023-03-29,158.47415161132812,274.02069091796875,100.55889129638672,100.25,26.960134506225586
2023-03-30,160.0414581298828,277.478759765625,100.06298065185547,102.0,27.35877799987793
2023-03-31,162.54518127441406,281.63037109375,102.87969970703125,103.29000091552734,27.752431869506836
2023-04-03,163.79705810546875,280.5851745605469,103.5045394897461,102.41000366210938,27.940265655517578
2023-04-04,163.2647705078125,280.536376953125,103.8615951538086,103.94999694824219,27.428714752197266
2023-04-05,161.42144775390625,277.76202392578125,103.61363220214844,101.0999984741211,26.857227325439453
2023-04-06,162.30862426757812,284.8540954589844,107.53125,102.05999755859375,27.013086318969727
2023-04-10,159.7161865234375,282.6952209472656,105.5674819946289,102.16999816894531,27.554611206054688
2023-04-11,158.50376892089844,276.2869873046875,104.48641204833984,99.91999816894531,27.144969940185547
2023-04-12,157.8137664794922,276.93170166015625,103.78224182128906,97.83000183105469,26.47157096862793
2023-04-13,163.19578552246094,283.1348571777344,106.54938507080078,102.4000015258789,26.439592361450195
2023-04-14,162.8507537841797,279.5203857421875,107.9775619506836,102.51000213623047,26.73432731628418
2023-04-17,162.8704833984375,282.1189270019531,105.10135650634766,102.73999786376953,26.978116989135742
2023-04-18,164.09278869628906,281.6987609863281,103.64338684082031,102.30000305175781,27.642528533935547
2023-04-19,165.23619079589844,281.7769775390625,103.32601165771484,104.30000305175781,27.906295776367188
2023-04-20,164.27020263671875,279.4911193847656,104.42691040039062,103.80999755859375,27.080026626586914
2023-04-21,162.66351318359375,279.1492004394531,104.54592895507812,106.95999908447266,27.095014572143555
2023-04-24,162.96905517578125,275.2514953613281,105.10135650634766,106.20999908447266,27.01807975769043
2023-04-25,161.4313201904297,269.0484313964844,102.99871826171875,102.56999969482422,26.217792510986328
2023-04-26,161.42144775390625,288.5368957519531,102.85986328125,104.9800033569336,26.93215560913086
2023-04-27,166.0050811767578,297.7780456542969,106.70805358886719,109.81999969482422,27.20191764831543
2023-04-28,167.25689697265625,300.15185546875,106.4601058959961,105.44999694824219,27.72446060180664
2023-05-01,167.16819763183594,298.4911804199219,106.32125091552734,102.05000305175781,28.884431838989258
2023-05-02,166.13320922851562,298.3446350097656,104.45667266845703,103.62999725341797,28.185049057006836
2023-05-03,165.0587615966797,297.3580017089844,104.54592895507812,103.6500015258789,27.777408599853516
2023-05-04,163.4224853515625,298.3446350097656,103.83183288574219,104.0,27.537620544433594
2023-05-05,171.09141540527344,303.46337890625,104.7046127319336,105.66000366210938,28.654634475708008
2023-05-08,171.02239990234375,301.5096435546875,106.88658905029297,105.83000183105469,29.125215530395508
2023-05-09,169.3170928955078,299.8978576660156,106.47003173828125,106.62000274658203,28.545730590820312
2023-05-10,171.08154296875,305.0849914550781,110.8339614868164,110.19000244140625,28.859455108642578
2023-05-11,171.268798828125,302.9358825683594,115.61444091796875,112.18000030517578,28.552724838256836
2023-05-12,170.3409423828125,301.822265625,116.54673767089844,110.26000213623047,28.31493377685547
2023-05-15,169.84739685058594,302.3009338378906,115.55493927001953,111.19999694824219,28.92738914489746
2023-05-16,169.84739685058594,304.5282287597656,118.53034973144531,113.4000015258789,29.18716049194336
2023-05-17,170.45941162109375,307.4064636230469,119.84945678710938,115.5,30.15130615234375
2023-05-18,172.78892517089844,311.8315124511719,121.82313537597656,118.1500015258789,31.64998435974121
2023-05-19,172.8975067138672,311.6552734375,121.75370788574219,116.25,31.236345291137695
2023-05-22,171.94989013671875,314.4356384277344,124.02493286132812,115.01000213623047,31.148427963256836
2023-05-23,169.34400939941406,308.6400146484375,121.55534362792969,114.98999786376953,30.660856246948242
2023-05-24,169.62037658691406,307.2596435546875,119.9089584350586,116.75,30.510990142822266
2023-05-25,170.7555389404297,319.0761413574219,122.46781158447266,115.0,37.9464111328125
2023-05-26,173.16400146484375,325.8997497558594,123.58854675292969,120.11000061035156,38.91155242919922
2023-05-30,175.0098419189453,324.25506591796875,122.65625,121.66000366210938,40.07551956176758
2023-05-31,174.96046447753906,321.4942321777344,121.8628158569336,120.58000183105469,37.800533294677734
2023-06-01,177.76380920410156,325.5962219238281,122.7058334350586,122.7699966430664,39.73481750488281
2023-06-02,178.6127166748047,328.3570556640625,123.6480484008789,124.25,39.29221725463867
2023-06-05,177.2604217529297,328.8857421875,124.9770736694336,125.30000305175781,39.136356353759766
2023-06-06,176.89517211914062,326.67315673828125,126.26641082763672,126.61000061035156,38.61980438232422
2023-06-07,175.5231475830078,316.5894775390625,121.49583435058594,121.2300033569336,37.44572830200195
2023-06-08,178.23757934570312,318.4300231933594,121.1387939453125,124.25,38.479915618896484
2023-06-09,178.62257385253906,319.9278564453125,121.2280502319336,123.43000030517578,38.73971939086914
2023-06-12,181.41600036621094,324.8816223144531,122.6264877319336,126.56999969482422,39.45115661621094
2023-06-13,180.94223022460938,327.2703857421875,122.81494140625,126.66000366210938,40.989952087402344
2023-06-14,181.57395935058594,330.2563171386719,122.65625,126.41999816894531,42.96342086791992
2023-06-15,183.60736083984375,340.7904052734375,124.06460571289062,127.11000061035156,42.61968994140625
2023-06-16,182.53143310546875,335.14154052734375,122.51739501953125,125.48999786376953,42.658653259277344
2023-06-20,182.62026977539062,330.9513854980469,122.0909194946289,125.77999877929688,43.77378463745117
2023-06-21,181.58383178710938,326.5556335449219,119.56181335449219,124.83000183105469,43.011383056640625
2023-06-22,184.5845184326172,332.5765075683594,122.14051055908203,130.14999389648438,42.991397857666016
2023-06-23,184.2686767578125,327.985107421875,121.33715057373047,129.3300018310547,42.17603302001953
2023-06-26,182.8769073486328,321.6998596191406,117.36994171142578,127.33000183105469,40.60026550292969
2023-06-27,185.63084411621094,327.5445556640625,117.36002349853516,129.17999267578125,41.843292236328125
2023-06-28,186.80548095703125,328.797607421875,119.19486236572266,129.0399932861328,41.08488082885742
2023-06-29,187.14109802246094,328.014404296875,118.12371826171875,127.9000015258789,40.79011917114258
2023-06-30,191.4645233154297,333.3891906738281,118.71880340576172,130.36000061035156,42.268959045410156
2023-07-03,189.97406005859375,330.8926696777344,118.91716003417969,130.22000122070312,42.37986755371094
2023-07-05,188.85862731933594,331.0493469238281,120.7519760131836,130.3800048828125,42.2839469909668
2023-07-06,189.33241271972656,334.103759765625,119.12543487548828,128.36000061035156,42.07011795043945
2023-07-07,188.21702575683594,330.1388244628906,118.5005874633789,129.77999877929688,42.46979522705078
2023-07-10,186.17376708984375,324.8619384765625,115.49542999267578,127.12999725341797,42.14705276489258
2023-07-11,185.65061950683594,325.4886169433594,116.17976379394531,128.77999877929688,42.37187194824219
2023-07-12,187.31875610351562,330.1192626953125,117.95509338378906,130.8000030517578,43.867706298828125
2023-07-13,188.07882690429688,335.46466064453125,123.51911163330078,134.3000030517578,45.94109344482422
2023-07-14,188.22689819335938,337.99041748046875,124.39189147949219,134.67999267578125,45.43348693847656
2023-07-17,191.48428344726562,338.47015380859375,123.62821960449219,133.55999755859375,46.424705505371094
2023-07-18,191.2276153564453,351.94122314453125,122.74551391601562,132.8300018310547,47.45689392089844
2023-07-19,192.57994079589844,347.623779296875,121.0296859741211,135.36000061035156,47.040225982666016
2023-07-20,190.63536071777344,339.586181640625,118.22289276123047,129.9600067138672,45.48444747924805
2023-07-21,189.46078491210938,336.5513000488281,119.03616333007812,130.0,44.274391174316406
2023-07-24,190.2602996826172,337.8631896972656,120.5337905883789,128.8000030517578,44.577152252197266
2023-07-25,191.1190185546875,343.60992431640625,121.20821380615234,129.1300048828125,45.64332580566406
2023-07-26,191.9876708984375,330.6772766113281,128.21034240722656,128.14999389648438,45.41649627685547
2023-07-27,190.7242431640625,323.77532958984375,128.3392791748047,128.25,45.86415481567383
2023-07-28,193.300537109375,331.26470947265625,131.49322509765625,132.2100067138672,46.71348190307617
2023-07-31,193.91250610351562,328.8661804199219,131.63206481933594,133.67999267578125,46.6925048828125
2023-08-01,193.08334350585938,329.2773132324219,130.47166442871094,131.69000244140625,46.470672607421875
2023-08-02,190.0924835205078,320.6229553222656,127.32763671875,128.2100067138672,44.23441696166992
2023-08-03,188.70068359375,319.80059814453125,127.39705657958984,128.91000366210938,44.48023223876953
2023-08-04,179.63926696777344,320.8970642089844,127.05984497070312,139.57000732421875,44.64509963989258
2023-08-07,176.53981018066406,323.17816162109375,130.45181274414062,142.22000122070312,45.381526947021484
2023-08-08,177.4775390625,319.203369140625,130.3228759765625,139.94000244140625,44.629119873046875
2023-08-09,175.8883514404297,315.4636535644531,128.5971221923828,137.85000610351562,42.52075958251953
2023-08-10,175.67117309570312,316.14892578125,128.6269073486328,138.55999755859375,42.354896545410156
2023-08-11,175.73049926757812,314.2691955566406,128.4979705810547,138.41000366210938,40.82308578491211
2023-08-14,177.3811492919922,317.2356262207031,130.25344848632812,140.57000732421875,43.71882247924805
2023-08-15,175.39443969726562,315.101318359375,128.71615600585938,137.6699981689453,43.90567398071289
2023-08-16,174.524658203125,314.3361511230469,127.64501190185547,135.07000732421875,43.45203399658203
2023-08-17,171.98443603515625,310.8827819824219,128.85501098632812,133.97999572753906,43.310142517089844
2023-08-18,172.46875,310.4903869628906,126.4151840209961,133.22000122070312,43.26517868041992
2023-08-21,173.80308532714844,315.78814697265625,127.31771087646484,134.67999267578125,46.93031311035156
2023-08-22,175.177001953125,316.35711669921875,128.0219268798828,134.25,45.63232421875
2023-08-23,179.02194213867188,320.811279296875,131.28492736816406,135.52000427246094,47.079200744628906
2023-08-24,174.3368377685547,313.914306640625,128.71615600585938,131.83999633789062,47.12615966796875
2023-08-25,176.54098510742188,316.86737060546875,128.8153533935547,133.25999450683594,45.982051849365234
2023-08-28,178.1027069091797,317.5736999511719,129.9360809326172,133.13999938964844,46.79841613769531
2023-08-29,181.9871826171875,322.1945495605469,133.4669189453125,134.91000366210938,48.74589157104492
2023-08-30,185.4762725830078,322.5673828125,134.76617431640625,135.07000732421875,49.225521087646484
2023-08-31,185.69374084472656,321.556884765625,135.0537872314453,138.00999450683594,49.31644821166992
2023-09-01,187.26535034179688,322.4397888183594,134.5479736328125,138.1199951171875,48.47111511230469
2023-09-05,187.50253295898438,327.2372741699219,134.65708923339844,137.27000427246094,48.51008224487305
2023-09-06,180.79119873046875,326.5799865722656,133.35781860351562,135.36000061035156,47.02812194824219
2023-09-07,175.503173828125,323.66619873046875,134.1512451171875,137.85000610351562,46.20869064331055
2023-09-08,176.11599731445312,327.94366455078125,135.26206970214844,138.22999572753906,45.540157318115234
2023-09-11,177.2823028564453,331.544189453125,135.79763793945312,143.10000610351562,45.14643096923828
2023-09-12,174.25775146484375,325.490966796875,134.23057556152344,141.22999572753906,44.83864212036133
2023-09-13,172.19198608398438,329.6997985839844,135.58935546875,144.85000610351562,45.453216552734375
2023-09-14,173.70423889160156,332.2898254394531,136.96795654296875,144.72000122070312,45.54914855957031
2023-09-15,172.98272705078125,323.9703063964844,136.273681640625,140.38999938964844,43.86932373046875
2023-09-18,175.90841674804688,322.8323059082031,137.0770721435547,139.97999572753906,43.93527603149414
2023-09-19,176.9956817626953,322.42999267578125,136.90846252441406,137.6300048828125,43.48958969116211
2023-09-20,173.45712280273438,314.69915771484375,132.64370727539062,135.2899932861328,42.2094841003418
2023-09-21,171.91519165039062,313.4825744628906,129.37075805664062,129.3300018310547,40.98833084106445
2023-09-22,172.76522827148438,311.0103454589844,129.18228149414062,129.1199951171875,41.580928802490234
2023-09-25,174.04031372070312,311.5303039550781,130.03524780273438,131.27000427246094,42.19248580932617
2023-09-26,169.96804809570312,306.2324523925781,127.51608276367188,125.9800033569336,41.881717681884766
2023-09-27,168.4557342529297,306.8701477050781,129.4699249267578,125.9800033569336,42.438323974609375
2023-09-28,168.71278381347656,307.7040710449219,131.2254180908203,125.9800033569336,43.05889129638672
2023-09-29,169.2267303466797,309.77410888671875,129.7873077392578,127.12000274658203,43.468605041503906
2023-10-02,171.7373046875,315.70965576171875,133.07017517089844,129.4600067138672,44.750709533691406
2023-10-03,170.40292358398438,307.4588317871094,131.34445190429688,124.72000122070312,43.48658752441406
2023-10-04,171.64834594726562,312.92340087890625,134.1313934326172,127.0,44.01022720336914
2023-10-05,172.8838653564453,313.3158264160156,133.96279907226562,125.95999908447266,44.656776428222656
2023-10-06,175.43397521972656,321.06634521484375,136.4522247314453,127.95999908447266,45.73002624511719
2023-10-09,176.9166259765625,323.577880859375,137.28533935546875,128.25999450683594,45.24136734008789
2023-10-10,176.3235626220703,322.1749572753906,136.92828369140625,129.47999572753906,45.7659912109375
2023-10-11,177.71722412109375,326.128662109375,139.3978729248047,131.8300018310547,46.77329635620117
2023-10-12,178.61668395996094,324.8924865722656,137.83082580566406,132.3300018310547,46.91219711303711
2023-10-13,176.77821350097656,321.5274353027344,136.23402404785156,129.7899932861328,45.42923355102539
2023-10-16,176.6497344970703,326.344482421875,137.9597625732422,132.5500030517578,46.06278991699219
2023-10-17,175.0979461669922,325.7754821777344,138.57470703125,131.47000122070312,43.90729522705078
2023-10-18,173.80308532714844,323.86236572265625,136.82911682128906,128.1300048828125,42.1665153503418
2023-10-19,173.42747497558594,325.0494689941406,136.62083435058594,128.39999389648438,42.07158660888672
2023-10-20,170.87738037109375,320.48748779296875,134.48846435546875,125.16999816894531,41.35807418823242
2023-10-23,170.99598693847656,323.0873718261719,135.38107299804688,126.55999755859375,42.94497299194336
2023-10-24,171.43089294433594,324.2744445800781,137.67214965820312,128.55999755859375,43.632484436035156
2023-10-25,169.11801147460938,334.2225646972656,124.5803451538086,121.38999938964844,41.74980545043945
2023-10-26,164.95675659179688,321.6844177246094,121.27764892578125,119.56999969482422,40.297821044921875
2023-10-27,166.27134704589844,323.5680847167969,121.16853332519531,127.73999786376953,40.47169876098633
2023-10-30,168.31736755371094,330.9261474609375,123.43975830078125,132.7100067138672,41.132240295410156
2023-10-31,168.79183959960938,331.7109680175781,123.0628890991211,133.08999633789062,40.751502990722656
2023-11-01,171.9547576904297,339.52032470703125,125.4134521484375,137.0,42.295433044433594
2023-11-02,175.5130615234375,341.7277526855469,126.44493865966797,138.07000732421875,43.4755973815918
2023-11-03,174.6036834716797,346.1229248046875,128.04173278808594,138.60000610351562,44.97355270385742
2023-11-06,177.15383911132812,349.7823486328125,129.18228149414062,139.74000549316406,45.71902847290039
2023-11-07,179.7138214111328,353.7066650390625,129.89639282226562,142.7100067138672,45.922889709472656
2023-11-08,180.7714080810547,356.3261413574219,130.75929260253906,142.0800018310547,46.54145812988281
2023-11-09,180.2969970703125,353.8636474609375,129.17239379882812,140.60000610351562,46.91719055175781
2023-11-10,184.4834747314453,362.6737060546875,131.5031280517578,143.55999755859375,48.30122756958008
2023-11-13,182.8999481201172,359.74029541015625,131.00721740722656,142.58999633789062,48.58602523803711
2023-11-14,185.51280212402344,363.2622985839844,132.52467346191406,145.8000030517578,49.621299743652344
2023-11-15,186.0769500732422,363.4098205566406,133.51649475097656,143.1999969482422,48.853843688964844
2023-11-16,187.7594757080078,369.7997131347656,135.80755615234375,142.8300018310547,49.44541931152344
2023-11-17,187.7396697998047,363.5867004394531,134.20082092285156,145.17999267578125,49.26355743408203
2023-11-20,189.48158264160156,371.0481872558594,135.1331329345703,146.1300048828125,50.37377166748047
2023-11-21,188.67990112304688,366.752197265625,135.84722900390625,143.89999389648438,49.90910339355469
2023-11-22,189.34300231933594,371.4512634277344,137.35475158691406,146.7100067138672,48.68196105957031
2023-11-24,188.01675415039062,371.0383605957031,135.56954956054688,146.74000549316406,47.74261474609375
2023-11-27,187.83863830566406,372.1983337402344,135.2918243408203,147.72999572753906,48.208290100097656
2023-11-28,188.4423828125,376.21917724609375,136.07533264160156,147.02999877929688,47.78758239746094
2023-11-29,187.4229278564453,372.434326171875,133.88343811035156,146.32000732421875,48.106361389160156
2023-11-30,187.99700927734375,372.49334716796875,131.443603515625,146.08999633789062,46.73731994628906
2023-12-01,189.2737579345703,368.1678466796875,130.7790985107422,147.02999877929688,46.73232650756836
2023-12-04,187.48231506347656,362.8887939453125,128.21034240722656,144.83999633789062,45.478206634521484
2023-12-05,191.43133544921875,366.2114562988281,129.91624450683594,146.8800048828125,46.537559509277344
2023-12-06,190.34262084960938,362.55450439453125,128.95420837402344,144.52000427246094,45.47520446777344
2023-12-07,192.27259826660156,364.6680908203125,135.80755615234375,146.8800048828125,46.567527770996094
2023-12-08,193.69778442382812,367.892578125,133.88343811035156,147.4199981689453,47.47697830200195
2023-12-11,191.19378662109375,365.0121154785156,132.19737243652344,145.88999938964844,46.59851837158203
2023-12-12,192.70806884765625,368.0400085449219,131.43370056152344,147.47999572753906,47.62788772583008
2023-12-13,195.92465209960938,368.0301818847656,131.48329162597656,148.83999633789062,48.058624267578125
2023-12-14,196.07308959960938,359.7331237792969,130.85845947265625,147.4199981689453,48.320465087890625
2023-12-15,195.53866577148438,364.45184326171875,131.51304626464844,149.97000122070312,48.860137939453125
2023-12-18,193.87591552734375,366.33929443359375,134.6868133544922,154.07000732421875,50.04640579223633
2023-12-19,194.91513061523438,366.9389953613281,135.5298309326172,153.7899932861328,49.573692321777344
2023-12-20,192.8268280029297,364.34368896484375,137.20596313476562,152.1199951171875,48.081607818603516
2023-12-21,192.6783447265625,367.2142333984375,139.26895141601562,153.83999633789062,48.9600715637207
2023-12-22,191.60946655273438,368.23663330078125,140.33016967773438,153.4199981689453,48.800167083740234
2023-12-26,191.06512451171875,368.3153076171875,140.3599395751953,153.41000366210938,49.2488899230957
2023-12-27,191.16409301757812,367.7352600097656,139.2193603515625,153.33999633789062,49.386810302734375
2023-12-28,191.5896759033203,368.9247741699219,139.0804901123047,153.3800048828125,49.49174880981445
2023-12-29,190.55047607421875,369.671875,138.544921875,151.94000244140625,49.49174880981445
2024-01-02,183.73130798339844,364.58941650390625,137.0373992919922,149.92999267578125,48.13856887817383
2024-01-03,182.35562133789062,364.3240051269531,137.78125,148.47000122070312,47.53993606567383
2024-01-04,180.03964233398438,361.70904541015625,135.27195739746094,144.57000732421875,47.96867752075195
2024-01-05,179.31715393066406,361.52227783203125,134.61741638183594,145.24000549316406,49.06700897216797
2024-01-08,183.6521453857422,368.3447570800781,137.701904296875,149.10000610351562,52.22107696533203
2024-01-09,183.2364501953125,369.4261474609375,139.7946014404297,151.3699951171875,53.10753631591797
2024-01-10,184.27566528320312,376.2879333496094,141.1136932373047,153.72999572753906,54.316795349121094
2024-01-11,183.6818389892578,378.116455078125,140.9153289794922,155.17999267578125,54.788509368896484
2024-01-12,184.00843811035156,381.8914794921875,141.4806671142578,154.6199951171875,54.676578521728516
2024-01-16,181.7419891357422,383.6609191894531,141.32199096679688,153.16000366210938,56.34756088256836
2024-01-17,180.80174255371094,382.87445068359375,140.31033325195312,151.7100067138672,56.018760681152344
2024-01-18,186.69056701660156,387.199951171875,142.3038330078125,153.5,57.072113037109375
2024-01-19,189.5904541015625,391.9187316894531,145.18008422851562,155.33999633789062,59.454654693603516
2024-01-22,191.89649963378906,389.7952575683594,144.79330444335938,154.77999877929688,59.617557525634766
2024-01-23,193.1732177734375,392.1448059082031,145.83468627929688,156.02000427246094,59.83642578125
2024-01-24,192.500244140625,395.7427978515625,147.4810791015625,156.8699951171875,61.32451248168945
2024-01-25,192.17361450195312,398.0137023925781,150.6250762939453,157.75,61.57936096191406
2024-01-26,190.4416046142578,397.089599609375,150.9424591064453,159.1199951171875,60.993717193603516
2024-01-29,189.75869750976562,402.78155517578125,152.2516326904297,161.25999450683594,62.426841735839844
2024-01-30,186.10662841796875,401.67071533203125,150.2184600830078,159.0,62.73564529418945
2024-01-31,182.50405883789062,390.8471374511719,138.9515838623047,155.1999969482422,61.489418029785156
2024-02-01,184.9387664794922,396.942138671875,140.0028839111328,159.27999877929688,62.988502502441406
2024-02-02,183.9391632080078,404.2561340332031,141.21287536621094,171.80999755859375,66.11958312988281
2024-02-05,185.7503204345703,398.78045654296875,142.50222778320312,170.30999755859375,69.28964233398438
2024-02-06,187.35366821289062,398.62322998046875,142.9187774658203,169.14999389648438,68.18132019042969
2024-02-07,187.46253967285156,407.0382080078125,144.3469696044922,170.52999877929688,70.0561752319336
2024-02-08,186.3837432861328,407.0971984863281,144.71395874023438,169.83999633789062,69.59844970703125
2024-02-09,187.14678955078125,413.4281311035156,147.7786102294922,174.4499969482422,72.08894348144531
2024-02-12,185.46212768554688,408.2276916503906,146.32064819335938,172.33999633789062,72.20386505126953
2024-02-13,183.37115478515625,399.4390869140625,143.9502410888672,168.63999938964844,72.08394622802734
2024-02-14,182.48919677734375,403.2998046875,144.7436981201172,170.97999572753906,73.8548583984375
2024-02-15,182.2018280029297,400.4141845703125,141.59970092773438,169.8000030517578,72.61360931396484
2024-02-16,180.66580200195312,397.95196533203125,139.36813354492188,169.50999450683594,72.56864166259766
2024-02-20,179.92254638671875,396.7011413574219,139.96319580078125,167.0800018310547,69.40957641601562
2024-02-21,180.6757049560547,396.10040283203125,141.38148498535156,168.58999633789062,67.4307861328125
2024-02-22,182.7071990966797,405.4272155761719,142.9088592529297,174.5800018310547,78.49002075195312
2024-02-23,180.87391662597656,404.13702392578125,142.7799072265625,174.99000549316406,78.76885986328125
2024-02-26,179.5261688232422,401.3793640136719,136.4423065185547,174.72999572753906,79.04368591308594
2024-02-27,180.98292541503906,401.3202819824219,137.7415771484375,173.5399932861328,78.65291595458984
2024-02-28,179.78379821777344,401.55657958984375,135.26206970214844,173.16000366210938,77.61555480957031
2024-02-29,179.11985778808594,407.3871765136719,137.32501220703125,176.75999450683594,79.06367492675781
2024-03-01,178.03970336914062,409.218994140625,136.01583862304688,178.22000122070312,82.2287368774414
2024-03-04,173.52081298828125,408.6478271484375,132.25689697265625,177.5800018310547,85.18492889404297
2024-03-05,168.585693359375,396.563232421875,131.58248901367188,174.1199951171875,85.91551208496094
2024-03-06,167.59474182128906,396.01177978515625,130.3228759765625,173.50999450683594,88.64997100830078
2024-03-07,167.475830078125,402.9551696777344,133.2784423828125,176.82000732421875,92.61672973632812
2024-03-08,169.19021606445312,400.07928466796875,134.30001831054688,175.35000610351562,87.47863006591797
2024-03-11,171.19200134277344,398.4049987792969,136.54147338867188,171.9600067138672,85.72561645507812
2024-03-12,171.66766357421875,409.0023193359375,137.3647003173828,175.38999938964844,91.86116790771484
2024-03-13,169.5866241455078,408.8251037597656,138.64410400390625,176.55999755859375,90.83673858642578
2024-03-14,171.43975830078125,418.7921142578125,141.92697143554688,178.75,87.89440155029297
2024-03-15,171.06317138671875,410.1251220703125,140.022705078125,174.4199981689453,87.7874526977539
2024-03-18,172.1532440185547,411.011474609375,146.46942138671875,174.47999572753906,88.40510559082031
2024-03-19,174.49197387695312,415.0396728515625,145.8247528076172,175.89999389648438,89.34758758544922
2024-03-20,177.05860900878906,418.80194091796875,147.52073669433594,178.14999389648438,90.32103729248047
2024-03-21,169.82444763183594,422.87933349609375,146.39007568359375,178.14999389648438,91.3834228515625
2024-03-22,170.7262420654297,422.25885009765625,149.5341033935547,178.8699951171875,94.23580932617188
2024-03-25,169.3091583251953,416.4677429199219,148.83985900878906,179.7100067138672,94.94841003417969
2024-03-26,168.179443359375,415.2760314941406,149.43492126464844,178.3000030517578,92.5087890625
2024-03-27,171.74696350097656,415.05938720703125,149.63328552246094,179.8300018310547,90.1990966796875
2024-03-28,169.9334716796875,414.360107421875,149.6927947998047,180.3800048828125,90.30503845214844
2024-04-01,168.49652099609375,418.1519470214844,154.21542358398438,180.97000122070312,90.3120346069336
2024-04-02,167.31727600097656,415.0692138671875,153.29302978515625,180.69000244140625,89.40155029296875
2024-04-03,168.11996459960938,414.0942077636719,153.6501007080078,182.41000366210938,88.91382598876953
2024-04-04,167.29745483398438,411.56304931640625,149.29605102539062,180.0,85.8565444946289
2024-04-05,168.05059814453125,419.0875244140625,151.2499237060547,185.07000732421875,87.95835876464844
2024-04-08,166.93080139160156,418.171630859375,153.5806884765625,185.19000244140625,87.08385467529297
2024-04-09,168.13978576660156,419.8360900878906,155.31634521484375,185.6699981689453,85.30584716796875
2024-04-10,166.26683044433594,416.8617248535156,154.86009216308594,185.9499969482422,86.98990631103516
2024-04-11,173.4613494873047,421.46112060546875,158.10330200195312,189.0500030517578,90.56488800048828
2024-04-12,174.95774841308594,415.5222473144531,156.4370574951172,186.1300048828125,88.1362533569336
2024-04-15,171.132568359375,407.3871765136719,153.590576171875,183.6199951171875,85.95249938964844
2024-04-16,167.8524169921875,408.31292724609375,153.1343231201172,183.32000732421875,87.36568450927734
2024-04-17,166.48484802246094,405.6143493652344,154.19558715820312,181.27999877929688,83.98760223388672
2024-04-18,165.53350830078125,398.15875244140625,154.7311553955078,179.22000122070312,84.62323760986328
2024-04-19,163.51190185546875,393.086669921875,152.82688903808594,174.6300048828125,76.15702819824219
2024-04-22,164.34432983398438,394.8987731933594,154.99891662597656,177.22999572753906,79.47314453125
2024-04-23,165.394775390625,401.40887451171875,156.9626922607422,179.5399932861328,82.37651824951172
2024-04-24,167.4956512451172,402.8763122558594,157.82557678222656,176.58999633789062,79.63206481933594
2024-04-25,168.35780334472656,393.0078125,154.72125244140625,173.6699981689453,82.58539581298828
2024-04-26,167.77313232421875,400.1777648925781,170.5404815673828,179.6199951171875,87.68553161621094
2024-04-29,171.93524169921875,396.1693115234375,164.78802490234375,180.9600067138672,87.70750427246094
2024-04-30,168.7938232421875,383.4446105957031,161.4456329345703,175.0,86.353271484375
2024-05-01,167.77313232421875,388.9698181152344,162.5167999267578,179.0,82.99414825439453
2024-05-02,171.46946716308594,391.8259582519531,165.25416564941406,184.72000122070312,85.76860046386719
2024-05-03,181.72613525390625,400.5126647949219,165.8690948486328,186.2100067138672,88.73892211914062
2024-05-06,180.0712127685547,407.2886047363281,166.72206115722656,188.6999969482422,92.08802795410156
2024-05-07,180.75497436523438,403.1521301269531,169.84622192382812,188.75999450683594,90.50293731689453
2024-05-08,181.09193420410156,404.3340148925781,167.99156188964844,188.0,90.36100769042969
2024-05-09,182.90542602539062,406.0870666503906,168.56678771972656,189.5,88.69694519042969
2024-05-10,181.64517211914062,408.47052001953125,167.2675323486328,187.47999572753906,89.82731628417969
2024-05-13,184.85035705566406,407.4659423828125,167.75352478027344,186.57000732421875,90.3480224609375
2024-05-14,185.9915313720703,410.26300048828125,168.9436798095703,187.07000732421875,91.30448150634766
2024-05-15,188.26397705078125,417.4360046386719,171.0959014892578,185.99000549316406,94.57662963867188
2024-05-16,188.38302612304688,415.37384033203125,172.752197265625,183.6300048828125,94.3057861328125
2024-05-17,188.4127960205078,414.6042785644531,174.6167755126953,184.6999969482422,92.42683410644531
2024-05-20,189.5738067626953,419.6658630371094,175.46974182128906,183.5399932861328,94.72654724121094
2024-05-21,190.87379455566406,423.3164978027344,176.39210510253906,183.14999389648438,95.33220672607422
2024-05-22,189.43487548828125,424.7767333984375,174.93418884277344,183.1300048828125,94.89644622802734
2024-05-23,185.44578552246094,421.3037414550781,172.1273956298828,181.0500030517578,103.7404556274414
2024-05-24,188.52195739746094,424.42156982421875,173.55557250976562,180.75,106.40895080566406
2024-05-28,188.5319061279297,424.57940673828125,174.95401000976562,182.14999389648438,113.83673858642578
2024-05-29,188.82958984375,423.44476318359375,174.45809936523438,182.02000427246094,114.76023864746094
2024-05-30,189.8218994140625,409.13824462890625,170.69918823242188,179.32000732421875,110.43766784667969
2024-05-31,190.77455139160156,409.59210205078125,171.0859832763672,176.44000244140625,109.5711669921875
2024-06-03,192.5408935546875,408.0035095214844,171.75048828125,178.33999633789062,114.93512725830078
2024-06-04,192.85842895507812,410.51953125,172.3654022216797,179.33999633789062,116.37132263183594
2024-06-05,194.36676025390625,418.3536682128906,173.9721221923828,181.27999877929688,122.37094116210938
2024-06-06,192.9874267578125,418.8568115234375,175.28128051757812,185.0,120.92976379394531
2024-06-07,195.37892150878906,418.19573974609375,173.02992248535156,184.3000030517578,120.81981658935547
2024-06-10,191.63784790039062,422.162109375,173.7746124267578,187.05999755859375,121.72130584716797
2024-06-11,205.5601806640625,426.9079284667969,175.3732452392578,187.22999572753906,120.85174560546875
2024-06-12,211.43475341796875,435.1761474609375,176.53497314453125,186.88999938964844,125.13966369628906
2024-06-13,212.59579467773438,435.6892395019531,173.92355346679688,183.8300018310547,129.5475311279297
2024-06-14,210.85923767089844,436.66607666015625,175.5420379638672,183.66000366210938,131.81643676757812
2024-06-17,215.0071258544922,442.388671875,175.9888916015625,184.05999755859375,130.91688537597656
2024-06-18,212.6453857421875,440.3857421875,173.85403442382812,182.80999755859375,135.51466369628906
2024-06-20,208.07077026367188,439.7542419433594,175.05551147460938,186.10000610351562,130.7169647216797
2024-06-21,205.8975830078125,443.7798156738281,178.3620147705078,189.0800018310547,126.50900268554688
2024-06-24,206.54257202148438,441.69793701171875,177.95489501953125,185.57000732421875,118.0530776977539
2024-06-25,207.46546936035156,444.93426513671875,182.73092651367188,186.33999633789062,126.02922058105469
2024-06-26,211.61338806152344,446.1280822753906,182.58201599121094,193.61000061035156,126.3390884399414
2024-06-27,212.45687866210938,446.8088684082031,184.10121154785156,197.85000610351562,123.93025207519531
2024-06-28,209.00357055664062,440.9875793457031,180.8642120361328,193.25,123.48046112060547
2024-07-01,215.08653259277344,450.6371154785156,181.6983184814453,197.1999969482422,124.24010467529297
2024-07-02,218.57952880859375,453.153076171875,183.93238830566406,200.0,122.61088562011719
2024-07-03,219.84970092773438,454.62322998046875,184.50831604003906,197.58999633789062,128.21817016601562
2024-07-05,224.60292053222656,461.3226318359375,189.2545623779297,200.0,125.76936340332031
2024-07-08,226.07156372070312,460.0202331542969,187.69564819335938,199.2899932861328,128.13818359375
2024-07-09,226.92495727539062,453.4096984863281,187.64599609375,199.33999633789062,131.3166961669922
2024-07-10,231.1919403076172,460.0301513671875,189.8304443359375,199.7899932861328,134.84500122070312
2024-07-11,225.82350158691406,448.6342468261719,184.26010131835938,195.0500030517578,127.33861541748047
2024-07-12,228.77069091796875,447.49957275390625,183.7635955810547,194.49000549316406,129.177734375
2024-07-15,232.60105895996094,447.9040832519531,185.2133026123047,192.72000122070312,128.3781280517578
2024-07-16,233.01785278320312,443.52325439453125,182.62171936035156,193.02000427246094,126.29910278320312
2024-07-17,227.12344360351562,437.60333251953125,179.74221801757812,187.92999267578125,117.93312072753906
2024-07-18,222.45948791503906,434.495361328125,176.43569946289062,183.75,121.0316390991211
2024-07-19,222.5885009765625,431.27880859375,176.40591430664062,183.1300048828125,117.87317657470703
2024-07-22,222.24118041992188,437.03106689453125,180.38760375976562,182.5500030517578,123.48046112060547
2024-07-23,223.2831268310547,438.9156188964844,180.5067596435547,186.41000366210938,122.53092193603516
2024-07-24,216.86279296875,423.1784362792969,171.41140747070312,180.8300018310547,114.19493865966797
2024-07-25,215.82083129882812,412.8184814453125,166.09918212890625,179.85000610351562,112.22588348388672
2024-07-26,216.28724670410156,419.5967712402344,165.82115173339844,182.5,113.00550842285156
2024-07-29,216.56507873535156,421.0373229980469,168.33331298828125,183.1999969482422,111.53621673583984
2024-07-30,217.12078857421875,417.2781677246094,169.0879364013672,181.7100067138672,103.68000793457031
2024-07-31,220.3756103515625,412.7691345214844,170.32911682128906,186.97999572753906,116.96359252929688
2024-08-01,216.6841583251953,411.5456237792969,169.5546112060547,184.07000732421875,109.1573715209961
2024-08-02,218.1726531982422,403.0406494140625,165.4835662841797,167.89999389648438,107.21829986572266
2024-08-05,207.66392517089844,389.87860107421875,158.12586975097656,161.02000427246094,100.4015884399414
2024-08-06,205.6396026611328,394.2790832519531,157.17263793945312,161.92999267578125,104.19976043701172
2024-08-07,208.209716796875,393.1148681640625,157.8180389404297,162.77000427246094,98.86234283447266
2024-08-08,211.67291259765625,397.3180847167969,160.88621520996094,165.8000030517578,104.9194107055664
2024-08-09,214.58042907714844,400.60357666015625,162.51466369628906,166.94000244140625,104.69952392578125
2024-08-12,216.1103973388672,401.3830261230469,161.14439392089844,166.8000030517578,108.96746063232422
2024-08-13,219.8259735107422,408.487060546875,163.00120544433594,170.22999572753906,116.08402252197266
2024-08-14,220.27305603027344,411.2989807128906,159.23794555664062,170.10000610351562,118.02310180664062
2024-08-15,223.2534637451172,416.1620788574219,160.16139221191406,177.58999633789062,122.80078887939453
2024-08-16,224.57479858398438,413.6316833496094,161.80967712402344,177.05999755859375,124.51997375488281
2024-08-19,224.41583251953125,416.65631103515625,165.4934844970703,178.22000122070312,129.93734741210938
2024-08-20,225.0317840576172,419.88848876953125,165.9998779296875,178.8800048828125,127.18868255615234
2024-08-21,224.9224853515625,419.2361755371094,164.67926025390625,180.11000061035156,128.4380645751953
2024-08-22,223.06471252441406,410.7454528808594,162.64373779296875,176.1300048828125,123.68036651611328
2024-08-23,225.359619140625,411.97113037109375,164.45086669921875,177.0399932861328,129.30763244628906
2024-08-26,225.69741821289062,408.70928955078125,164.98707580566406,175.5,126.39905548095703
2024-08-27,226.5418701171875,409.05523681640625,163.51751708984375,173.1199951171875,128.23817443847656
2024-08-28,225.01190185546875,405.85272216796875,161.70045471191406,170.8000030517578,125.54946899414062
2024-08-29,228.29039001464844,408.3435974121094,160.63800048828125,172.1199951171875,117.5333251953125
2024-08-30,227.50552368164062,412.317138671875,162.2267303466797,178.5,119.3124771118164
2024-09-03,221.31619262695312,404.70611572265625,156.2492218017578,176.25,107.94794464111328
2024-09-04,219.40872192382812,404.1723327636719,155.3456268310547,173.3300018310547,106.15880584716797
2024-09-05,220.92872619628906,403.6682434082031,156.1300506591797,177.88999938964844,107.15833282470703
2024-09-06,219.37892150878906,397.0556335449219,149.85467529296875,171.38999938964844,102.78044128417969
2024-09-09,219.4683380126953,401.02911376953125,147.85621643066406,175.39999389648438,106.41868591308594
2024-09-10,218.6735382080078,409.4111022949219,147.80650329589844,179.5500030517578,108.04789733886719
2024-09-11,221.20689392089844,418.1488952636719,150.29212951660156,184.52000427246094,116.8536605834961
2024-09-12,221.31619262695312,422.0630798339844,153.8018798828125,187.0,119.0927734375
2024-09-13,221.04794311523438,425.6115417480469,156.55596923828125,186.49000549316406,119.05277252197266
2024-09-16,214.90829467773438,426.3529052734375,157.15252685546875,184.88999938964844,116.73369598388672
2024-09-17,215.37521362304688,430.1188659667969,158.40528869628906,186.8800048828125,115.54417419433594
2024-09-18,219.24977111816406,425.8289794921875,158.8924560546875,186.42999267578125,113.32505798339844
2024-09-19,227.3763885498047,433.6178894042969,161.2091064453125,189.8699951171875,117.8232650756836
2024-09-20,226.7107696533203,430.23748779296875,162.65077209472656,191.60000610351562,115.95401000976562
2024-09-23,224.99205017089844,428.497802734375,160.9207763671875,193.8800048828125,116.21392059326172
2024-09-24,225.88616943359375,424.2080078125,161.3582305908203,193.9600067138672,120.82208251953125
2024-09-25,224.89268493652344,427.11395263671875,160.56283569335938,192.52999877929688,123.4610366821289
2024-09-26,226.0352020263672,426.3232727050781,161.7957000732422,191.16000366210938,123.9908218383789
2024-09-27,226.3034210205078,423.0712890625,163.00869750976562,187.97000122070312,121.35187530517578
2024-09-30,231.4794464111328,425.324951171875,164.89781188964844,186.3300018310547,121.39186096191406
2024-10-01,224.73374938964844,415.8260498046875,166.03123474121094,185.1300048828125,116.95361328125
2024-10-02,225.30001831054688,412.30718994140625,164.90774536132812,184.75999450683594,118.8028793334961
2024-10-03,224.19725036621094,411.7240295410156,164.90774536132812,181.9600067138672,122.80130004882812
2024-10-04,225.3199005126953,411.2495422363281,166.100830078125,186.50999450683594,124.87047576904297
2024-10-07,220.2432403564453,404.80499267578125,162.0442657470703,180.8000030517578,127.66937255859375
2024-10-08,224.296630859375,409.9151916503906,163.4362335205078,182.72000122070312,132.83731079101562
2024-10-09,228.04200744628906,412.63336181640625,160.9307098388672,185.1699981689453,132.597412109375
2024-10-10,227.54527282714844,411.0321350097656,161.14944458007812,186.64999389648438,134.75656127929688
2024-10-11,226.0649871826172,411.5066223144531,162.30279541015625,188.82000732421875,134.74656677246094
2024-10-14,229.79051208496094,414.2939453125,164.0128936767578,187.5399932861328,138.01527404785156
2024-10-15,232.3238983154297,413.8985595703125,164.51004028320312,187.69000244140625,131.54783630371094
2024-10-16,230.26739501953125,411.30889892578125,164.21176147460938,186.88999938964844,135.66619873046875
2024-10-17,230.63497924804688,411.9019470214844,161.9945526123047,187.52999877929688,136.87571716308594
2024-10-18,233.4663848876953,413.3252868652344,162.4817352294922,188.99000549316406,137.94529724121094
2024-10-21,234.9367218017578,413.9381103515625,163.12802124023438,189.07000732421875,143.6530303955078
2024-10-22,234.32077026367188,422.56719970703125,164.19186401367188,189.6999969482422,143.53309631347656
2024-10-23,229.25404357910156,419.69085693359375,161.8454132080078,184.7100067138672,139.50466918945312
2024-10-24,229.0653076171875,419.8193359375,161.7857666015625,186.3800048828125,140.35433959960938
2024-10-25,229.8998260498047,423.19976806640625,164.3211212158203,187.8300018310547,141.48388671875
2024-10-28,231.87681579589844,421.6578063964844,165.76280212402344,188.38999938964844,140.46429443359375
2024-10-29,232.14505004882812,426.9558410644531,168.705810546875,190.8300018310547,141.19400024414062
2024-10-30,228.5983428955078,427.5291442871094,173.45835876464844,192.72999572753906,139.28475952148438
2024-10-31,224.43569946289062,401.6518859863281,170.12757873535156,186.39999389648438,132.70738220214844
2024-11-01,221.45526123046875,405.6253662109375,170.30654907226562,197.92999267578125,135.34632873535156
2024-11-04,220.56114196777344,403.7373962402344,168.26834106445312,195.77999877929688,135.99607849121094
2024-11-05,221.99176025390625,406.7027282714844,168.7654571533203,199.5,139.8545379638672
2024-11-06,221.26651000976562,415.32196044921875,175.49659729003906,207.08999633789062,145.55226135253906
2024-11-07,225.9954376220703,420.51123046875,179.71224975585938,210.0500030517578,148.8209991455078
2024-11-08,225.72694396972656,417.6546630859375,177.32601928710938,208.17999267578125,147.5714874267578
2024-11-11,223.01174926757812,413.17706298828125,179.31454467773438,206.83999633789062,145.20240783691406
2024-11-12,223.01174926757812,418.13897705078125,180.57723999023438,208.91000366210938,148.23118591308594
2024-11-13,223.89691162109375,420.2839050292969,177.8529815673828,214.10000610351562,146.21202087402344
2024-11-14,226.98007202148438,421.9543762207031,174.5719451904297,211.47999572753906,146.7018280029297
2024-11-15,223.77755737304688,410.2018127441406,171.49969482421875,202.61000061035156,141.9237060546875
2024-11-18,226.78115844726562,410.95306396484375,174.29354858398438,201.6999969482422,140.09442138671875
2024-11-19,227.0397491455078,412.9595642089844,177.0973358154297,204.61000061035156,146.95172119140625
2024-11-20,227.75582885742188,410.6861877441406,174.9696502685547,202.8800048828125,145.83216857910156
2024-11-21,227.27847290039062,408.913330078125,166.66758728027344,198.3800048828125,146.6118621826172
2024-11-22,228.62110900878906,413.00372314453125,163.81405639648438,197.1199951171875,141.89373779296875
2024-11-25,231.6048126220703,414.7765808105469,166.68743896484375,201.4499969482422,135.96607971191406
2024-11-26,233.78292846679688,423.8883972167969,168.14903259277344,207.86000061035156,136.86573791503906
2024-11-27,233.65362548828125,418.93634033203125,168.2583770751953,205.74000549316406,135.2863311767578
2024-11-29,236.0406036376953,419.40179443359375,167.97999572753906,207.88999938964844,138.19520568847656
2024-12-02,238.2882843017578,426.84979248046875,170.50540161132812,210.7100067138672,138.57504272460938
2024-12-03,241.33168029785156,427.06768798828125,170.35629272460938,213.44000244140625,140.20440673828125
2024-12-04,241.68971252441406,433.22802734375,173.36888122558594,218.16000366210938,145.0824737548828
2024-12-05,241.71954345703125,438.37823486328125,171.6488037109375,220.5500030517578,145.0124969482422
2024-12-06,241.52064514160156,439.3191223144531,173.70693969726562,227.02999877929688,142.3933563232422
2024-12-09,245.40940856933594,441.7456359863281,174.56297302246094,226.08999633789062,138.7645263671875
2024-12-10,246.42384338378906,439.0813903808594,184.31787109375,225.0399932861328,135.0257568359375
2024-12-11,245.15081787109375,444.68719482421875,194.50079345703125,230.25999450683594,139.2643585205078
2024-12-12,246.6128387451172,445.251708984375,191.07662963867188,228.97000122070312,137.29501342773438
2024-12-13,246.7819061279297,442.983642578125,188.94647216796875,227.4600067138672,134.20602416992188
2024-12-16,249.6761016845703,447.26226806640625,195.75498962402344,232.92999267578125,131.95675659179688
2024-12-17,252.1028289794922,450.104736328125,194.52069091796875,231.14999389648438,130.3472900390625
2024-12-18,246.70233154296875,433.1983337402344,187.53298950195312,220.52000427246094,128.86778259277344
2024-12-19,248.43289184570312,432.84173583984375,187.6425018310547,223.2899932861328,130.63717651367188
2024-12-20,253.10736083984375,432.4158630371094,190.52915954589844,224.9199981689453,134.65586853027344
2024-12-23,253.8831024169922,431.0788269042969,193.73434448242188,225.05999755859375,139.62425231933594
2024-12-24,256.7972106933594,435.1197204589844,195.20751953125,229.0500030517578,140.17408752441406
2024-12-26,257.61273193359375,433.9114074707031,194.69989013671875,227.0500030517578,139.88417053222656
2024-12-27,254.2013702392578,426.404052734375,191.8729248046875,223.75,136.96510314941406
2024-12-30,250.82980346679688,420.7586975097656,190.35995483398438,221.3000030517578,137.44496154785156
2024-12-31,249.05946350097656,417.4606018066406,188.4288787841797,219.38999938964844,134.2460174560547
2025-01-02,242.52516174316406,414.5685729980469,188.55825805664062,220.22000122070312,138.26470947265625
2025-01-03,242.03781127929688,419.2928771972656,190.9073944091797,224.19000244140625,144.4226837158203
2025-01-06,243.66891479492188,423.749755859375,195.9640350341797,227.61000061035156,149.38104248046875
2025-01-07,240.89407348632812,418.322265625,194.5903778076172,222.11000061035156,140.09408569335938
2025-01-08,241.38140869140625,420.4913024902344,193.05746459960938,222.1300048828125,140.06410217285156
2025-01-10,235.5631866455078,414.93505859375,191.15623474121094,218.94000244140625,135.86549377441406
2025-01-13,233.12649536132812,413.1919250488281,190.13099670410156,218.4600067138672,133.18637084960938
2025-01-14,232.01258850097656,411.6864929199219,188.7871856689453,217.75999450683594,131.71682739257812
2025-01-15,236.57765197753906,422.2244873046875,194.6501007080078,223.35000610351562,136.1953887939453
2025-01-16,227.0198516845703,420.51104736328125,192.02224731445312,220.66000366210938,133.5262451171875
2025-01-17,228.7305145263672,424.91845703125,195.09803771972656,225.94000244140625,137.66490173339844
2025-01-21,221.43040466308594,424.3935546875,197.1385955810547,230.7100067138672,140.78387451171875
2025-01-22,222.61392211914062,441.9239196777344,197.45712280273438,235.00999450683594,147.0218505859375
2025-01-23,222.44485473632812,442.42901611328125,197.0689239501953,235.4199981689453,147.17178344726562
2025-01-24,221.5696258544922,439.8044128417969,199.28866577148438,234.85000610351562,142.57327270507812
2025-01-27,228.61117553710938,430.39544677734375,190.92733764648438,235.4199981689453,118.38121032714844
2025-01-28,236.9655303955078,442.914306640625,194.40126037597656,238.14999389648438,128.94776916503906
2025-01-29,238.05953979492188,438.0909729003906,194.5107421875,237.07000732421875,123.65948486328125
2025-01-30,236.29916381835938,411.01300048828125,199.9456329345703,234.63999938964844,124.60916900634766
2025-01-31,234.71778869628906,411.0823669433594,203.0811309814453,237.67999267578125,120.03067016601562
2025-02-03,226.77120971679688,406.9820556640625,200.303955078125,237.4199981689453,116.62179565429688
2025-02-04,231.53518676757812,408.4180908203125,205.43026733398438,242.05999755859375,118.61113739013672
2025-02-05,231.2069854736328,409.3293151855469,190.4495391845703,236.1699981689453,124.78911590576172
2025-02-06,231.9529266357422,411.83502197265625,190.71829223632812,238.8300018310547,128.63784790039062
2025-02-07,226.39329528808594,405.8232116699219,184.48707580566406,229.14999389648438,129.79745483398438
2025-02-10,226.662109375,408.2695617675781,185.6118927001953,233.13999938964844,133.5262451171875
2025-02-11,231.61053466796875,407.4970397949219,184.46719360351562,232.75999450683594,132.7565155029297
2025-02-12,235.84210205078125,405.1199951171875,182.76504516601562,228.92999267578125,131.0970458984375
2025-02-13,240.4818878173828,406.6056213378906,185.2834014892578,230.3699951171875,135.2456817626953
2025-02-14,243.53855895996094,404.515869140625,184.3776092529297,228.67999267578125,138.80453491210938
2025-02-18,243.4091033935547,405.7142639160156,182.92433166503906,226.64999389648438,139.35435485839844
2025-02-19,243.807373046875,410.79510498046875,184.41741943359375,226.6300048828125,139.18438720703125
2025-02-20,244.76321411132812,412.968505859375,183.71067810058594,222.8800048828125,140.06410217285156
2025-02-21,244.48443603515625,405.108642578125,178.83322143554688,216.5800018310547,134.38595581054688
2025-02-24,246.0277099609375,400.93060302734375,178.4251251220703,212.7100067138672,130.23733520507812
2025-02-25,245.96795654296875,394.876953125,174.6127166748047,212.8000030517578,126.58851623535156
2025-02-26,239.31695556640625,396.6930847167969,171.9351043701172,214.35000610351562,131.23699951171875
2025-02-27,236.27024841308594,389.5477600097656,167.72457885742188,208.74000549316406,120.11064910888672
2025-02-28,240.79052734375,393.973876953125,169.4963836669922,212.27999877929688,124.87908172607422
2025-03-03,236.9970703125,385.5384521484375,166.24143981933594,205.02000427246094,114.02263641357422
2025-03-04,234.9061737060547,385.65753173828125,170.13345336914062,203.8000030517578,115.9520034790039
2025-03-05,234.7169952392578,397.9732666015625,172.2238006591797,208.36000061035156,117.2615737915039
2025-03-06,234.30877685546875,393.8746643066406,171.556884765625,200.6999969482422,110.53378295898438
2025-03-07,238.03256225585938,390.3218688964844,173.05992126464844,199.25,112.65309143066406
2025-03-10,226.4928436279297,377.2717590332031,165.2968292236328,194.5399932861328,106.94495391845703
2025-03-11,219.88165283203125,377.5595397949219,163.47314453125,196.58999633789062,108.72438049316406
2025-03-12,216.03842163085938,380.3581237792969,166.5325469970703,198.88999938964844,115.71273803710938
2025-03-13,208.77008056640625,375.892333984375,162.1975860595703,193.88999938964844,115.55277252197266
2025-03-14,212.5635528564453,385.60791015625,164.91815185546875,197.9499969482422,121.6413345336914
2025-03-17,213.07135009765625,385.74688720703125,163.7222900390625,195.74000549316406,119.50183868408203
2025-03-18,211.76702880859375,380.606201171875,160.1147918701172,192.82000732421875,115.40280151367188
2025-03-19,214.30596923828125,384.8735656738281,163.3236846923828,195.5399932861328,117.4923095703125
2025-03-20,213.17091369628906,383.9010009765625,162.23744201660156,194.9499969482422,118.50206756591797
2025-03-21,217.3228302001953,388.2874755859375,163.42333984375,196.2100067138672,117.6722640991211
2025-03-24,219.77215576171875,390.0935974121094,167.1005859375,203.25999450683594,121.38140106201172
2025-03-25,222.77903747558594,392.1578063964844,169.97064208984375,205.7100067138672,120.66156768798828
2025-03-26,220.56866455078125,387.0072326660156,164.4896240234375,201.1300048828125,113.73320007324219
2025-03-27,222.8786163330078,387.612548828125,161.67938232421875,201.36000061035156,111.40375518798828
2025-03-28,216.95440673828125,375.9220886230469,153.79672241210938,192.72000122070312,109.6441650390625
2025-03-31,221.16607666015625,372.5379943847656,154.1056365966797,190.25999450683594,108.35446166992188
2025-04-01,222.22146606445312,379.2863464355469,156.52725219726562,192.1699981689453,110.1240463256836
2025-04-02,222.9184112548828,379.2367248535156,156.49734497070312,196.00999450683594,110.39398193359375
2025-04-03,202.30824279785156,370.2752990722656,150.19920349121094,178.41000366210938,101.77601623535156
2025-04-04,187.56253051757812,357.10614013671875,145.09689331054688,171.0,94.28778076171875
2025-04-07,180.6725616455078,355.14117431640625,146.24288940429688,175.25999450683594,97.61698913574219
2025-04-08,171.67178344726562,351.8662109375,144.19998168945312,170.66000366210938,96.27731323242188
2025-04-09,197.98709106445312,387.52325439453125,158.1615753173828,191.10000610351562,114.30306243896484
2025-04-10,189.5936737060547,378.45269775390625,152.29193115234375,181.22000122070312,107.5446548461914
2025-04-11,197.2901153564453,385.498779296875,156.59701538085938,184.8699951171875,110.90386199951172
2025-04-14,201.6411590576172,384.8636169433594,158.52035522460938,182.1199951171875,110.68391418457031
2025-04-15,201.26280212402344,382.7994384765625,155.76988220214844,179.58999633789062,112.1735610961914
2025-04-16,193.42697143554688,368.7867126464844,152.8001708984375,174.3300018310547,104.46538543701172
2025-04-17,196.12521362304688,364.9858093261719,150.63766479492188,172.61000061035156,101.4660873413086
2025-04-21,192.32179260253906,356.3916015625,147.15972900390625,167.32000732421875,96.88717651367188
2025-04-22,198.8732452392578,364.0331115722656,150.94659423828125,173.17999267578125,98.86670684814453
2025-04-23,203.71214294433594,371.54559326171875,154.81320190429688,180.60000610351562,102.68579864501953
2025-04-24,207.46575927734375,384.3575134277344,158.72959899902344,186.5399932861328,106.40492248535156
2025-04-25,208.371826171875,388.8729553222656,161.40036010742188,188.99000549316406,110.98385620117188
2025-04-28,209.2281036376953,388.1882019042969,160.05502319335938,187.6999969482422,108.70438385009766
2025-04-29,210.29344177246094,391.0462951660156,159.60658264160156,187.38999938964844,108.99431610107422
2025-04-30,211.57785034179688,392.25701904296875,158.2512664794922,184.4199981689453,108.89433288574219
2025-05-01,212.39431762695312,422.16802978515625,160.74261474609375,190.1999969482422,111.58370208740234
2025-05-02,204.45889282226562,431.97296142578125,163.4632110595703,189.97999572753906,114.47303009033203
2025-05-05,198.02691650390625,432.8562316894531,163.64259338378906,186.35000610351562,113.7931900024414
2025-05-06,197.6485595703125,430.0179443359375,162.66595458984375,185.00999450683594,113.51325988769531
2025-05-07,195.39837646484375,430.0576477050781,150.85691833496094,188.7100067138672,117.03242492675781
2025-05-08,196.63299560546875,434.84100341796875,153.7469024658203,192.0800018310547,117.34236145019531
2025-05-09,197.66847229003906,435.3967590332031,152.22216796875,193.05999755859375,116.62252044677734
2025-05-12,210.15049743652344,445.8467712402344,157.91244506835938,208.63999938964844,122.97103118896484
2025-05-13,212.28399658203125,445.72772216796875,158.97874450683594,211.3699951171875,129.89938354492188
2025-05-14,211.68580627441406,449.4988098144531,164.79855346679688,210.25,135.30810546875
2025-05-15,210.80848693847656,450.5129089355469,163.39344787597656,205.1699981689453,134.79823303222656
2025-05-16,210.6190643310547,451.6463317871094,165.61572265625,205.58999633789062,135.36810302734375
2025-05-19,208.14659118652344,456.2197570800781,165.96450805664062,206.16000366210938,135.53805541992188
2025-05-20,206.232421875,455.5238342285156,163.4133758544922,204.07000732421875,134.34832763671875
2025-05-21,201.47689819335938,449.9561767578125,167.97755432128906,201.1199951171875,131.76895141601562
2025-05-22,200.74911499023438,452.2329406738281,170.27955627441406,203.10000610351562,132.7987060546875
2025-05-23,194.67758178710938,447.5799560546875,167.8878631591797,200.99000549316406,131.25906372070312
2025-05-27,199.60260009765625,458.0292663574219,172.30255126953125,206.02000427246094,135.4680633544922
2025-05-28,199.81195068359375,454.7184753417969,171.76441955566406,204.72000122070312,134.7782440185547
2025-05-29,199.34336853027344,456.0308837890625,171.26614379882812,205.6999969482422,139.15721130371094
2025-05-30,200.24066162109375,457.7011413574219,171.1465606689453,205.00999450683594,135.09817504882812
2025-06-02,201.08807373046875,459.3018493652344,168.4459228515625,206.64999389648438,137.34764099121094
2025-06-03,202.6533203125,460.29608154296875,165.60577392578125,205.7100067138672,141.1867218017578
2025-06-04,202.20468139648438,461.1908874511719,167.46929931640625,207.22999572753906,141.88656616210938
2025-06-05,200.0213165283203,464.9788818359375,167.62876892089844,207.91000366210938,139.95703125
2025-06-06,203.3013458251953,467.6632995605469,173.079833984375,213.57000732421875,141.6865997314453
2025-06-09,200.8388214111328,470.0196228027344,175.6939697265625,216.97999572753906,142.59640502929688
2025-06-10,202.0551300048828,468.2001953125,178.19833374023438,217.61000061035156,143.92608642578125
2025-06-11,198.1769256591797,469.890380859375,176.95114135742188,213.1999969482422,142.80625915527344
2025-06-12,198.5956573486328,476.104248046875,175.30484008789062,213.24000549316406,144.9759063720703
2025-06-13,195.85398864746094,472.2168273925781,174.27716064453125,212.10000610351562,141.94639587402344
2025-06-16,197.81802368164062,476.3727111816406,176.3724365234375,216.10000610351562,144.66595458984375
2025-06-17,195.0464630126953,475.279052734375,175.5542755126953,214.82000732421875,144.09603881835938
2025-06-18,195.9835968017578,477.4663391113281,172.93020629882812,212.52000427246094,145.455810546875
2025-06-20,200.3902130126953,474.6427307128906,166.26522827148438,209.69000244140625,143.8260955810547
2025-06-23,200.888671875,483.1930847167969,164.8184814453125,208.47000122070312,144.1460418701172
2025-06-24,199.6923065185547,487.279296875,166.3949432373047,212.77000427246094,147.87539672851562
2025-06-25,200.948486328125,489.4268493652344,170.296142578125,211.99000549316406,154.28436279296875
2025-06-26,200.3902130126953,494.57696533203125,173.14968872070312,217.1199951171875,154.99423217773438
2025-06-27,200.469970703125,493.0756530761719,178.12847900390625,223.3000030517578,157.7238006591797
2025-06-30,204.5475311279297,494.5372009277344,175.83364868164062,219.38999938964844,157.96376037597656
2025-07-01,207.18951416015625,489.2081298828125,175.44451904296875,220.4600067138672,153.2745361328125
2025-07-02,211.7954864501953,488.2536926269531,178.23822021484375,219.9199981689453,157.22386169433594
2025-07-03,212.90213012695312,495.95892333984375,179.126220703125,223.41000366210938,159.3135223388672
2025-07-07,209.3130340576172,494.84539794921875,176.3923797607422,223.47000122070312,158.21371459960938
2025-07-08,209.3728485107422,493.7517395019531,173.9678497314453,219.36000061035156,159.97341918945312
2025-07-09,210.4994354248047,500.6019592285156,176.22276306152344,222.5399932861328,162.85293579101562
2025-07-10,211.7655792236328,498.58367919921875,177.22052001953125,222.25999450683594,164.07273864746094
2025-07-11,210.5193634033203,500.4130554199219,179.78475952148438,225.02000427246094,164.89259338378906
2025-07-14,207.98707580566406,500.1147766113281,181.1516571044922,225.69000244140625,164.04273986816406
2025-07-15,208.4755859375,502.89862060546875,181.59066772460938,226.35000610351562,170.671630859375
2025-07-16,209.52239990234375,502.69976806640625,182.55850219726562,223.19000244140625,171.34152221679688
2025-07-17,209.38284301757812,508.7446594238281,183.1671142578125,223.8800048828125,172.97125244140625
2025-07-18,210.539306640625,507.10418701171875,184.64378356933594,226.1300048828125,172.38136291503906
2025-07-21,211.83535766601562,507.1141357421875,189.67245483398438,229.3000030517578,171.35153198242188
2025-07-22,213.74954223632812,502.3517761230469,190.90966796875,227.47000122070312,167.00225830078125
2025-07-23,213.5002899169922,502.94830322265625,189.8021697998047,228.2899932861328,170.75161743164062
2025-07-24,213.11148071289062,507.9294128417969,191.73779296875,232.22999572753906,173.7111358642578
2025-07-25,213.2311248779297,510.7430419921875,192.7455291748047,231.44000244140625,173.47117614746094
2025-07-28,213.40060424804688,509.5400390625,192.14686584472656,232.7899932861328,176.7206268310547
2025-07-29,210.6290283203125,509.609619140625,195.30975341796875,231.00999450683594,175.4808349609375
2025-07-30,208.415771484375,510.2757568359375,196.08799743652344,230.19000244140625,179.24021911621094
2025-07-31,206.9402618408203,530.4187622070312,191.46839904785156,234.11000061035156,177.84043884277344
2025-08-01,201.76600646972656,521.0829467773438,188.7046356201172,214.75,173.69113159179688
2025-08-04,202.7330780029297,532.5464477539062,194.60133361816406,211.64999389648438,179.9700927734375
2025-08-05,202.3043670654297,524.701904296875,194.232177734375,213.75,178.23037719726562
2025-08-06,212.60302734375,521.908203125,195.6489715576172,222.30999755859375,179.3901824951172
2025-08-07,219.36245727539062,517.8319091796875,196.07801818847656,223.1300048828125,180.73997497558594
2025-08-08,228.65419006347656,519.0248413085938,200.9669952392578,222.69000244140625,182.66964721679688
2025-08-11,226.74781799316406,518.7564697265625,200.54794311523438,221.3000030517578,182.0297393798828
2025-08-12,229.21310424804688,526.183349609375,202.88267517089844,221.47000122070312,183.1295623779297
2025-08-13,232.88612365722656,517.5734252929688,201.50579833984375,224.55999755859375,181.55982971191406
2025-08-14,232.33717346191406,519.46240234375,202.48358154296875,230.97999572753906,181.98974609375
2025-08-15,231.1494140625,517.1657104492188,203.44140625,231.02999877929688,180.42001342773438
2025-08-18,230.45074462890625,514.1134643554688,203.04232788085938,231.49000549316406,181.979736328125
2025-08-19,230.1213836669922,506.8257751464844,201.11666870117188,228.00999450683594,175.61080932617188
2025-08-20,225.5800323486328,502.7992248535156,198.87171936035156,223.80999755859375,175.370849609375
2025-08-21,224.47213745117188,502.15185546875,199.3007354736328,221.9499969482422,174.95091247558594
2025-08-22,227.3267059326172,505.1295166015625,205.62649536132812,228.83999633789062,177.96043395996094
2025-08-25,226.7278594970703,502.17181396484375,208.02108764648438,227.94000244140625,179.78012084960938
2025-08-26,228.87376403808594,499.96099853515625,206.6741180419922,228.7100067138672,181.7397918701172
2025-08-27,230.05152893066406,504.64154052734375,207.01336669921875,229.1199951171875,181.56983947753906
2025-08-28,232.11758422851562,507.529541015625,211.16400146484375,231.60000610351562,180.1400604248047
2025-08-29,231.69837951660156,504.59173583984375,212.43115234375,229.0,174.1510467529297
2025-09-02,229.28298950195312,503.0282287597656,210.8746795654297,225.33999633789062,170.75161743164062
2025-09-03,238.01634216308594,503.2572937011719,230.1412353515625,225.99000549316406,170.59165954589844
2025-09-04,239.3238525390625,505.866455078125,231.7775421142578,235.67999267578125,171.63148498535156
2025-09-05,239.2340087890625,492.9501647949219,234.4714813232422,232.3300018310547,166.9922637939453
2025-09-08,237.42745971679688,496.13690185546875,233.72247314453125,235.83999633789062,168.2820281982422
2025-09-09,233.9041748046875,496.34600830078125,239.30490112304688,238.24000549316406,170.7316131591797
2025-09-10,226.35855102539062,498.29791259765625,238.84552001953125,230.3300018310547,177.300537109375
2025-09-11,229.59239196777344,498.9352722167969,240.0438995361328,229.9499969482422,177.1505584716797
2025-09-12,233.62472534179688,507.7884521484375,240.4733123779297,228.14999389648438,177.80047607421875
2025-09-15,236.24969482421875,513.225830078125,251.26864624023438,231.42999267578125,177.73049926757812
2025-09-16,237.6969451904297,506.9320068359375,250.8192596435547,234.0500030517578,174.86080932617188
2025-09-17,238.5353546142578,507.9079284667969,249.19146728515625,231.6199951171875,170.27130126953125
2025-09-18,237.42745971679688,506.3444519042969,251.68807983398438,231.22999572753906,176.2206573486328
2025-09-19,245.032958984375,515.7852172851562,254.3744354248047,231.47999572753906,176.6505889892578
2025-09-22,255.5928192138672,512.3196411132812,252.18740844726562,227.6300048828125,183.58984375
2025-09-23,253.9459686279297,507.1212463378906,251.31858825683594,220.7100067138672,178.410400390625
2025-09-24,251.8300018310547,508.0373840332031,246.80471801757812,220.2100067138672,176.9505615234375
2025-09-25,256.3813171386719,504.9303283691406,245.45652770996094,218.14999389648438,177.67050170898438
2025-09-26,254.97401428222656,509.3419494628906,246.2055206298828,219.77999877929688,178.17044067382812
2025-09-29,253.9459686279297,512.4689331054688,243.71890258789062,222.1699981689453,181.83004760742188
2025-09-30,254.14559936523438,515.8051147460938,242.77020263671875,219.57000732421875,186.55950927734375
2025-10-01,254.9640350341797,517.5578002929688,244.5677490234375,220.6300048828125,187.21945190429688
2025-10-02,256.6408386230469,513.6041870117188,245.356689453125,222.41000366210938,188.8692626953125
2025-10-03,257.5291442871094,515.20751953125,245.0171356201172,219.50999450683594,187.5994110107422
2025-10-06,256.2016906738281,526.3811645507812,250.09024047851562,220.89999389648438,185.51962280273438
2025-10-07,255.99208068847656,521.8101196289062,245.42657470703125,221.77999877929688,185.01968383789062
2025-10-08,257.5690612792969,522.676513671875,244.2881317138672,225.22000122070312,189.0892333984375
2025-10-09,253.55670166015625,520.2366943359375,241.2023162841797,227.74000549316406,192.54885864257812
2025-10-10,244.80340576171875,508.84405517578125,236.24905395507812,216.3699951171875,183.139892578125
2025-10-13,247.18885803222656,511.9212646484375,243.8187713623047,220.07000732421875,188.29933166503906
2025-10-14,247.29864501953125,511.4432067871094,245.11700439453125,216.38999938964844,180.01022338867188
2025-10-15,248.8656463623047,511.3038330078125,250.68943786621094,215.57000732421875,179.8102569580078
2025-10-16,246.979248046875,509.4913330078125,251.1188507080078,214.47000122070312,181.7900390625
2025-10-17,251.81002807617188,511.4532165527344,252.95635986328125,213.0399932861328,183.19989013671875
2025-10-20,261.7411193847656,514.6498413085938,256.2019348144531,216.47999572753906,182.6199493408203
2025-10-21,262.2701110839844,515.5162963867188,250.12020874023438,222.02999877929688,181.14010620117188
2025-10-22,257.9583435058594,518.3843383789062,251.34854125976562,217.9499969482422,180.2602081298828
2025-10-23,259.0861511230469,518.404296875,252.7366485595703,221.08999633789062,182.13999938964844
2025-10-24,262.32000732421875,521.441650390625,259.5674133300781,224.2100067138672,186.23953247070312
2025-10-27,268.2986145019531,529.3189697265625,268.9046630859375,226.97000122070312,191.46897888183594
2025-10-28,268.4882507324219,539.8251953125,267.1071472167969,229.25,201.0079345703125
2025-10-29,269.1869201660156,539.3073120117188,274.197509765625,230.3000030517578,207.01727294921875
2025-10-30,270.8836669921875,523.582763671875,281.09814453125,222.86000061035156,202.8677215576172
2025-10-31,269.85565185546875,515.6656494140625,280.80853271484375,244.22000122070312,202.4677734375
2025-11-03,268.53814697265625,514.888916015625,283.3350830078125,254.0,206.85728454589844
2025-11-04,269.5262756347656,512.2001342773438,277.1634826660156,249.32000732421875,198.66818237304688
2025-11-05,269.6260986328125,505.0597839355469,283.9242858886719,250.1999969482422,195.18858337402344
2025-11-06,269.25677490234375,495.04144287109375,284.36370849609375,243.0399932861328,188.05935668945312
2025-11-07,267.9592590332031,494.7626037597656,278.4516906738281,244.41000366210938,188.1293487548828
2025-11-10,269.1781311035156,503.90460205078125,289.7064208984375,248.39999389648438,199.0281524658203
2025-11-11,274.99267578125,506.573486328125,290.9147644042969,249.10000610351562,193.1387939453125
2025-11-12,273.21435546875,509.0233154296875,286.3210144042969,244.1999969482422,193.7787322998047
2025-11-13,272.6948547363281,501.205810546875,278.19207763671875,237.5800018310547,186.8394775390625
2025-11-14,272.15533447265625,508.0672912597656,276.0350036621094,234.69000244140625,190.14910888671875
2025-11-17,267.2099609375,505.388427734375,284.63330078125,232.8699951171875,186.5795135498047
2025-11-18,267.19000244140625,491.74517822265625,283.8943176269531,222.5500030517578,181.340087890625
2025-11-19,268.3089294433594,485.102783203125,292.4127502441406,222.69000244140625,186.49952697753906
2025-11-20,266.0010986328125,477.3404846191406,289.05731201171875,217.13999938964844,180.6201629638672
2025-11-21,271.2361755371094,471.04486083984375,299.2534484863281,220.69000244140625,178.86036682128906
2025-11-24,275.6620788574219,472.92059326171875,318.14776611328125,226.27999877929688,182.52996826171875
2025-11-25,276.7110900878906,475.90374755859375,323.0011901855469,229.6699981689453,177.80047607421875
2025-11-26,277.29052734375,484.3943786621094,319.5159606933594,229.16000366210938,180.24020385742188
2025-11-28,278.5893249511719,490.88958740234375,319.74560546875,233.22000122070312,176.98056030273438
2025-12-01,282.8353576660156,485.6315612792969,314.4627990722656,233.8800048828125,179.90025329589844
2025-12-02,285.9224548339844,488.8841552734375,315.38153076171875,234.4199981689453,181.44007873535156
2025-12-03,283.8843688964844,476.64208984375,319.1963806152344,232.3800048828125,179.57028198242188
2025-12-04,280.4375915527344,479.7449951171875,317.1890869140625,229.11000061035156,183.37008666992188
2025-12-05,278.5193786621094,482.0597229003906,320.8341064453125,229.52999877929688,182.40013122558594
2025-12-08,277.6302185058594,489.9018249511719,313.49932861328125,226.88999938964844,185.5399627685547
2025-12-09,276.9208679199219,490.8995361328125,316.85693359375,227.9199981689453,184.95999145507812
2025-12-10,278.5193786621094,477.4701843261719,319.9847412109375,231.77999877929688,183.77005004882812
2025-12-11,277.77008056640625,482.3690185546875,312.210205078125,230.27999877929688,180.92019653320312
2025-12-12,278.0198669433594,477.4402770996094,309.07244873046875,226.19000244140625,175.01052856445312
2025-12-15,273.8537292480469,473.73870849609375,308.003173828125,222.5399932861328,176.28045654296875
2025-12-16,274.353271484375,475.3051452636719,306.3543395996094,222.55999755859375,177.71038818359375
2025-12-17,271.58587646484375,475.0357360839844,296.5112609863281,221.27000427246094,170.93075561523438
2025-12-18,271.935546875,482.87786865234375,302.2472229003906,226.75999450683594,174.1305694580078
2025-12-19,273.4141845703125,484.8134460449219,306.9439392089844,227.35000610351562,180.98020935058594
2025-12-22,270.7166748046875,483.81573486328125,309.56207275390625,228.42999267578125,183.6800537109375
2025-12-23,272.1053771972656,485.7413330078125,314.1288757324219,232.13999938964844,189.19976806640625
2025-12-24,273.55401611328125,486.90863037109375,313.8690490722656,232.3800048828125,188.59979248046875
2025-12-26,273.1444091796875,486.599365234375,313.2894592285156,232.52000427246094,190.51968383789062
2025-12-29,273.50408935546875,485.9907531738281,313.33941650390625,232.07000732421875,188.20980834960938
2025-12-30,272.82470703125,486.3699035644531,313.6292419433594,232.52999877929688,187.52984619140625
2025-12-31,271.6058349609375,482.5186767578125,312.7798156738281,230.82000732421875,186.4899139404297
