Date,AAPL,AMZN,BBAR,BMA,DIA,EEM,GGAL,GOOGL,MSFT,NVDA,PAM,QQQ,SPY,YPF
2020-01-02,,94.90049743652344,4.03918981552124,26.84022521972656,257.607421875,40.08706665039063,12.692641258239746,67.87303161621094,152.15843200683594,5.970754146575928,15.84000015258789,208.5802154541016,296.8882141113281,11.260000228881836
2020-01-03,,93.74849700927734,3.878498315811157,26.10204696655273,255.5545959472656,39.34276580810547,12.22082805633545,67.51795959472656,150.2637939453125,5.875186920166016,15.5,206.66966247558597,294.6400451660156,11.15999984741211
2020-01-06,,95.1439971923828,3.9515397548675537,26.44899177551269,256.1435546875,39.24644088745117,12.352317810058594,69.31758880615234,150.65213012695312,5.899824142456055,15.350000381469728,208.00125122070312,295.7640686035156,11.140000343322754
2020-01-07,,95.34300231933594,4.002668380737305,26.05775451660156,255.03672790527344,39.22016906738281,12.274970054626465,69.18370056152344,149.27853393554688,5.971252918243408,15.260000228881836,207.9722900390625,294.9325256347656,10.90999984741211
2020-01-08,,94.59850311279295,4.061101913452148,26.434223175048828,256.5185241699219,39.44784164428711,12.40645980834961,69.6761245727539,151.65628051757812,5.982452392578125,14.949999809265137,209.53549194335935,296.50439453125,10.979999542236328
2020-01-09,,95.05249786376952,4.214488506317139,27.19455337524414,258.4462890625,39.71052932739258,12.878276824951172,70.4075927734375,153.55093383789062,6.048154354095459,15.329999923706056,211.3109893798828,298.5148010253906,10.989999771118164
2020-01-10,,94.15799713134766,4.199880599975586,26.71473693847656,257.2682189941406,39.920692443847656,12.661704063415527,70.86231994628906,152.84046936035156,6.080509185791016,15.0600004196167,210.7705841064453,297.6558532714844,10.65999984741211
2020-01-13,,94.56500244140624,4.03918981552124,25.496740341186523,257.9642944335937,40.54239273071289,12.08160400390625,71.4112777709961,154.67828369140625,6.271145820617676,14.390000343322754,213.2022399902344,299.702880859375,10.649999618530272
2020-01-14,,93.47200012207033,3.907714366912842,24.83976173400879,258.14288330078125,40.31473159790039,11.965582847595217,70.94315338134766,153.58885192871094,6.154175281524658,14.369999885559082,212.36280822753903,299.2459411621094,10.640000343322754
2020-01-15,,93.10099792480467,3.725111246109009,23.643903732299805,259.1514892578125,39.99949645996094,11.47056007385254,71.37013244628906,154.58349609375,6.111616611480713,13.979999542236328,212.4496154785156,299.9222412109375,10.380000114440918
2020-01-16,,93.89700317382812,3.8492817878723145,24.2861270904541,261.45428466796875,40.25343704223633,11.803153038024902,71.91364288330078,157.41598510742188,6.195240020751953,14.199999809265137,214.48558044433597,302.4171447753906,10.350000381469728
2020-01-17,,93.23600006103516,3.973453044891357,24.3968505859375,261.8811950683594,40.48110961914063,12.066133499145508,73.36959838867188,158.2970733642578,6.203949451446533,14.949999809265137,215.5470428466797,303.3583679199219,10.31999969482422
2020-01-21,,94.5999984741211,3.7762413024902335,23.95394325256348,260.5953369140625,39.45660400390625,11.663928031921388,73.50498962402344,157.72866821289062,6.170600414276123,14.270000457763672,215.45054626464844,302.7642822265625,9.81999969482422
2020-01-22,,94.3730010986328,3.878498315811157,24.330421447753903,260.5773620605469,39.78059005737305,11.57884693145752,73.58531188964844,156.9707794189453,6.224606037139893,14.579999923706056,216.01986694335935,302.80096435546875,9.949999809265137
2020-01-23,,94.22899627685548,3.549812078475952,23.39292526245117,260.3362121582031,39.36903381347656,11.253992080688477,73.62598419189453,157.93701171875,6.293046951293945,13.899999618530272,216.71463012695312,303.148193359375,9.760000228881836
2020-01-24,,93.08200073242188,3.359904527664185,22.35947608947754,258.7825012207031,39.05379104614258,10.820845603942873,72.70757293701172,156.3455352783203,6.233814716339111,13.199999809265137,214.8909149169922,300.4522399902344,9.65999984741211
2020-01-27,,91.41699981689452,3.2357337474823,21.953474044799805,254.8176422119141,37.70530700683594,10.635213851928713,70.99969482421875,153.73095703125,5.97797155380249,13.279999732971191,210.45216369628903,295.6361694335937,9.369999885559082
2020-01-28,,92.6624984741211,3.3745124340057373,23.14194679260254,256.54107666015625,38.02054214477539,11.176640510559082,71.93050384521484,156.74339294433594,6.171347141265869,13.630000114440918,213.68472290039065,298.7342224121094,9.420000076293944
2020-01-29,,92.9000015258789,3.316079616546631,22.8466739654541,256.54107666015625,38.20442199707031,11.145703315734863,72.23796081542969,159.18746948242188,6.110870838165283,13.479999542236328,214.0321044921875,298.4874572753906,9.579999923706056
2020-01-30,,93.53399658203124,3.45485782623291,23.370779037475582,257.6572570800781,37.635250091552734,11.478293418884276,72.11646270751953,163.67776489257812,6.117589473724365,13.65999984741211,214.79443359375,299.4560852050781,9.609999656677246
2020-01-31,,100.43599700927734,3.41833758354187,22.639982223510746,252.1923370361328,36.87343978881836,11.09929656982422,71.05176544189453,161.2621307373047,5.884146690368652,13.170000076293944,211.38819885253903,294.0186767578125,9.390000343322754
2020-02-03,,100.20999908447266,3.579028844833374,24.45591163635254,253.58541870117188,37.28499603271485,11.74901008605957,73.52233123779297,165.1934814453125,5.981207370758057,14.350000381469728,214.58209228515625,296.2027893066406,9.68000030517578
2020-02-04,,102.4834976196289,3.294167280197144,23.658674240112305,257.2108764648437,38.24819946289063,11.447355270385742,71.6780776977539,170.63108825683594,6.150442600250244,13.520000457763672,219.49365234375,300.7172546386719,9.699999809265137
2020-02-05,,101.99349975585938,3.4621620178222656,23.968706130981445,261.51495361328125,38.46712112426758,11.39321231842041,71.7098159790039,170.4226837158203,6.240782737731934,13.640000343322754,220.2173767089844,304.1898803710937,9.850000381469728
2020-02-06,,102.5114974975586,3.5205957889556885,23.96132469177246,262.3006896972656,38.502140045166016,11.447355270385742,73.19356536865234,173.9562530517578,6.327641487121582,13.81999969482422,222.1182556152344,305.2135314941406,9.850000381469728
2020-02-07,,103.96399688720705,3.615549564361572,24.596160888671875,260.0236511230469,37.96799850463867,11.58657932281494,73.34925842285156,174.20252990722656,6.261440277099609,14.029999732971191,221.1629943847656,303.5869140625,9.859999656677246
2020-02-10,,106.69550323486328,3.622853755950928,24.42637825012207,261.5953674316406,38.17815780639648,11.594315528869627,74.81465911865234,178.75909423828125,6.5446600914001465,13.800000190734863,223.83578491210935,305.8531494140625,9.899999618530272
2020-02-11,,107.54000091552734,3.513290882110596,23.488889694213867,261.5863037109375,38.677276611328125,11.339072227478027,74.88407135009766,174.7235870361328,6.667105674743652,13.43000030517578,223.8744201660156,306.38330078125,9.5600004196167
2020-02-12,,108.0,3.4402496814727783,24.16063499450684,264.0687255859375,39.2026596069336,11.455093383789062,75.30907440185547,174.97933959960938,6.782832145690918,13.460000038146973,226.05517578125,308.357177734375,9.43000030517578
2020-02-13,,107.49349975585938,3.169996976852417,22.972166061401367,263.2649841308594,38.686031341552734,10.503721237182615,75.04922485351562,174.03199768066406,6.7390313148498535,12.869999885559082,225.76568603515625,308.0281677246094,9.210000038146973
2020-02-14,,106.74349975585938,3.1992127895355225,23.023834228515625,263.0151062011719,38.70353698730469,10.666152000427246,75.31403350830078,175.58563232421875,7.212142467498779,12.800000190734863,226.41217041015625,308.52178955078125,9.479999542236328
2020-02-18,,107.78350067138672,3.1919093132019043,23.07550811767578,261.5953674316406,38.4495964050293,10.596539497375488,75.3492431640625,177.36654663085938,7.380878448486328,12.800000190734863,226.49903869628903,307.7266845703125,9.479999542236328
2020-02-19,,108.51100158691406,3.2284300327301025,24.212305068969727,262.622314453125,38.72980880737305,10.898193359375,75.6185073852539,177.8985137939453,7.832089424133301,12.90999984741211,228.670166015625,309.1979675292969,9.649999618530272
2020-02-20,,107.65499877929688,3.3306877613067627,25.024309158325195,261.44354248046875,38.12561798095703,11.068358421325684,75.22774505615234,175.18177795410156,7.682765007019043,13.210000038146973,226.54730224609372,307.927734375,9.699999809265137
2020-02-21,,104.79850006103516,3.3452959060668945,25.275287628173828,259.4412536621094,37.90670394897461,11.207581520080566,73.56498718261719,169.64382934570312,7.31865930557251,13.25,222.1954498291016,304.7565612792969,9.59000015258789
2020-02-24,,100.4645004272461,3.264950752258301,24.278743743896484,250.32595825195312,36.4881591796875,10.78990650177002,70.41105651855469,162.32952880859375,6.801248073577881,12.890000343322754,213.6268310546875,294.649169921875,9.119999885559082
2020-02-25,,98.63700103759766,3.0969550609588623,23.341251373291016,242.39239501953125,36.199195861816406,10.248477935791016,68.74779510498047,159.65084838867188,6.521764278411865,12.470000267028809,207.81787109375,285.7206726074219,8.5
2020-02-26,,98.97949981689452,3.1261723041534424,23.481508255004883,241.5327911376953,36.4881591796875,10.287151336669922,68.95359802246094,161.64561462402344,6.661133766174316,12.18000030517578,208.88897705078125,284.66973876953125,8.569999694824219
2020-02-27,,94.21499633789062,3.075043201446533,21.99776840209961,230.57275390625,35.61250686645508,10.078313827514648,65.20855712890625,150.25621032714844,6.290337085723877,11.880000114440918,198.4291076660156,271.8847961425781,8.199999809265137
2020-02-28,,94.1875,2.943568468093872,21.3924560546875,227.94015502929688,35.481163024902344,9.776660919189451,66.41358947753906,153.8943634033203,6.725380420684815,11.850000381469728,198.58352661132807,270.742431640625,7.989999771118164
2020-03-02,,97.69750213623048,3.089650869369507,22.248748779296875,239.1060791015625,36.25173568725586,10.116989135742188,68.74779510498047,164.13433837890625,6.88375997543335,13.40999984741211,208.83108520507807,282.46728515625,8.039999961853027
2020-03-03,,95.44950103759766,3.045826911926269,22.130640029907227,232.18453979492188,36.00654983520508,10.024171829223633,66.33772277832031,156.26913452148438,6.6212897300720215,13.43000030517578,202.1344146728516,274.379638671875,8.100000381469727
2020-03-04,,98.79149627685548,3.264950752258301,23.14933204650879,242.5625762939453,36.64577102661133,10.49598789215088,68.51374816894531,162.00660705566406,7.0849714279174805,14.399999618530272,210.5679931640625,285.9125366210937,8.239999771118164
2020-03-05,,96.20149993896484,3.2138218879699707,22.676889419555664,234.11859130859372,35.87520217895508,10.202068328857422,65.19912719726562,157.94102478027344,6.80556583404541,13.829999923706056,204.1704559326172,276.4083557128906,7.75
2020-03-06,,95.05449676513672,2.9800891876220703,20.87572860717773,231.7815399169922,35.1396598815918,9.451805114746094,64.25592041015625,153.4764404296875,6.625024318695068,13.43000030517578,200.7257080078125,271.83917236328125,7.300000190734863
2020-03-09,,90.03050231933594,2.468799114227295,16.904319763183594,213.7565460205078,32.74039840698242,7.703761100769043,60.29118728637695,143.07493591308594,6.112035274505615,11.06999969482422,186.7823638916016,250.6099395751953,5.260000228881836
2020-03-10,,94.59100341796876,2.7974853515625,19.037670135498047,224.27783203125,34.40412139892578,8.55457878112793,63.23585510253906,152.85899353027344,6.501509189605713,11.81999969482422,196.9527587890625,263.5776672363281,6.079999923706055
2020-03-11,,91.04299926757812,2.395757913589477,17.561302185058594,211.1777191162109,32.80168533325195,7.858455181121826,60.0486946105957,145.93418884277344,6.137686252593994,11.0,188.3744964599609,250.72872924804688,5.409999847412109
2020-03-12,,83.83049774169922,1.899076461791992,14.64549160003662,189.92926025390625,29.518014907836918,6.752392292022705,55.12191390991211,132.09400939941406,5.386630058288574,10.09000015258789,171.10218811035156,226.7397003173828,4.650000095367432
2020-03-13,,89.25,2.125504493713379,15.752765655517578,207.83782958984372,31.645841598510746,7.123658657073975,60.215816497802734,150.8737030029297,5.997486114501953,10.34000015258789,185.5954742431641,246.1228485107422,4.5
2020-03-16,,84.4574966430664,1.9355974197387693,12.822188377380373,181.31527709960935,27.696672439575195,5.5225749015808105,53.21022033691406,128.63632202148438,4.8908233642578125,9.479999542236328,163.36338806152344,219.19114685058597,3.819999933242798
2020-03-17,,90.39199829101562,2.0670711994171143,14.261639595031738,191.1470184326172,29.605581283569336,5.909310340881348,55.44474792480469,139.2278289794922,5.410537242889404,10.699999809265137,175.75315856933594,231.02574157714844,3.509999990463257
2020-03-18,,91.5,1.8041226863861084,11.97327995300293,178.53945922851562,27.048696517944336,4.702696800231934,54.11226272583008,133.36688232421875,5.0506978034973145,9.81999969482422,170.40740966796875,219.3282470703125,2.569999933242798
2020-03-19,,94.04650115966795,1.6580398082733154,11.19080924987793,180.25865173339844,27.258852005004883,4.718167304992676,55.127872467041016,135.5611572265625,5.303456783294678,9.130000114440918,171.4302520751953,219.7943115234375,3.049999952316284
2020-03-20,,92.30449676513672,1.7529938220977783,12.076626777648926,172.34800720214844,27.460248947143555,5.267331600189209,52.9726791381836,130.46971130371094,5.123661041259766,9.369999885559082,164.71426391601562,210.32247924804688,3.5
2020-03-23,,95.1415023803711,1.709168791770935,11.286772727966309,167.16590881347656,26.80352020263672,4.988881587982178,52.274452209472656,129.16831970214844,5.296482563018799,9.020000457763672,164.83323669433594,204.94483947753903,3.400000095367432
2020-03-24,,97.00499725341795,1.86985981464386,12.416189193725586,185.58627319335935,28.817502975463867,5.623127460479736,56.037357330322266,140.90911865234375,6.205170631408691,11.020000457763672,177.5975341796875,223.51353454589844,3.930000066757202
2020-03-25,,94.29199981689452,1.906380295753479,13.13222312927246,190.45404052734372,29.8332462310791,5.89384126663208,54.629493713378906,139.5602569580078,6.116518497467041,11.630000114440918,176.2824249267578,226.85960388183597,4.230000019073486
2020-03-26,,97.77449798583984,1.8917720317840576,13.383201599121094,202.13853454589844,30.962833404541016,6.071739196777344,57.66936492919922,148.28993225097656,6.4058837890625,11.550000190734863,185.5655059814453,240.10589599609372,4.130000114440918
2020-03-27,,95.00499725341795,1.694560408592224,11.589427947998049,194.3069305419922,29.202783584594727,5.2131876945495605,55.05794906616211,142.20101928710938,6.293574333190918,10.100000381469728,179.1833953857422,232.9541931152344,3.849999904632568
2020-03-30,,98.19750213623048,1.7456897497177124,11.92898941040039,200.3691864013672,29.68439483642578,5.205452919006348,56.84566879272461,152.2035369873047,6.613818645477295,10.34000015258789,185.70089721679688,240.51953125,4.039999961853027
2020-03-31,,97.48600006103516,1.913684964179993,12.534296035766602,196.8934631347656,29.885787963867188,5.4529643058776855,57.62126159667969,149.809814453125,6.564262866973877,11.300000190734863,184.11505126953125,236.93446350097656,4.170000076293945
2020-04-01,,95.38500213623048,1.8625556230545044,12.157827377319336,188.0471343994141,28.60734367370605,5.251860618591309,54.65328979492188,144.4903106689453,6.053017616271973,10.640000343322754,176.29208374023438,226.2712554931641,4.070000171661377
2020-04-02,,95.94149780273438,1.899076461791992,12.563824653625488,192.16046142578125,29.570556640625,5.568984031677246,55.39366912841797,147.4824676513672,6.361806392669678,10.729999542236328,179.86993408203125,231.49253845214844,4.360000133514404
2020-04-03,,95.32949829101562,1.899076461791992,12.903388023376465,189.14280700683597,29.01013946533203,5.677270412445068,54.1871452331543,146.12411499023438,6.073935508728027,10.949999809265137,177.3170928955078,228.14651489257807,4.360000133514404
2020-04-06,,99.87950134277344,1.86985981464386,12.357133865356444,203.44973754882807,30.59506607055664,5.42202615737915,58.674560546875,156.9910430908203,6.683794021606445,10.779999732971191,189.9943389892578,243.4702606201172,4.260000228881836
2020-04-07,,100.58000183105467,1.86985981464386,12.061861038208008,203.51258850097656,30.75267791748047,5.360147953033447,58.643310546875,155.30023193359375,6.4504594802856445,10.699999809265137,189.9169769287109,243.71847534179688,4.130000114440918
2020-04-08,,102.1500015258789,1.92098867893219,11.89946460723877,210.45504760742188,31.067909240722656,5.568984031677246,59.85529327392578,156.85806274414062,6.647685527801514,10.979999542236328,193.9493408203125,251.89976501464844,4.230000019073486
2020-04-09,,102.13800048828124,1.884467959403992,12.231642723083496,212.9787139892578,30.954071044921875,5.483902454376221,59.8339729309082,156.86756896972656,6.548075675964356,10.420000076293944,194.22976684570312,255.73291015625,4.199999809265137
2020-04-13,,108.44349670410156,1.8041226863861084,11.818262100219728,210.12278747558597,30.997852325439453,5.282800197601318,60.02439498901367,157.2190399169922,6.719902038574219,10.350000381469728,196.328125,253.3980712890625,4.0
2020-04-14,,114.16600036621094,1.8625556230545044,12.15044403076172,215.25987243652344,31.70713996887207,5.507106304168701,62.7429313659668,164.99880981445312,7.07102632522583,10.25,204.86666870117188,260.8715209960937,4.0
2020-04-15,,115.38400268554688,1.906380295753479,12.80742359161377,211.1286163330078,30.89278221130371,5.862902641296387,62.34968566894531,163.26995849609375,6.993578910827637,10.6899995803833,202.5168609619141,255.3284912109375,3.9600000381469727
2020-04-16,,120.40950012207033,1.942900896072388,12.770513534545898,211.36209106445312,31.059158325195312,5.785555839538574,62.35612869262695,168.1714630126953,7.338726043701172,10.68000030517578,206.2107391357422,256.5603332519531,3.900000095367432
2020-04-17,,118.75,2.0232467651367188,12.098772048950195,217.85012817382807,31.75091361999512,5.669536113739014,63.42578887939453,169.65333557128906,7.2794599533081055,10.06999969482422,208.1834259033203,263.4913635253906,3.880000114440918
2020-04-20,,119.68049621582033,2.0670711994171143,12.312844276428224,212.6471099853516,31.348119735717773,5.661801338195801,62.54060363769531,166.2906494140625,7.148221969604492,9.949999809265137,205.71759033203125,258.8491516113281,3.7699999809265137
2020-04-21,,116.40599822998048,1.884467959403992,11.50822639465332,206.87803649902344,30.48122978210449,5.298269748687744,60.11117935180664,159.41336059570312,6.711435794830322,9.619999885559082,198.12673950195312,250.9897003173828,3.450000047683716
2020-04-22,,118.17449951171876,1.789514422416687,11.242483139038086,210.9667816162109,31.313100814819336,5.159045219421387,62.404727935791016,164.82778930664062,7.125810623168945,9.850000381469728,204.00604248046875,256.5603332519531,3.509999990463257
2020-04-23,,119.97250366210938,1.70186448097229,11.212956428527832,211.23629760742188,31.199262619018555,4.872860908508301,63.03749465942383,162.83294677734375,7.0725202560424805,9.760000228881836,203.5709381103516,256.5419006347656,3.509999990463257
2020-04-24,,120.51100158691406,1.6799522638320925,10.710993766784668,213.7164764404297,31.155473709106445,4.718167304992676,63.306766510009766,165.8062286376953,7.211475372314453,9.600000381469728,206.78126525878903,260.11767578125,3.299999952316284
2020-04-27,,118.8000030517578,1.716472625732422,10.445246696472168,216.85264587402344,31.78593635559082,4.586677074432373,63.02212142944336,165.3312225341797,7.397994041442871,9.34000015258789,208.4445343017578,263.8682861328125,3.299999952316284
2020-04-28,,115.7040023803711,1.942900896072388,12.135679244995115,216.6459197998047,31.84724235534668,5.398821830749512,61.124305725097656,161.3036346435547,7.255552291870117,9.890000343322754,204.5185394287109,262.6548767089844,3.759999990463257
2020-04-29,,118.635498046875,2.147416830062866,12.91815185546875,221.4625244140625,32.775421142578125,5.785555839538574,66.55889129638672,168.54190063476562,7.432359218597412,10.220000267028809,211.7709503173828,269.5307922363281,4.059999942779541
2020-04-30,,123.6999969482422,1.906380295753479,12.039717674255373,218.5599670410156,32.08365249633789,5.507106304168701,66.78304290771484,170.2327423095703,7.278462409973144,10.31999969482422,211.6839599609375,267.0212707519531,3.839999914169312
2020-05-01,,114.302001953125,1.789514422416687,11.242483139038086,213.2222595214844,30.927806854248047,5.128106594085693,65.3260726928711,165.8251953125,7.0418901443481445,9.380000114440918,205.71759033203125,259.95233154296875,3.539999961853028
2020-05-04,,115.79949951171876,1.979421854019165,11.884699821472168,213.34808349609372,31.260557174682617,5.460698127746582,65.60279083251953,169.8813018798828,7.253809452056885,9.890000343322754,208.11575317382807,260.66925048828125,3.7100000381469727
2020-05-05,,115.88999938964844,1.913684964179993,11.685389518737791,214.58810424804688,31.43568420410156,5.336943626403809,66.89808654785156,171.7051239013672,7.314820766448975,9.989999771118164,210.4751892089844,263.0777587890625,3.660000085830689
2020-05-06,,117.56300354003906,2.0232467651367188,12.091389656066896,212.84487915039065,31.3393611907959,5.607657432556152,66.72005462646484,173.39593505859375,7.415674686431885,10.170000076293944,211.7709503173828,261.29443359375,3.609999895095825
2020-05-07,,118.38050079345705,2.191241979598999,13.265095710754396,214.6869659423828,31.59330368041992,6.064004898071289,67.90277862548828,174.40289306640625,7.591982364654541,10.420000076293944,214.49789428710935,264.44744873046875,3.849999904632568
2020-05-08,,118.98049926757812,2.30810809135437,13.663713455200195,218.9194793701172,32.258792877197266,6.265108108520508,68.64960479736328,175.42877197265625,7.78198766708374,10.75,217.43751525878903,268.822998046875,4.050000190734863
2020-05-11,,120.4499969482422,2.563753366470337,14.424038887023926,217.9668731689453,32.04863739013672,6.814271450042725,69.60421752929688,177.38558959960938,8.0339994430542,11.40999984741211,219.38119506835935,268.8781433105469,4.110000133514404
2020-05-12,,117.84750366210938,2.5783610343933105,14.793129920959473,213.9411163330078,31.92604255676269,6.752392292022705,68.19537353515625,173.3674774169922,7.77202844619751,11.199999809265137,214.7880096435547,263.5189819335937,4.269999980926514
2020-05-13,,118.39600372314452,2.432278633117676,13.48654842376709,209.2144470214844,31.86474609375,6.133616924285889,66.86386108398438,170.74566650390625,7.749615669250488,10.40999984741211,212.0997314453125,258.8583984375,3.819999933242798
2020-05-14,,119.44249725341795,2.519928216934204,14.128764152526855,212.7459259033203,31.987340927124023,6.5435566902160645,67.28687286376953,171.48666381835938,7.999139785766602,11.210000038146973,214.5075836181641,261.9561767578125,4.070000171661377
2020-05-15,,120.48899841308594,2.468799114227295,13.818729400634766,213.30599975585935,31.54951858520508,6.497148513793945,68.09024047851562,173.98487854003906,8.45759105682373,10.93000030517578,215.9000396728516,263.1604309082031,4.139999866485596
2020-05-18,,121.31300354003906,2.636794090270996,14.291168212890623,221.42730712890625,32.78417205810547,6.876148700714111,68.69126892089844,175.64724731445312,8.71607494354248,11.6899995803833,219.9226837158203,271.1762390136719,4.340000152587891
2020-05-19,,122.46649932861328,2.4468865394592285,13.641568183898926,218.0869140625,32.521484375,6.56675910949707,68.15669250488281,174.431396484375,8.771106719970703,11.350000381469728,219.37155151367188,268.39093017578125,4.389999866485596
2020-05-20,,124.89700317382812,2.5272326469421387,14.084476470947266,221.2472381591797,32.9505500793457,6.77559757232666,69.88043975830078,176.850830078125,8.934967994689941,11.029999732971191,223.7519378662109,272.9503479003906,4.389999866485596
2020-05-21,,122.33699798583984,2.6440985202789307,15.140073776245115,220.60794067382807,32.57402420043945,7.2551493644714355,69.76093292236328,174.72666931152344,8.740979194641113,12.039999961853027,221.31517028808597,271.0658874511719,4.619999885559082
2020-05-22,,121.84400177001952,2.69522762298584,15.35414695739746,220.48199462890625,31.89977264404297,7.355700492858887,70.082763671875,174.80284118652344,8.990995407104492,11.81999969482422,222.0791015625,271.58074951171875,4.71999979019165
2020-05-26,,121.09300231933594,2.717139959335327,15.464874267578123,225.31690979003903,32.60029602050781,7.371169090270996,70.48593139648438,172.9548797607422,8.683700561523438,11.420000076293944,221.47952270507807,274.9267578125,4.929999828338623
2020-05-27,,120.51950073242188,2.709836006164551,15.213894844055176,230.28695678710935,32.70536804199219,7.471721172332764,70.431884765625,173.18353271484375,8.491951942443848,11.06999969482422,222.6882781982422,279.0173645019531,5.289999961853027
2020-05-28,,120.05500030517578,2.549144744873047,14.37975025177002,229.0084228515625,32.47768783569336,6.829740524291992,70.33071899414062,172.79295349121094,8.453855514526367,10.729999542236328,222.39816284179688,278.5025939941406,4.909999847412109
2020-05-29,,122.11849975585938,2.3154125213623047,12.667171478271484,228.9544219970703,33.038116455078125,6.19549560546875,71.08844757080078,174.55517578125,8.840839385986328,10.359999656677246,225.6569976806641,279.7436218261719,5.039999961853027
2020-06-01,,123.552001953125,2.432278633117676,13.46440315246582,229.8367919921875,33.7999153137207,6.59769868850708,71.15540313720703,174.1551055908203,8.771854400634766,10.729999542236328,226.33387756347656,280.87432861328125,5.090000152587891
2020-06-02,,123.62049865722656,2.731748580932617,15.117928504943848,232.15966796875,34.60551834106445,7.262883186340332,71.52434539794922,176.13638305664062,8.79078197479248,11.270000457763672,227.85202026367188,283.199951171875,5.429999828338623
2020-06-03,,123.91999816894533,2.9800891876220703,16.210433959960938,236.9496917724609,35.41111373901367,7.858455181121826,71.37260437011719,176.56507873535156,8.735251426696777,11.350000381469728,228.8770446777344,286.9687194824219,5.71999979019165
2020-06-04,,123.02999877929688,2.8997433185577397,15.915159225463867,237.09375,34.91199493408203,7.87392520904541,70.13532257080078,174.24082946777344,8.736247062683105,11.170000076293944,227.27178955078125,286.21502685546875,5.78000020980835
2020-06-05,,124.1500015258789,2.987393617630005,15.988981246948242,244.4857940673828,35.831424713134766,8.020883560180664,71.41078186035156,178.31776428222656,8.889216423034668,11.40999984741211,231.7779998779297,293.55059814453125,5.739999771118164
2020-06-08,,126.2030029296875,3.3087761402130127,17.679412841796875,248.7535552978516,36.050331115722656,8.894906997680664,71.80850219726562,179.42274475097656,8.774615287780762,12.079999923706056,233.5765838623047,297.09881591796875,6.570000171661377
2020-06-09,,130.04299926757812,3.0823473930358887,16.372835159301758,246.1423797607422,35.80514907836914,8.330273628234863,72.00883483886719,180.7943878173828,9.014781951904297,11.699999809265137,235.2688446044922,294.8834533691406,6.440000057220459
2020-06-10,,132.37249755859375,3.075043201446533,16.284252166748047,243.51339721679688,36.06784439086914,8.399884223937988,72.63468170166016,187.5004119873047,9.334424018859863,11.31999969482422,238.09246826171875,293.2380065917969,6.269999980926514
2020-06-11,,127.89800262451172,2.7682690620422363,14.822653770446776,226.9196014404297,34.185211181640625,7.719229698181152,69.52041625976562,177.43190002441406,8.765896797180176,10.520000457763672,226.295166015625,276.33319091796875,5.699999809265137
2020-06-12,,127.2509994506836,2.972784996032715,15.900396347045898,231.16021728515625,34.91199493408203,8.314803123474121,70.06689453125,178.8321533203125,8.901674270629883,10.859999656677246,228.09381103515625,279.64239501953125,6.059999942779541
2020-06-15,,128.63400268554688,2.8851354122161865,15.42796230316162,232.60992431640625,34.594940185546875,8.067291259765625,70.4546890258789,179.9752197265625,9.142091751098633,10.539999961853027,230.86900329589844,282.2530822753906,5.789999961853027
2020-06-16,,130.7635040283203,2.870527029037476,15.457490921020508,237.53485107421875,34.81510925292969,8.036354064941406,71.73064422607422,184.38552856445312,9.03720474243164,10.609999656677246,234.83370971679688,287.6858825683594,5.800000190734863
2020-06-17,,132.0489959716797,2.7974853515625,14.601202964782717,235.73416137695312,35.1497917175293,7.781109809875488,72.03166198730469,185.0237274169922,9.204127311706545,10.40999984741211,235.5782623291016,286.4907531738281,5.739999771118164
2020-06-18,,132.69900512695312,2.5564489364624023,13.781821250915527,235.40106201171875,35.16740798950195,7.216475009918213,71.11821746826172,187.0050506591797,9.186192512512209,9.720000267028809,236.2165069580078,286.6011047363281,5.349999904632568
2020-06-19,,133.75050354003906,2.717139959335327,14.807889938354492,233.6881103515625,35.158599853515625,7.90486478805542,70.64810180664062,185.89056396484372,9.229290008544922,10.140000343322754,236.1778259277344,284.96319580078125,5.570000171661377
2020-06-22,,135.6909942626953,2.6587066650390625,14.224730491638184,235.0605926513672,35.59016036987305,7.618679523468018,71.93842315673828,191.0534210205078,9.493874549865724,9.859999656677246,239.0102081298828,286.7912292480469,5.380000114440918
2020-06-23,,138.2205047607422,2.709836006164551,14.630727767944336,236.126220703125,35.93363571166992,7.920334339141846,72.59896087646484,192.32981872558597,9.41738986968994,10.220000267028809,241.0444183349609,288.111572265625,5.559999942779541
2020-06-24,,136.72000122070312,2.7536606788635254,14.564294815063477,229.92266845703125,35.45804214477539,7.765641212463379,71.04779052734375,188.4529266357422,9.203628540039062,10.18000030517578,236.07513427734372,280.7622985839844,5.460000038146973
2020-06-25,,137.72900390625,2.972784996032715,15.324623107910156,232.4600982666016,35.60777282714844,8.252925872802734,71.46434020996094,190.83432006835935,9.457250595092772,10.9399995803833,238.3224639892578,283.7721252441406,5.769999980926514
2020-06-26,,134.64349365234375,2.8267018795013428,14.505237579345703,226.0851287841797,35.17622375488281,7.897129058837891,67.56854248046875,187.0145568847656,9.123406410217283,10.510000228881836,232.69448852539065,277.0321350097656,5.699999809265137
2020-06-29,,134.0189971923828,2.8851354122161865,14.579057693481444,231.0784454345703,35.334747314453125,7.989943027496338,69.28585052490234,189.0244598388672,9.168253898620604,10.649999618530272,235.23239135742188,281.1037902832031,5.849999904632568
2020-06-30,,137.9409942626953,2.7390527725219727,13.69324016571045,232.8483123779297,35.220252990722656,7.502658843994141,70.32129669189453,193.8539123535156,9.464974403381348,10.489999771118164,239.84326171875,284.7046813964844,5.75
2020-07-01,,143.93499755859375,2.8047895431518555,13.848258018493652,232.3426513671875,35.616580963134766,7.556802272796631,71.50898742675781,194.98741149902344,9.497111320495604,10.779999732971191,242.6427154541016,286.6989440917969,5.809999942779541
2020-07-02,,144.51499938964844,2.6514034271240234,13.33153247833252,233.3449859619141,36.42684555053711,7.131394386291504,72.89402770996094,196.47341918945312,9.579078674316406,10.390000343322754,244.2894592285156,288.2778015136719,5.800000190734863
2020-07-06,,152.8520050048828,3.206517219543457,16.32854461669922,237.48057556152344,37.99454116821289,8.7556791305542,74.36785125732422,200.70269775390625,9.80529499053955,11.649999618530272,250.29525756835935,292.7279968261719,6.239999771118164
2020-07-07,,150.00599670410156,3.045826911926269,15.383671760559082,233.90475463867188,37.36041641235352,8.423089981079102,73.88533782958984,198.36898803710935,9.837681770324709,11.220000267028809,248.5709991455078,289.7088623046875,6.019999980926514
2020-07-08,,154.0554962158203,3.089650869369507,15.65679931640625,235.4217529296875,38.3292121887207,8.531373977661133,74.56372833251953,202.73165893554688,10.180745124816896,11.460000038146973,251.8450469970703,291.9247741699219,6.199999809265137
2020-07-09,,159.13150024414062,2.8997433185577397,15.007201194763184,232.27940368652344,38.3292121887207,8.1369047164917,75.31055450439453,204.1510009765625,10.472734451293944,10.979999542236328,253.9664764404297,290.262939453125,6.190000057220459
2020-07-10,,160.0,3.075043201446533,15.848725318908691,235.51214599609372,38.08260726928711,8.794354438781738,76.31971740722656,203.5318145751953,10.443086624145508,11.359999656677246,255.70046997070312,293.2265930175781,6.300000190734863
2020-07-13,,155.1999969482422,3.0969550609588623,15.988981246948242,235.71075439453125,37.82720565795898,8.771150588989258,74.99169921875,197.24501037597656,10.017560005187988,11.5,250.4405517578125,290.68756103515625,6.199999809265137
2020-07-14,,154.1999969482422,3.045826911926269,15.83396053314209,240.72219848632807,37.88004302978516,8.717007637023926,75.41966247558594,198.4642333984375,10.341190338134766,11.479999542236328,252.21322631835935,294.45458984375,6.329999923706055
2020-07-15,,150.44349670410156,3.155388593673706,16.616432189941406,242.8170623779297,37.99454116821289,9.03412914276123,75.22228240966797,198.1689453125,10.191957473754885,11.6899995803833,252.7266540527344,297.1597900390625,6.510000228881836
2020-07-16,,149.9949951171875,3.0969550609588623,16.225200653076172,241.51687622070312,37.457298278808594,8.902641296386719,75.1250991821289,194.2444610595703,10.099777221679688,11.460000038146973,251.00238037109372,296.18115234375,6.519999980926514
2020-07-17,,148.09849548339844,3.0020017623901367,15.819201469421388,241.0477752685547,37.66866683959961,8.686068534851074,75.2208023071289,193.25376892089844,10.166295051574709,11.050000190734863,251.2930145263672,297.039794921875,6.409999847412109
2020-07-20,,159.8419952392578,2.943568468093872,15.250799179077148,241.12014770507807,38.1530647277832,8.423089981079102,77.5510482788086,201.56005859375,10.474477767944336,11.020000457763672,258.42236328125,299.4403076171875,6.409999847412109
2020-07-21,,156.9145050048828,3.060434341430664,15.878257751464844,242.49368286132807,38.5053596496582,8.786619186401367,77.15828704833984,198.84523010253903,10.29285717010498,11.579999923706056,255.7295379638672,300.0773620605469,6.489999771118164
2020-07-22,,154.99549865722656,3.2357337474823,17.14792251586914,243.9757537841797,38.33802032470703,9.513681411743164,77.60112762451172,201.7028961181641,10.402728080749512,12.300000190734863,256.6304016113281,301.78546142578125,6.639999866485596
2020-07-23,,149.32749938964844,3.3379921913146973,17.29555892944336,241.0025177001953,38.0297737121582,9.645171165466309,75.21583557128906,192.92990112304688,10.0947904586792,12.289999961853027,249.9271697998047,298.1846618652344,6.809999942779541
2020-07-24,,150.44549560546875,3.316079616546631,17.369375228881836,239.1952667236328,37.99454116821289,9.645171165466309,74.79234313964844,191.74876403808597,10.159319877624512,12.279999732971191,247.5539093017578,296.26416015625,6.659999847412109
2020-07-27,,152.760498046875,3.3745124340057373,17.64250946044922,240.333984375,38.58462905883789,9.87721347808838,75.84464263916016,194.1777801513672,10.38553524017334,12.039999961853027,251.9710693359375,298.4246826171875,6.639999866485596
2020-07-28,,150.01649475097656,3.2503421306610107,16.845273971557617,238.5084686279297,38.26756286621094,9.451805114746094,74.56621551513672,192.43458557128903,10.180246353149414,11.520000457763672,248.76475524902344,296.53204345703125,6.480000019073486
2020-07-29,,151.67649841308594,3.2430379390716557,17.015052795410156,239.92726135253903,38.88406753540039,9.52915096282959,75.55107116699219,194.37774658203125,10.429383277893066,11.420000076293944,251.6319580078125,300.178955078125,6.46999979019165
2020-07-30,,152.593994140625,3.169996976852417,16.210433959960938,237.9210205078125,38.39086151123047,9.374457359313965,76.28799438476562,194.22540283203125,10.57737159729004,11.15999984741211,252.9494171142578,299.10797119140625,6.329999923706055
2020-07-31,,158.23399353027344,3.023913621902466,15.708470344543455,238.88796997070312,38.12664794921875,9.281639099121094,73.78765106201172,195.2826690673828,10.578118324279783,10.9399995803833,257.46343994140625,301.4715576171875,6.230000019073486
2020-08-03,,155.59449768066406,3.27225399017334,17.332469940185547,241.02978515625,38.39086151123047,10.263949394226074,73.53026580810547,206.265625,10.972254753112791,12.140000343322754,260.9408874511719,303.5674133300781,6.659999847412109
2020-08-04,,156.94149780273438,3.301470994949341,17.14792251586914,242.55686950683597,38.90168380737305,10.093783378601074,73.06114959716797,203.1698303222656,11.189002990722656,12.229999542236328,261.9096374511719,304.7400207519531,6.809999942779541
2020-08-05,,160.25149536132812,3.1334762573242188,16.476177215576172,245.8012237548828,39.32443237304688,9.784396171569824,73.3482666015625,202.8364715576172,11.247801780700684,11.619999885559082,262.5585632324219,306.6326904296875,6.71999979019165
2020-08-06,,161.25,3.089650869369507,16.365453720092773,247.5181884765625,39.44773864746094,9.815333366394045,74.63066864013672,206.08465576171875,11.296380043029783,11.59000015258789,266.03619384765625,308.6824645996094,6.5
2020-08-07,,158.3730010986328,3.089650869369507,16.4466552734375,248.1688690185547,38.63747024536133,9.93908977508545,74.30438232421875,202.39825439453125,11.16085147857666,11.529999732971191,262.9655456542969,308.9039306640625,6.440000057220459
2020-08-10,,157.4080047607422,3.023913621902466,16.20305633544922,251.34982299804688,38.734352111816406,9.621966361999512,74.22750091552734,198.36898803710935,11.126468658447266,11.229999542236328,261.8418884277344,309.8273010253906,6.239999771118164
2020-08-11,,154.0334930419922,2.8267018795013428,15.324623107910156,250.4912872314453,38.628662109375,9.173354148864746,73.4201889038086,193.7300567626953,10.812559127807615,11.020000457763672,256.8822021484375,307.269775390625,5.900000095367432
2020-08-12,,158.11199951171875,2.7025318145751958,14.527383804321287,253.0668182373047,39.14829254150391,8.863966941833496,74.7442398071289,199.2644195556641,11.400772094726562,10.550000190734863,263.3432922363281,311.5538330078125,5.570000171661377
2020-08-13,,158.05099487304688,2.6879234313964844,14.911232948303224,252.5065155029297,39.03379821777344,8.918109893798828,75.21087646484375,198.7976226806641,11.403512001037598,11.0,263.9437866210937,310.9906311035156,5.659999847412109
2020-08-14,,157.4010009765625,2.6514034271240234,14.940765380859377,252.8498687744141,38.96334457397461,8.794354438781738,74.61482238769531,198.98814392089844,11.524093627929688,11.149999618530272,263.63385009765625,310.9998474121094,5.71999979019165
2020-08-17,,159.12049865722656,2.468799114227295,14.099237442016602,252.08181762695312,39.45654678344727,8.345741271972656,75.19054412841797,200.30270385742188,12.294427871704102,10.779999732971191,266.69482421875,311.98779296875,5.440000057220459
2020-08-18,,165.62449645996094,2.4249744415283203,13.951605796813965,251.40391540527344,39.41250991821289,8.24519157409668,77.15135192871094,201.45526123046875,12.218440055847168,10.880000114440918,269.2618408203125,312.6617736816406,5.440000057220459
2020-08-19,,163.0240020751953,2.468799114227295,13.75229263305664,250.7080993652344,38.928104400634766,8.020883560180664,76.59741973876953,200.2330780029297,12.09661102294922,10.890000343322754,267.4505310058594,311.35992431640625,5.46999979019165
2020-08-20,,164.86849975585938,2.4103662967681885,13.612038612365724,251.10562133789065,38.8048095703125,7.928069114685059,78.16645812988281,204.8927154541016,12.099102020263672,10.90999984741211,271.160400390625,312.32940673828125,5.46999979019165
2020-08-21,,164.23599243164062,2.4249744415283203,13.449642181396484,252.9387969970703,38.998565673828125,7.819783210754394,78.13274383544922,203.40318298339844,12.639728546142578,10.989999771118164,273.0396423339844,313.43731689453125,5.349999904632568
2020-08-24,,165.3730010986328,2.403061866760254,13.552987098693848,256.4617614746094,39.43013000488281,7.781109809875488,78.60781860351562,204.0428771972656,12.67635440826416,11.029999732971191,274.7445678710937,316.6134338378906,5.400000095367432
2020-08-25,,167.32449340820312,2.4468865394592285,13.715389251708984,255.95448303222656,39.826454162597656,7.866191864013672,79.63432312011719,206.69744873046875,12.70600128173828,11.1899995803833,276.9046936035156,317.72137451171875,5.550000190734863
2020-08-26,,172.09249877929688,2.366541147232056,13.530838966369627,256.6882019042969,39.93213653564453,7.765641212463379,81.53262329101562,211.1661834716797,12.728919982910156,11.4399995803833,282.8134765625,320.90673828125,5.559999942779541
2020-08-27,,170.0,2.351933240890503,13.198659896850586,258.146240234375,39.59746170043945,7.657351493835449,80.75853729248047,216.3509979248047,12.584671974182127,11.510000228881836,281.9320983886719,321.60845947265625,5.380000114440918
2020-08-28,,170.08999633789062,2.5564489364624023,14.165677070617676,259.649658203125,40.11708831787109,8.198782920837402,81.299560546875,218.5758209228516,13.102376937866213,11.989999771118164,283.3656311035156,323.6858825683594,5.710000038146973
2020-08-31,,172.54800415039062,2.4614951610565186,13.988511085510254,257.4579162597656,39.22755432128906,7.989943027496338,80.80862426757812,215.3484039306641,13.328347206115724,11.489999771118164,285.6420288085937,322.51336669921875,5.579999923706055
2020-09-01,,174.95599365234375,2.5126240253448486,13.885167121887209,259.73114013671875,39.89691162109375,8.044088363647461,82.07563781738281,217.00982666015625,13.777426719665527,11.779999732971191,290.52423095703125,325.5508728027344,5.639999866485596
2020-09-02,,176.57249450683594,2.4249744415283203,13.922075271606444,263.734130859375,39.79121780395508,7.819783210754394,85.16561126708984,221.19212341308597,14.301267623901367,11.760000228881836,293.2752380371094,330.2596740722656,5.539999961853027
2020-09-03,,168.39999389648438,2.4614951610565186,14.298548698425291,256.6067810058594,39.03379821777344,7.951271057128906,80.80762481689453,207.48992919921875,12.974464416503906,11.90999984741211,278.4060974121094,318.8939514160156,5.519999980926514
2020-09-04,,164.7310028076172,2.4761033058166504,13.973749160766602,255.1848602294922,39.051414489746094,7.87392520904541,78.41242980957031,204.57765197753903,12.582703590393066,11.960000038146973,274.69610595703125,316.290283203125,5.420000076293945
2020-09-08,,157.49200439453125,2.5053200721740723,13.92945957183838,249.4337921142578,38.37324905395508,7.935802459716797,75.55553436279297,193.51089477539065,11.875443458557127,11.93000030517578,261.4930419921875,307.64825439453125,5.440000057220459
2020-09-09,,163.4304962158203,2.468799114227295,13.833497047424316,253.4458770751953,38.94572067260742,7.951271057128906,76.72734832763672,201.75128173828125,12.674911499023438,11.960000038146973,269.17462158203125,313.7236022949219,5.409999847412109
2020-09-10,,158.7554931640625,2.468799114227295,13.826114654541016,249.76901245117188,38.32040786743164,7.928069114685059,75.67701721191406,196.0985412597656,12.272933959960938,11.899999618530272,263.8082580566406,308.276123046875,5.159999847412109
2020-09-11,,155.81100463867188,2.403061866760254,13.287239074707031,250.9464874267578,38.690311431884766,7.533599853515625,75.16674041748047,194.81903076171875,12.126148223876951,11.829999923706056,261.97735595703125,308.4331359863281,5.170000076293945
2020-09-14,,155.14849853515625,2.3300204277038574,12.881244659423828,254.06182861328125,39.31563186645508,7.123658657073975,74.82308959960938,196.1367034912109,12.8316650390625,11.460000038146973,266.5398254394531,312.4956359863281,5.059999942779541
2020-09-15,,157.80650329589844,2.293499708175659,12.740988731384276,254.1070251464844,39.72957611083984,7.092721462249756,76.12681579589844,199.3545684814453,12.950042724609377,11.479999542236328,270.3177185058594,314.0744323730469,5.119999885559082
2020-09-16,,153.90499877929688,2.1328091621398926,11.914224624633787,254.51467895507807,39.676719665527344,6.466208457946777,74.98475646972656,195.7929534912109,12.475045204162598,10.729999542236328,266.0070495605469,312.8280029296875,4.849999904632568
2020-09-17,,150.43649291992188,2.0378549098968506,11.353209495544434,253.19248962402344,39.51819610595703,6.094944953918457,73.74251556396484,193.7495880126953,12.424206733703612,10.649999618530272,261.8515014648437,310.0766296386719,4.550000190734863
2020-09-18,,147.74549865722656,2.0232467651367188,11.308918952941896,251.02903747558597,39.209938049316406,6.079474925994873,71.95974731445312,191.3433837890625,12.150819778442385,10.720000267028809,258.5096435546875,306.5067443847656,4.460000038146973
2020-09-21,,148.02349853515625,1.942900896072388,10.866011619567873,246.41729736328125,38.84885025024414,5.878373146057129,70.92084503173828,193.3962860107422,12.477788925170898,10.619999885559082,259.1296081542969,303.0954895019531,4.130000114440918
2020-09-22,,156.44949340820312,1.86985981464386,10.40833854675293,247.66107177734372,38.558197021484375,5.607657432556152,72.39265441894531,198.05599975585935,12.597906112670898,10.43000030517578,263.9437866210937,306.1823425292969,3.880000114440918
2020-09-23,,149.9929962158203,1.7602978944778442,9.86208438873291,242.9131317138672,37.95930480957031,5.306004047393799,69.891845703125,191.5343475341797,12.085527420043944,9.550000190734863,255.8844757080078,299.08172607421875,3.660000085830689
2020-09-24,,150.989501953125,1.92098867893219,10.80695915222168,243.3852386474609,37.78316879272461,5.901576519012451,70.55982208251953,194.01693725585935,12.309067726135254,10.140000343322754,257.0759582519531,299.8787841796875,3.839999914169312
2020-09-25,,154.75650024414062,1.92098867893219,10.718377113342283,246.6534423828125,37.81839370727539,5.723677635192871,71.36319732666016,198.43792724609372,12.833162307739258,10.329999923706056,263.05255126953125,304.7268981933594,3.680000066757202
2020-09-28,,158.70249938964844,1.913684964179993,10.578119277954102,250.46612548828125,38.24114608764648,5.592188358306885,72.33514404296875,199.9847717285156,12.993901252746582,10.34000015258789,268.5160217285156,309.78826904296875,3.7200000286102295
2020-09-29,,157.24400329589844,1.833338737487793,10.40833854675293,249.1226348876953,38.21471405029297,5.538045883178711,72.70013427734375,197.90316772460935,13.184052467346191,10.130000114440918,267.30517578125,308.10125732421875,3.609999895095825
2020-09-30,,157.43649291992188,1.840643525123596,10.55597686767578,251.9186553955078,38.83122634887695,5.59992265701294,72.67931365966797,200.8345947265625,13.487839698791504,10.329999923706056,269.13592529296875,310.4372253417969,3.569999933242798
2020-10-01,,161.06300354003906,1.9355974197387693,10.792192459106444,252.49972534179688,39.192325592041016,5.739146709442139,73.78516387939453,202.8684844970703,13.571577072143556,10.579999923706056,273.40771484375,312.4302062988281,3.650000095367432
2020-10-02,,156.25,1.899076461791992,10.51906681060791,251.2832946777344,38.74315643310547,5.638596057891846,72.18340301513672,196.8815155029297,13.021069526672363,10.779999732971191,265.7164611816406,309.4638366699219,3.630000114440918
2020-10-05,,159.9600067138672,1.950205683708191,10.371431350708008,255.55902099609372,39.262786865234375,5.507106304168701,73.53374481201172,200.8824005126953,13.59949016571045,10.989999771118164,271.3832397460937,314.9515686035156,3.7300000190734863
2020-10-06,,154.9980010986328,1.833338737487793,10.142595291137695,252.1185302734375,39.33324813842773,5.34467887878418,71.956298828125,196.6141815185547,13.693192481994627,10.369999885559082,266.5398254394531,310.4742126464844,3.569999933242798
2020-10-07,,159.7845001220703,1.840643525123596,10.245939254760742,256.8390808105469,39.76480102539063,5.460698127746582,72.35894775390625,200.3572235107422,13.91997241973877,10.460000038146973,271.1507263183594,315.87860107421875,3.660000085830689
2020-10-08,,159.52749633789062,1.8771642446517944,10.533827781677246,258.08282470703125,40.09066009521485,5.607657432556152,73.5634994506836,201.07327270507807,13.795117378234863,10.649999618530272,272.5940856933594,318.6780090332031,3.809999942779541
2020-10-09,,164.33250427246094,1.847947359085083,10.40833854675293,259.5716247558594,40.36369323730469,5.523167133331299,74.90342712402344,206.0672149658203,13.719358444213867,10.829999923706056,276.7593078613281,321.5238952636719,3.869999885559082
2020-10-12,,172.14649963378906,1.840643525123596,10.201648712158203,261.8682861328125,40.71598815917969,5.476228713989258,77.5882339477539,211.40484619140625,14.181147575378418,11.270000457763672,285.302978515625,326.6964111328125,3.7899999618530273
2020-10-13,,172.18150329589844,1.774906039237976,9.89899730682373,260.3069152832031,40.54865264892578,5.311940670013428,77.71121215820312,212.7989044189453,14.20333194732666,11.279999732971191,285.2933959960937,324.5643920898437,3.75
2020-10-14,,168.1855010986328,1.7676018476486206,9.788268089294434,258.8453063964844,40.275611877441406,5.171124458312988,77.53120422363281,210.8892364501953,14.050810813903809,11.529999732971191,282.9104309082031,322.5249938964844,3.75
2020-10-15,,166.9324951171875,1.7676018476486206,9.773504257202148,258.7636108398437,39.984981536865234,5.132008075714111,77.1359634399414,209.74339294433597,13.925958633422852,11.550000190734863,281.0119323730469,322.1264343261719,3.569999933242798
2020-10-16,,163.635498046875,1.913684964179993,9.994958877563477,259.7146301269531,40.12589645385742,5.288473606109619,77.7424545288086,209.74339294433597,13.767952919006348,11.760000228881836,279.4716491699219,321.9317932128906,3.559999942779541
2020-10-19,,160.36050415039062,1.942900896072388,10.209030151367188,256.13623046875,40.01140594482422,5.39017391204834,75.87042999267578,204.5489501953125,13.455194473266602,12.029999732971191,274.9091796875,317.03729248046875,3.5899999141693115
2020-10-20,,160.85049438476562,1.8917720317840576,9.729211807250977,256.9718017578125,40.45176696777344,5.171124458312988,76.91827392578125,204.9595947265625,13.602479934692385,12.0,275.5001525878906,318.3072814941406,3.4600000381469727
2020-10-21,,159.2469940185547,1.8187309503555296,9.337976455688477,256.081787109375,40.56626510620117,5.077245235443115,78.64946746826172,205.10276794433597,13.48210906982422,11.1899995803833,275.2869873046875,317.70465087890625,3.3399999141693115
2020-10-22,,158.82000732421875,1.9355974197387693,9.522523880004885,257.6076354980469,40.55745697021485,5.16330099105835,79.67449188232422,205.1887664794922,13.318875312805176,11.390000343322754,275.2773132324219,319.4474182128906,3.450000047683716
2020-10-23,,160.22000122070312,1.9648133516311648,9.633248329162598,257.32598876953125,40.79524993896485,5.202416896820068,80.97969818115234,206.46826171875,13.547401428222656,11.970000267028809,275.8197631835937,320.5320739746094,3.609999895095825
2020-10-26,,160.3520050048828,1.906380295753479,9.559432983398438,251.5680694580078,40.26681900024414,5.257178783416748,78.56514739990234,200.59591674804688,13.099817276000977,12.390000343322754,271.6835632324219,314.6086120605469,3.609999895095825
2020-10-27,,164.31649780273438,1.789514422416687,9.020560264587402,249.44297790527344,40.44295501708984,4.975545406341553,79.28868103027344,203.6228179931641,13.354514122009276,11.800000190734863,273.8049011230469,313.5240478515625,3.319999933242798
2020-10-28,,158.13900756835938,1.694560408592224,8.666234970092773,241.1057891845703,39.43013000488281,4.787787914276123,74.9207763671875,193.52996826171875,12.58718967437744,11.09000015258789,263.1301574707031,302.8081359863281,3.0999999046325684
2020-10-29,,160.55050659179688,1.7602978944778442,8.887686729431152,242.1138916015625,39.826454162597656,4.936428546905518,77.20590209960938,195.47792053222656,12.982938766479492,11.3100004196167,267.7313842773437,305.8857421875,3.259999990463257
2020-10-30,,151.8074951171875,1.774906039237976,8.806488990783691,240.7243194580078,39.37727737426758,4.897313117980957,80.14311981201172,193.3294677734375,12.494483947753906,11.800000190734863,260.9408874511719,302.69683837890625,3.220000028610229
2020-11-02,,150.2239990234375,1.9867265224456787,9.699687004089355,244.4842529296875,39.87928771972656,5.429289817810059,80.55025482177734,193.1957550048828,12.541086196899414,12.140000343322754,261.5221862792969,306.08966064453125,3.319999933242798
2020-11-03,,152.42050170898438,2.0159428119659424,9.729211807250977,249.43380737304688,40.05543899536133,5.515344619750977,81.6084976196289,197.11065673828125,12.9784517288208,12.34000015258789,266.0457763671875,311.493896484375,3.5199999809265137
2020-11-04,,162.05799865722656,1.92098867893219,9.478232383728027,252.93939208984372,41.31488037109375,5.491873741149902,86.57694244384766,206.6210174560547,13.75075912475586,12.359999656677246,277.9218139648437,318.4555358886719,3.5
2020-11-05,,166.10000610351562,2.0743753910064697,10.334521293640137,257.8435974121094,42.01945495605469,5.88303279876709,87.4026107788086,213.2095489501953,14.115354537963867,12.640000343322754,285.16748046875,324.6663513183594,3.740000009536743
2020-11-06,,165.56849670410156,2.0816798210144043,10.356667518615724,257.217041015625,42.21321868896485,5.953442573547363,87.2652587890625,213.62014770507807,14.516088485717772,13.050000190734863,285.38055419921875,324.5922241210937,3.7300000190734863
2020-11-09,,157.18699645996094,2.2423713207244877,11.0874662399292,264.9365234375,42.50386428833008,6.328955173492432,87.34905242919922,208.53073120117188,13.587775230407717,13.029999732971191,279.54913330078125,328.6708984375,4.139999866485596
2020-11-10,,151.75100708007812,2.439582586288452,12.08400821685791,267.470458984375,42.01945495605469,6.884401321411133,86.17378234863281,201.48388671875,12.72973918914795,13.140000343322754,274.5411682128906,328.1889343261719,4.75
2020-11-11,,156.8695068359375,2.3446288108825684,11.582045555114746,267.107177734375,42.29248809814453,6.493241310119629,86.6453857421875,206.77378845214844,13.375697135925291,13.75,280.6824645996094,330.6268920898437,4.579999923706055
2020-11-12,,155.51400756835938,2.147416830062866,10.80695915222168,264.3282165527344,41.97542572021485,6.188137054443359,86.42667388916016,205.71388244628903,13.41432285308838,12.970000267028809,279.3651428222656,327.41949462890625,4.320000171661377
2020-11-13,,156.4405059814453,2.30810809135437,11.279390335083008,268.0517272949219,42.56550979614258,6.461948871612549,87.8866195678711,206.7356109619141,13.255081176757812,13.380000114440918,281.8158264160156,331.95245361328125,4.570000171661377
2020-11-16,,156.55299377441406,2.3592374324798584,11.323683738708496,272.43829345703125,43.093936920166016,6.548004150390625,87.97439575195312,207.423095703125,13.47264003753662,13.600000381469728,284.0146179199219,336.0960998535156,4.690000057220459
2020-11-17,,156.7830047607422,2.373845100402832,11.604190826416016,270.9215087890625,43.04990768432617,6.73576021194458,87.36096954345703,204.77816772460935,13.37993335723877,13.649999618530272,283.11376953125,334.2884521484375,4.920000076293945
2020-11-18,,155.2729949951172,2.220458745956421,11.0874662399292,267.69757080078125,42.90018844604492,6.407186508178711,86.31857299804688,202.0784454345703,13.386409759521484,13.229999542236328,281.0215148925781,330.265380859375,4.739999771118164
2020-11-19,,155.8509979248047,2.249675035476685,11.153901100158691,268.2152404785156,42.97064971923828,6.516712665557861,87.20773315429688,203.3612518310547,13.397873878479004,13.020000457763672,283.2203674316406,331.6558532714844,4.78000020980835
2020-11-20,,154.97000122070312,2.256978988647461,11.035792350769045,266.2600402832031,43.20843505859375,6.352424144744873,86.10733032226562,201.4178466796875,13.04648780822754,13.270000457763672,281.28302001953125,329.3846740722656,4.760000228881836
2020-11-23,,154.91949462890625,2.2423713207244877,11.19080924987793,269.3182067871094,43.32292938232422,6.501065254211426,85.66993713378906,201.14979553222656,13.098572731018066,13.899999618530272,281.2928161621094,331.3591613769531,5.0
2020-11-24,,155.9029998779297,2.395757913589477,12.172589302062988,273.4505615234375,43.90421295166016,6.900047779083252,87.47205352783203,204.7398834228516,12.916897773742676,14.0,285.2449951171875,336.6986083984375,5.329999923706055
2020-11-25,,159.2534942626953,2.4176700115203857,12.157827377319336,271.9123229980469,43.65761566162109,6.853108406066895,87.48344421386719,204.7494201660156,13.193021774291992,14.0600004196167,286.9981994628906,336.1794128417969,5.190000057220459
2020-11-27,,159.76699829101562,2.563753366470337,12.519533157348633,272.36749267578125,44.071556091308594,7.095627307891846,88.61856842041016,206.05145263671875,13.219439506530762,14.079999923706056,289.6427001953125,337.11578369140625,5.400000095367432
2020-11-30,,158.40199279785156,2.337324619293213,11.788737297058104,269.9827880859375,42.91780090332031,6.73576021194458,87.00093841552734,204.94091796875,13.359249114990234,14.09000015258789,290.233642578125,335.623291015625,5.03000020980835
2020-12-01,,161.00399780273438,2.432278633117676,12.032336235046388,271.63946533203125,43.763301849365234,6.931340217590332,89.03215789794922,206.9896545410156,13.347784996032717,14.149999618530272,293.9532775878906,339.2940979003906,5.269999980926514
2020-12-02,,160.17649841308594,2.549144744873047,12.49000644683838,272.3128662109375,43.82494354248047,7.134744167327881,90.50050354003906,206.1855010986328,13.50179672241211,14.18000030517578,294.33111572265625,340.00787353515625,5.340000152587891
2020-12-03,,159.3365020751953,2.5053200721740723,12.32022476196289,273.1137390136719,44.32695770263672,7.017396926879883,90.34530639648438,205.10366821289065,13.357710838317873,14.420000076293944,294.7476806640625,339.9151916503906,5.130000114440918
2020-12-04,,158.12899780273438,2.6075778007507324,12.438332557678224,275.4166259765625,44.784942626953125,7.103451728820801,90.44052124023438,205.2185516357422,13.519498825073242,14.050000190734863,295.94873046875,342.8444519042969,5.289999961853027
2020-12-07,,157.89999389648438,2.549144744873047,12.231642723083496,274.0604858398437,44.784942626953125,7.001750946044922,90.10677337646484,205.1515045166016,13.56786060333252,14.130000114440918,297.6246337890625,342.1399841308594,5.25
2020-12-08,,158.864501953125,2.4468865394592285,11.936372756958008,275.0617370605469,44.80255126953125,6.821816444396973,89.82411193847656,206.79818725585935,13.311842918395996,13.800000190734863,298.6319580078125,343.14111328125,5.159999847412109
2020-12-09,,155.2100067138672,2.403061866760254,11.958518028259276,273.860107421875,44.415035247802734,6.876576900482178,88.16432189941406,202.76773071289065,12.893790245056152,13.510000228881836,291.8706359863281,340.0635070800781,5.139999866485596
2020-12-10,,155.07449340820312,2.5126240253448486,12.534296035766602,273.55078125,44.98750686645508,7.338146209716797,87.65800476074219,201.5423126220703,12.935172080993652,14.380000114440918,293.042724609375,339.95233154296875,5.539999961853027
2020-12-11,,155.8209991455078,2.403061866760254,12.15044403076172,273.9056396484375,44.67044448852539,7.033039093017578,88.0125732421875,204.1654357910156,12.976054191589355,14.229999542236328,292.3937072753906,339.5536193847656,5.449999809265137
2020-12-14,,157.84849548339844,2.3446288108825684,11.921606063842772,272.24005126953125,44.43819808959961,6.892224788665772,86.89480590820312,205.0653839111328,13.270709991455078,14.149999618530272,294.5151062011719,338.03350830078125,5.389999866485596
2020-12-15,,158.25599670410156,2.388453960418701,12.268555641174316,275.4438781738281,44.91870880126953,7.087803840637207,87.33220672607422,204.99839782714844,13.32231330871582,14.239999771118164,297.663330078125,342.6034545898437,5.510000228881836
2020-12-16,,162.04800415039062,2.3811495304107666,12.187352180480955,275.0162048339844,45.132266998291016,7.07215690612793,87.13929748535156,209.92872619628903,13.2046480178833,14.390000343322754,299.3003845214844,343.14111328125,5.480000019073486
2020-12-17,,161.8040008544922,2.366541147232056,12.05448055267334,276.2357482910156,45.4259147644043,6.96263313293457,86.31212615966797,210.0627593994141,13.303114891052246,14.640000343322754,301.25714111328125,345.0599975585937,5.480000019073486
2020-12-18,,160.08250427246094,2.337324619293213,11.75920867919922,275.322021484375,45.37252426147461,6.8296380043029785,85.60347747802734,209.26812744140625,13.234066009521484,14.399999618530272,300.3465270996094,343.6822509765625,5.389999866485596
2020-12-21,,160.3090057373047,2.2642836570739746,11.404882431030272,275.5409545898437,44.70514297485352,6.626236915588379,86.01705932617188,213.0975646972656,13.29414176940918,13.720000267028809,299.7846374511719,342.45330810546875,5.190000057220459
2020-12-22,,160.3260040283203,2.30810809135437,11.30153751373291,273.6531982421875,44.349212646484375,6.610589027404785,85.30594635009766,214.38999938964844,13.240296363830566,13.609999656677246,300.5998229980469,341.8761901855469,5.010000228881836
2020-12-23,,159.2635040283203,2.3154125213623047,11.744444847106934,274.756591796875,44.80302810668945,6.798346042633057,85.70315551757812,211.59454345703125,12.972065925598145,13.380000114440918,299.0859680175781,342.18341064453125,5.039999961853027
2020-12-24,,158.63450622558594,2.293499708175659,11.493462562561035,275.4314270019531,44.60726165771485,6.790523052215576,85.99723815917969,213.25071716308597,12.956608772277832,13.279999732971191,300.40576171875,343.5146484375,4.940000057220459
2020-12-28,,164.197998046875,2.30810809135437,11.44179344177246,277.2371826171875,44.731842041015625,6.7826995849609375,87.9709243774414,215.36651611328125,12.863125801086426,13.1899995803833,303.4335021972656,346.4657592773437,4.909999847412109
2020-12-29,,166.10000610351562,2.4103662967681885,12.0028076171875,276.7447204589844,45.39921951293945,7.142566204071045,87.16756439208984,214.591064453125,12.906256675720217,13.279999732971191,303.7052001953125,345.8046875,4.929999828338623
2020-12-30,,164.29249572753906,2.388453960418701,11.692771911621094,277.355712890625,46.00429916381836,6.946987152099609,86.10087585449219,212.22637939453125,13.108176231384276,13.6899995803833,303.71484375,346.2981262207031,4.900000095367432
2020-12-31,,162.84649658203125,2.3446288108825684,11.493462562561035,278.86962890625,45.97760391235352,6.837460994720459,86.91365051269531,212.934814453125,13.01768398284912,13.779999732971191,304.4621276855469,348.0575866699219,4.699999809265137
2021-01-04,,159.3314971923828,2.20585036277771,10.792192459106444,275.7051086425781,46.27125549316406,6.477595329284668,85.59902954101562,208.4065093994141,13.076020240783691,13.079999923706056,300.1631164550781,343.3191833496094,4.519999980926514
2021-01-05,,160.92550659179688,2.183937788009644,10.740521430969238,277.0912475585937,47.38354110717773,6.407186508178711,86.28931427001953,208.6075592041016,13.366436004638672,13.0,302.6377258300781,345.68365478515625,4.619999885559082
2021-01-06,,156.91900634765625,2.176633596420288,10.91029930114746,281.0766296386719,46.98311614990234,6.501065254211426,85.4378433227539,203.19851684570312,12.578444480895996,12.979999542236328,298.44549560546875,347.7503967285156,4.650000095367432
2021-01-07,,158.10800170898438,2.162024974822998,10.95459270477295,283.1648864746094,47.42802810668945,6.508886814117432,87.9897689819336,208.98095703125,13.30585765838623,13.420000076293944,305.6654357910156,352.9171447753906,4.78000020980835
2021-01-08,,159.13499450683594,2.169329881668091,10.8364839553833,283.6573486328125,48.68270111083984,6.430655956268311,89.1546401977539,210.2542266845703,13.23880100250244,13.010000228881836,309.5956420898437,354.9278869628906,4.690000057220459
2021-01-11,,155.7104949951172,2.0670711994171143,10.452629089355469,282.8638610839844,48.02421951293945,6.211607933044434,87.09466552734375,208.21507263183597,13.582564353942873,12.619999885559082,305.1220703125,352.535400390625,4.420000076293945
2021-01-12,,156.04150390625,2.191241979598999,10.600266456604004,283.3836669921875,48.49583053588867,6.344601631164551,86.15939331054688,205.7642059326172,13.446208000183104,12.68000030517578,304.63677978515625,352.6097717285156,4.179999828338623
2021-01-13,,158.29449462890625,2.191241979598999,10.437864303588867,283.2834167480469,48.60261154174805,6.336779594421387,86.64636993408203,207.11410522460935,13.493071556091309,12.6899995803833,306.6940612792969,353.5593566894531,4.090000152587891
2021-01-14,,156.37350463867188,2.2423713207244877,10.69622802734375,282.7544860839844,49.056427001953125,6.469771862030029,85.83656311035156,203.93569946289065,13.162521362304688,12.970000267028809,305.0540466308594,352.3212890625,4.150000095367432
2021-01-15,,155.21249389648438,2.162024974822998,10.334521293640137,281.1103210449219,48.36235046386719,6.258546352386475,85.67292022705078,203.5814666748047,12.822746276855469,12.829999923706056,302.6377258300781,349.7519226074219,3.9600000381469727
2021-01-19,,156.03799438476562,2.140113353729248,10.297613143920898,282.205322265625,49.163204193115234,6.0864362716674805,88.49211883544922,207.2098388671875,12.988021850585938,13.0,307.0531616210937,352.4981384277344,3.940000057220459
2021-01-20,,163.16900634765625,2.191241979598999,10.533827781677246,284.4406433105469,50.02634048461914,6.164669036865234,93.2329330444336,214.7729339599609,13.32754611968994,13.260000228881836,314.19549560546875,357.37628173828125,3.680000066757202
2021-01-21,,165.34950256347656,2.1035923957824707,10.253321647644045,284.5317077636719,50.11532211303711,5.953442573547363,93.43524932861328,215.37608337402344,13.827860832214355,12.600000381469728,316.7088623046875,357.7020263671875,3.25
2021-01-22,,164.6114959716797,2.0524635314941406,9.86208438873291,282.7983093261719,49.6793098449707,5.851741313934326,93.85231018066406,216.3143310546875,13.673303604125977,12.390000343322754,315.7967224121094,356.4360046386719,3.490000009536743
2021-01-25,,164.6999969482422,2.0232467651367188,9.876849174499512,282.5064392089844,50.05302810668945,5.773508548736572,93.9375991821289,219.74163818359372,13.614228248596191,12.56999969482422,318.4071350097656,357.8417358398437,3.450000047683716
2021-01-26,,166.30650329589844,2.0670711994171143,10.260702133178713,282.2691345214844,49.68820571899414,6.0864362716674805,94.6155014038086,222.42221069335935,13.3968505859375,13.079999923706056,318.8730163574219,357.2831726074219,3.740000009536743
2021-01-27,,161.62899780273438,2.1182010173797607,10.157358169555664,276.67657470703125,48.308963775634766,6.031674861907959,90.20149230957033,222.9679107666016,12.880825996398926,13.199999809265137,309.9838256835937,348.5509948730469,4.050000190734863
2021-01-28,,161.88099670410156,2.0670711994171143,10.142595291137695,279.24029541015625,48.6470947265625,6.062968254089356,91.90045166015624,228.74073791503903,13.013694763183594,13.25,311.8179931640625,351.548583984375,3.9800000190734863
2021-01-29,,160.30999755859375,1.9648133516311648,9.832557678222656,273.5289001464844,47.43692779541016,5.836095333099365,90.61903381347656,222.06797790527344,12.952622413635254,12.609999656677246,305.2579040527344,344.5107727050781,3.650000095367432
2021-02-01,,167.1439971923828,2.0232467651367188,10.061393737792969,275.5451965332031,48.7182846069336,6.149022579193115,93.87760162353516,229.43003845214844,13.199166297912598,13.59000015258789,312.88543701171875,350.2452087402344,4.010000228881836
2021-02-02,,169.0,2.030550956726074,9.89899730682373,279.9244689941406,49.35006713867188,6.0864362716674805,95.16942596435548,229.2960205078125,13.5180025100708,13.119999885559082,317.98992919921875,355.1978454589844,3.910000085830689
2021-02-03,,165.62649536132812,2.0816798210144043,9.980194091796877,280.3257751464844,49.59922409057617,6.0864362716674805,102.10015106201172,232.63720703125,13.491826057434082,13.130000114440918,316.72833251953125,355.4771728515625,4.300000190734863
2021-02-04,,166.5500030517578,2.0962882041931152,10.1795015335083,283.4369812011719,49.61702346801758,6.274193286895752,101.8397979736328,231.6893615722656,13.625197410583496,13.4399995803833,320.4741516113281,359.51739501953125,4.300000190734863
2021-02-05,,167.6074981689453,2.169329881668091,10.55597686767578,284.2306823730469,50.04413986206055,6.469771862030029,103.58537292480467,231.87130737304688,13.552152633666992,13.40999984741211,321.56109619140625,360.9322814941406,4.210000038146973
2021-02-08,,166.14700317382812,2.191241979598999,10.747901916503906,286.374755859375,50.13312149047852,6.501065254211426,103.3716278076172,232.12977600097656,14.397480010986328,13.619999885559082,323.7154235839844,363.5390625,4.510000228881836
2021-02-09,,165.25,2.2131540775299072,10.858627319335938,286.402099609375,50.66701126098633,6.469771862030029,102.91886901855467,233.37435913085935,14.222481727600098,13.640000343322754,323.6474609375,363.2970275878906,4.679999828338623
2021-02-10,,164.32899475097656,2.1985461711883545,10.725756645202637,286.93133544921875,50.84498596191406,6.36024808883667,103.46883392333984,232.46487426757807,14.722047805786133,13.59000015258789,322.909912109375,363.13873291015625,4.519999980926514
2021-02-11,,163.10650634765625,2.249675035476685,10.998884201049805,287.09539794921875,51.387786865234375,6.493241310119629,103.58139038085938,234.0636444091797,15.207162857055664,13.770000457763672,324.685791015625,363.7252807617188,4.599999904632568
2021-02-12,,163.885498046875,2.20585036277771,10.947211265563965,287.4239196777344,51.432273864746094,6.477595329284668,103.892822265625,234.5423126220703,14.91848850250244,14.43000030517578,326.50054931640625,365.52191162109375,4.639999866485596
2021-02-16,,163.44749450683594,2.300804376602173,11.44179344177246,287.9166564941406,51.55685043334961,6.720114231109619,104.669921875,233.3073272705078,15.286432266235352,15.039999961853027,325.617431640625,365.2054138183594,4.739999771118164
2021-02-17,,165.4320068359375,2.2277631759643555,11.471318244934082,288.8471069335937,51.57464599609375,6.751407146453857,105.06265258789062,234.32444763183597,14.863393783569336,14.979999542236328,324.0550842285156,365.28912353515625,4.800000190734863
2021-02-18,,166.4114990234375,2.256978988647461,11.323683738708496,287.8983459472656,50.8627815246582,6.821816444396973,104.42739868164062,233.93099975585935,14.786615371704102,14.609999656677246,322.63824462890625,363.7345275878906,4.630000114440918
2021-02-19,,162.4949951171875,2.286195755004883,11.257246017456056,287.8627014160156,51.1920166015625,6.751407146453857,103.58438110351562,231.22509765625,14.883835792541504,14.720000267028809,321.2311096191406,363.0921325683594,4.400000095367432
2021-02-22,,159.03700256347656,2.125504493713379,10.50430393218994,288.12762451171875,49.68820571899414,6.282015800476074,101.87103271484376,225.02633666992188,14.314717292785645,14.470000267028809,312.9048156738281,360.2993774414063,4.110000133514404
2021-02-23,,159.72500610351562,2.1035923957824707,10.393574714660645,288.292236328125,49.91065979003906,6.219430923461914,102.16163635253906,223.8365020751953,14.101579666137695,14.260000228881836,311.9732666015625,360.7369079589844,4.099999904632568
2021-02-24,,157.97650146484375,2.140113353729248,10.733139038085938,292.07647705078125,49.59032440185547,6.383718490600586,103.33642578125,225.064697265625,14.457558631896973,14.350000381469728,314.544921875,364.7120056152344,4.460000038146973
2021-02-25,,152.85800170898438,2.0743753910064697,10.17212200164795,287.0034484863281,48.46023178100586,5.984735488891602,99.9712371826172,219.7295684814453,13.26946258544922,13.420000076293944,303.5789794921875,355.9239196777344,4.28000020980835
2021-02-26,,154.64649963378906,1.979421854019165,10.009721755981444,282.86260986328125,47.81066131591797,5.82827091217041,100.26679229736328,222.98243713378903,13.675301551818848,13.329999923706056,304.85028076171875,354.0899963378906,4.329999923706055
2021-03-01,,157.3070068359375,1.979421854019165,10.40833854675293,288.4750061035156,49.092018127441406,5.937795639038086,102.63472747802734,227.3580780029297,13.802186012268066,13.380000114440918,314.02081298828125,362.67327880859375,4.159999847412109
2021-03-02,,154.72650146484375,1.9648133516311648,10.437864303588867,287.1954040527344,48.611515045166016,6.000380516052246,102.37784576416016,224.41217041015625,13.36793041229248,13.270000457763672,308.9843139648437,359.8432312011719,3.9600000381469727
2021-03-03,,150.25,1.9575103521347048,10.009721755981444,286.0984191894531,48.51362991333008,5.695277690887451,99.74610137939452,218.3573303222656,12.768153190612791,13.270000457763672,300.0174865722656,355.07684326171875,3.990000009536743
2021-03-04,,148.8784942626953,1.9867265224456787,9.943285942077637,282.9813232421875,47.38354110717773,5.781332492828369,100.86287689208984,217.56097412109372,12.334890365600586,13.510000228881836,295.107177734375,350.68280029296875,4.190000057220459
2021-03-05,,150.0229949951172,1.9648133516311648,9.670160293579102,288.15509033203125,47.89964294433594,5.570106029510498,103.99398803710938,222.2340240478516,12.425880432128906,13.670000076293944,299.5517578125,357.1342163085937,4.25
2021-03-08,,147.59750366210938,1.8552515506744385,9.389652252197266,290.9065856933594,46.60938262939453,5.577929496765137,99.5522003173828,218.1942138671875,11.560113906860352,13.279999732971191,291.0702514648437,355.35614013671875,3.950000047683716
2021-03-09,,153.1425018310547,1.86985981464386,9.507760047912598,291.2354431152344,47.632694244384766,5.624869346618652,101.18173217773438,224.3258514404297,12.488771438598633,13.300000190734863,302.5504150390625,360.4297180175781,4.079999923706055
2021-03-10,,152.8820037841797,2.0159428119659424,10.268084526062012,295.550048828125,47.41912841796875,6.062968254089356,100.9749526977539,223.0208282470703,12.436902046203612,13.880000114440918,301.68670654296875,362.67327880859375,4.309999942779541
2021-03-11,,155.67950439453125,2.0962882041931152,10.48953914642334,297.3783569335937,48.91404724121094,6.149022579193115,104.16606903076172,227.54042053222656,12.960830688476562,13.970000267028809,308.63494873046875,366.3504028320313,4.400000095367432
2021-03-12,,154.47450256347656,2.1035923957824707,10.644556999206545,300.10211181640625,48.04201889038086,6.211607933044434,101.65978240966795,226.2161865234375,12.823678970336914,14.289999961853027,306.1312561035156,366.8437194824219,4.409999847412109
2021-03-15,,154.08399963378906,2.2423713207244877,10.95459270477295,301.729248046875,48.157691955566406,6.430655956268311,101.87996673583984,225.314208984375,13.158086776733398,14.6899995803833,309.4015808105469,369.031494140625,4.510000228881836
2021-03-16,,154.59300231933594,2.1985461711883545,10.799575805664062,300.6049499511719,48.36235046386719,6.258546352386475,103.34039306640624,228.09690856933597,13.25783348083496,14.579999923706056,311.099853515625,368.5660705566406,4.389999866485596
2021-03-17,,156.7864990234375,2.1328091621398926,10.925065994262695,302.3508605957031,48.42464065551758,6.313307762145996,103.25757598876952,227.4540100097656,13.307710647583008,14.6899995803833,312.3807373046875,369.8228454589844,4.559999942779541
2021-03-18,,151.39950561523438,2.0670711994171143,10.474776268005373,301.0620422363281,47.53480529785156,6.102083206176758,100.23853302001952,221.3896026611328,12.690512657165527,14.479999542236328,302.8123474121094,364.4420471191406,4.349999904632568
2021-03-19,,153.7480010986328,2.0816798210144043,10.55597686767578,298.60821533203125,48.12210464477539,6.195960521697998,100.5172119140625,221.03453063964844,12.81345272064209,14.59000015258789,303.8798522949219,363.7677001953125,4.400000095367432
2021-03-22,,155.5435028076172,2.110896110534668,10.69622802734375,299.7347106933594,47.97973251342773,6.1803154945373535,100.7021942138672,226.44647216796875,13.153098106384276,14.869999885559082,309.5785217285156,366.6723937988281,4.389999866485596
2021-03-23,,156.875,2.1182010173797607,10.75528335571289,296.8222045898437,47.06320190429688,6.164669036865234,101.22982788085938,227.97218322753903,13.037888526916504,14.579999923706056,308.22802734375,363.7864074707031,4.199999809265137
2021-03-24,,154.35350036621094,2.0524635314941406,10.371431350708008,296.8403625488281,45.98650741577149,5.984735488891602,100.79344177246094,225.93788146972656,12.611213684082031,14.609999656677246,303.0295715332031,361.9370727539063,4.099999904632568
2021-03-25,,152.31300354003906,2.0232467651367188,10.046629905700684,298.7731018066406,46.20006561279297,5.945620536804199,100.78997802734376,222.9440460205078,12.50373363494873,14.109999656677246,302.5049133300781,363.9732055664063,4.099999904632568
2021-03-26,,152.60150146484375,1.979421854019165,10.09830379486084,302.8214416503906,47.401329040527344,5.984735488891602,100.4066390991211,226.91665649414065,12.80696964263916,14.100000381469728,307.0425720214844,369.8385314941406,4.119999885559082
2021-03-29,,153.7864990234375,1.9940303564071653,10.09830379486084,303.78338623046875,47.07209777832031,5.937795639038086,101.45101165771484,225.72679138183597,12.915694236755373,14.520000457763672,306.95513916015625,369.6517333984375,4.090000152587891
2021-03-30,,152.76449584960938,2.008639097213745,9.89899730682373,303.01397705078125,47.22336959838867,6.02385139465332,101.48473358154295,222.4739227294922,12.83938980102539,14.779999732971191,305.4102783203125,368.6710815429688,4.119999885559082
2021-03-31,,154.70399475097656,1.9940303564071653,9.854703903198242,302.4276733398437,47.463623046875,5.953442573547363,102.28065490722656,226.2353363037109,13.314691543579102,14.84000015258789,310.0838623046875,370.16552734375,4.110000133514404
2021-04-01,,158.0500030517578,2.0013341903686523,9.729211807250977,303.5909729003906,47.92634201049805,5.937795639038086,105.61608123779295,232.54928588867188,13.77702808380127,14.989999771118164,315.3697204589844,374.1629333496094,4.239999771118164
2021-04-05,,161.3365020751953,1.9648133516311648,9.721831321716309,307.0258178710937,48.11320877075195,6.000380516052246,110.0385284423828,238.9975128173828,13.952332496643066,14.859999656677246,321.6659851074219,379.5332946777344,4.150000095367432
2021-04-06,,161.1909942626953,2.0378549098968506,10.024487495422363,306.2654724121094,48.380149841308594,6.102083206176758,109.55750274658205,237.83645629882807,13.826651573181152,15.0,321.4425354003906,379.3091430664063,4.380000114440918
2021-04-07,,163.96949768066406,1.979421854019165,9.78088665008545,306.2654724121094,47.66828155517578,6.078613758087158,111.03380584716795,239.79391479492188,14.10794162750244,14.6899995803833,322.21978759765625,379.74810791015625,4.289999961853027
2021-04-08,,164.96499633789062,2.0232467651367188,9.803030967712402,306.9616394042969,48.059814453125,6.02385139465332,111.5991439819336,243.0084991455078,14.281005859375,14.609999656677246,325.5817565917969,381.5506896972656,4.179999828338623
2021-04-09,,168.61000061035156,1.9721176624298096,9.6553955078125,309.46209716796875,47.650489807128906,5.875211238861084,112.60283660888672,245.50331115722656,14.36379623413086,14.420000076293944,327.5541687011719,384.3246765136719,4.019999980926514
2021-04-12,,168.96949768066406,1.928292989730835,9.352741241455078,309.17822265625,47.36574172973633,5.726571083068848,111.31100463867188,245.56092834472656,15.170763969421388,14.699999809265137,327.126708984375,384.4647521972656,3.920000076293945
2021-04-13,,170.0,1.884467959403992,9.441323280334473,308.48211669921875,47.56150436401367,5.703099727630615,111.7974853515625,248.03651428222656,15.640080451965332,14.1899995803833,330.9452209472656,385.6041870117188,3.930000066757202
2021-04-14,,166.64999389648438,1.906380295753479,9.426559448242188,309.159912109375,47.80176544189453,5.74221658706665,111.17662811279295,245.2538299560547,15.238592147827148,14.15999984741211,326.97119140625,384.2872924804688,3.940000057220459
2021-04-15,,168.95449829101562,1.8625556230545044,9.249394416809082,311.8253479003906,48.2377815246582,5.632691383361816,113.32585144042967,249.00567626953125,16.096681594848633,14.170000076293944,331.9266357421875,388.41552734375,3.839999914169312
2021-04-16,,169.9720001220703,1.9355974197387693,9.596339225769045,313.2289733886719,48.36235046386719,5.76568603515625,113.20188903808594,250.1955108642578,15.872493743896484,14.5600004196167,332.3152770996094,389.7136840820313,3.9600000381469727
2021-04-19,,168.60049438476562,1.9355974197387693,9.588959693908691,312.21197509765625,48.18439102172852,5.8048014640808105,113.5495147705078,248.2764587402344,15.323127746582031,14.600000381469728,329.2740478515625,387.7990112304688,3.920000076293945
2021-04-20,,166.7344970703125,1.906380295753479,9.301070213317873,309.8021850585937,47.79286575317383,5.624869346618652,113.01642608642578,247.81588745117188,15.133106231689451,14.300000190734863,326.8740539550781,384.9598083496094,3.799999952316284
2021-04-21,,168.1009979248047,1.92098867893219,9.389652252197266,312.7158508300781,48.08651351928711,5.656161308288574,112.98370361328124,250.04205322265625,15.321881294250488,14.229999542236328,329.6723937988281,388.602294921875,3.859999895095825
2021-04-22,,165.45199584960938,1.8625556230545044,9.271543502807615,309.8021850585937,47.91743469238281,5.624869346618652,111.70277404785156,246.7699432373047,14.81291389465332,14.18000030517578,325.6983947753906,385.0531311035156,3.759999990463257
2021-04-23,,167.04400634765625,1.8625556230545044,9.2567777633667,311.91876220703125,48.611515045166016,5.632691383361816,114.05384063720705,250.5890655517578,15.226871490478516,13.850000381469728,329.7987670898437,389.2279968261719,3.75
2021-04-26,,170.4499969482422,1.8771642446517944,9.478232383728027,311.4056701660156,48.67380142211914,5.796979427337647,114.54974365234376,250.97271728515625,15.4390869140625,13.40999984741211,331.946044921875,390.0406188964844,3.7799999713897705
2021-04-27,,170.8715057373047,1.9648133516311648,10.245939254760742,311.3690490722656,48.6470947265625,6.03949785232544,113.61001586914062,251.37582397460935,15.343079566955566,13.449999809265137,330.5079650878906,389.95654296875,3.880000114440918
2021-04-28,,172.9250030517578,1.9867265224456787,10.216411590576172,310.0312805175781,49.01194381713867,6.094259738922119,116.98512268066406,244.26551818847656,15.238341331481934,13.619999885559082,329.390625,389.844482421875,4.0
2021-04-29,,173.5655059814453,1.9721176624298096,10.113066673278809,312.0470886230469,48.8962516784668,5.969088554382324,118.65729522705078,242.29840087890625,15.286221504211426,13.619999885559082,330.5760803222656,392.3289489746094,3.990000009536743
2021-04-30,,173.37100219726562,1.913684964179993,9.869467735290527,310.553466796875,48.03311920166016,5.85956335067749,116.71039581298828,241.9817657470703,14.97176456451416,13.420000076293944,328.4092712402344,389.7510070800781,3.7799999713897705
2021-05-03,,169.32449340820312,1.8552515506744385,9.758742332458496,312.5416564941406,48.03311920166016,5.726571083068848,116.1936492919922,241.6747131347656,14.799449920654297,13.359999656677246,326.6602783203125,390.5917053222656,3.759999990463257
2021-05-04,,165.593505859375,1.8625556230545044,9.537285804748535,312.8900756835937,47.49031829833984,5.663984298706055,114.39601135253906,237.76925659179688,14.315168380737305,13.350000381469728,320.7818298339844,388.18206787109375,3.680000066757202
2021-05-05,,163.52699279785156,1.8552515506744385,9.552051544189451,313.6137390136719,47.7127799987793,5.695277690887451,114.7897720336914,236.50267028808597,14.422148704528809,13.640000343322754,319.7032165527344,388.3034057617188,3.7899999618530273
2021-05-06,,165.31849670410156,1.92098867893219,9.611103057861328,316.57342529296875,48.16658782958984,5.836095333099365,115.90950775146484,239.6307678222656,14.486488342285156,13.550000190734863,322.11297607421875,391.40423583984375,3.7699999809265137
2021-05-07,,164.58050537109375,2.0378549098968506,10.50430393218994,318.7447509765625,48.66489028930664,6.172492027282715,116.63251495361328,242.2504425048828,14.775010108947754,14.3100004196167,324.7266540527344,394.25286865234375,3.990000009536743
2021-05-10,,159.52450561523438,2.110896110534668,10.378811836242676,318.6166381835937,47.79286575317383,6.211607933044434,113.64820861816406,237.18394470214844,14.229884147644045,14.369999885559082,316.5259094238281,390.3488159179688,4.070000171661377
2021-05-11,,161.19549560546875,2.0816798210144043,10.120450973510742,314.1910705566406,47.65939331054688,6.141198635101318,112.57258605957033,236.27235412597656,14.270282745361328,14.279999732971191,316.0886535644531,386.8651428222656,3.900000095367432
2021-05-12,,157.5970001220703,2.0232467651367188,9.965431213378906,307.8597717285156,46.34243774414063,6.016027927398682,109.11070251464844,229.3347320556641,13.72390842437744,14.039999961853027,307.9073791503906,378.6460571289063,4.150000095367432
2021-05-13,,158.07350158691406,2.08898401260376,10.548592567443848,311.9370422363281,46.28014755249024,6.227252960205078,110.53841400146484,233.2017517089844,13.630894660949709,14.899999618530272,310.28790283203125,383.194580078125,4.199999809265137
2021-05-14,,161.14500427246094,2.20585036277771,11.294151306152344,315.4280090332031,47.11659240722656,6.56953239440918,112.98519134521484,238.11471557617188,14.207192420959473,15.670000076293944,317.1380920410156,389.07861328125,4.46999979019165
2021-05-17,,163.51950073242188,2.286195755004883,11.641100883483888,314.8690795898437,47.07209777832031,6.750923156738281,113.5078582763672,235.2648468017578,14.129886627197266,15.050000190734863,315.2142028808594,388.0885314941406,4.690000057220459
2021-05-18,,161.61399841308594,2.2423713207244877,11.463936805725098,312.5416564941406,47.70388412475586,6.640511512756348,112.1961898803711,233.24981689453125,13.980511665344238,14.970000267028809,313.0862731933594,384.7449645996094,4.690000057220459
2021-05-19,,161.58999633789062,2.220458745956421,11.404882431030272,311.0116271972656,47.56150436401367,6.577418327331543,112.64398956298828,233.82681274414065,14.030386924743652,14.670000076293944,313.4458312988281,383.73626708984375,4.550000190734863
2021-05-20,,162.38400268554688,2.30810809135437,11.633719444274902,312.9174499511719,47.83735275268555,6.743036270141602,114.4019775390625,237.058349609375,14.575762748718262,14.93000030517578,319.5089416503906,387.8644104003906,4.579999923706055
2021-05-21,,160.1540069580078,2.271587371826172,11.176045417785645,314.04034423828125,47.28566360473633,6.490665912628174,113.76622772216795,235.7984619140625,14.954059600830078,14.670000076293944,317.7405090332031,387.5469665527344,4.5
2021-05-24,,162.24949645996094,2.2277631759643555,10.969355583190918,315.8031616210937,47.677188873291016,6.411799430847168,117.08430480957033,241.19400024414065,15.57275104522705,14.56999969482422,323.0845642089844,391.4976501464844,4.630000114440918
2021-05-25,,162.95249938964844,2.154721260070801,10.762665748596191,315.08697509765625,48.14879608154297,6.388141632080078,117.17505645751952,242.09811401367188,15.608410835266112,14.390000343322754,323.5315246582031,390.6290283203125,4.510000228881836
2021-05-26,,163.25799560546875,2.20585036277771,11.205574035644531,315.1696472167969,48.50472259521485,6.553757667541504,118.03990936279295,241.87689208984372,15.660530090332031,14.609999656677246,324.6586608886719,391.40423583984375,4.519999980926514
2021-05-27,,161.5054931640625,2.293499708175659,11.286772727966309,316.3907775878906,48.51362991333008,6.758809566497803,117.16564178466795,239.7801818847656,15.44906234741211,14.649999618530272,323.44415283203125,391.6097412109375,4.559999942779541
2021-05-28,,161.15350341796875,2.4614951610565186,12.098772048950195,317.3455810546875,48.8250617980957,7.003295421600342,116.8765106201172,240.13604736328125,16.203659057617188,15.289999961853027,324.46435546875,392.3102111816406,4.699999809265137
2021-06-01,,160.9324951171875,2.563753366470337,12.165210723876951,317.5568542480469,49.83058166503906,7.184684753417969,118.08304595947266,237.9431915283203,16.22361183166504,16.100000381469727,323.38580322265625,391.9646606445313,4.880000114440918
2021-06-02,,161.69949340820312,2.717139959335327,12.334989547729492,318.0067138671875,49.91065979003906,7.153139591217041,117.5578842163086,237.84703063964844,16.736068725585938,16.530000686645508,324.017333984375,392.5810546875,4.949999809265137
2021-06-03,,159.35049438476562,2.731748580932617,12.748370170593262,317.69451904296875,49.37676239013672,7.389737606048584,116.41681671142578,236.3178253173828,16.927087783813477,16.739999771118164,320.645751953125,391.1240234375,5.150000095367432
2021-06-04,,160.31100463867188,2.790181398391724,13.006733894348145,319.42059326171875,49.82168197631836,7.831387519836426,118.69745635986328,241.20361328125,17.534053802490234,16.940000534057617,326.0870361328125,394.70123291015625,5.400000095367432
2021-06-07,,159.90049743652344,2.87783145904541,13.368441581726074,318.2179260253906,49.57252502441406,8.05221176147461,119.13037872314452,244.10818481445312,17.5747013092041,17.479999542236328,327.0586853027344,394.3182373046875,5.659999847412109
2021-06-08,,163.20550537109375,2.8047895431518555,13.065788269042969,317.9884033203125,49.332275390625,7.705203533172607,118.93897247314452,242.91558837890625,17.413110733032227,17.420000076293945,327.214111328125,394.40234375,5.510000228881836
2021-06-09,,164.0574951171875,3.009305477142334,13.51607608795166,316.565185546875,49.18989944458008,8.05221176147461,119.41008758544922,243.8965606689453,17.31858253479004,17.420000076293945,327.2918701171875,393.8139343261719,5.550000190734863
2021-06-10,,167.4824981689453,3.009305477142334,13.545605659484863,316.7397155761719,49.58403396606445,8.194170951843262,120.75843811035156,247.40708923339844,17.385175704956055,17.40999984741211,330.70233154296875,395.6445007324219,5.71999979019165
2021-06-11,,167.3415069580078,2.841310501098633,13.006733894348145,316.8682556152344,49.41422653198242,7.81561279296875,120.51394653320312,248.03224182128903,17.784509658813477,16.770000457763672,331.5671081542969,396.2983093261719,5.380000114440918
2021-06-14,,169.19349670410156,2.8997433185577397,13.036261558532717,316.1154479980469,49.548282623291016,7.965458393096924,121.44178009033205,249.95579528808597,17.977569580078125,17.040000915527344,334.74444580078125,397.18560791015625,5.460000038146973
2021-06-15,,169.156494140625,2.863223075866699,13.080552101135254,315.2981262207031,49.20866775512695,7.941800117492676,120.4241943359375,248.48426818847656,17.747838973999023,17.06999969482422,332.5582275390625,396.4571533203125,5.429999828338623
2021-06-16,,170.7624969482422,2.870527029037476,13.272478103637695,312.8650817871094,48.538368225097656,8.060098648071289,119.78250122070312,247.54177856445312,17.769542694091797,16.989999771118164,331.3436279296875,394.2435302734375,5.5
2021-06-17,,174.46200561523438,2.782877206802368,12.844332695007324,310.92779541015625,48.80649185180664,7.81561279296875,120.74553680419922,250.92721557617188,18.61460876464844,16.889999389648438,335.5509338378906,394.1128234863281,5.139999866485596
2021-06-18,,174.34500122070312,2.782877206802368,12.593354225158691,306.14923095703125,48.46686935424805,7.626336574554443,119.12642669677734,249.51336669921875,18.59614944458008,16.600000381469727,332.9177551269531,388.7960205078125,5.050000190734863
2021-06-21,,172.697998046875,2.6587066650390625,12.165210723876951,311.5007629394531,48.67242431640625,7.452831268310547,120.81396484375,252.5910797119141,18.38513565063477,16.59000015258789,334.98681640625,394.362060546875,5.039999961853027
2021-06-22,,175.27200317382812,2.717139959335327,12.482625007629396,312.1168518066406,48.44899368286133,7.68154239654541,121.32772064208984,255.36099243164065,18.84358024597168,16.8799991607666,338.10943603515625,396.4703369140625,5.210000038146973
2021-06-23,,175.1909942626953,2.6879234313964844,12.120915412902832,311.5007629394531,48.743927001953125,7.555356025695801,121.12589263916016,255.13009643554688,19.013694763183597,16.469999313354492,338.2747802734375,395.9924621582031,5.050000190734863
2021-06-24,,172.45399475097656,2.636794090270996,12.091389656066896,314.4430236816406,49.19079208374024,7.523807525634766,121.49584197998048,256.4958801269531,19.161603927612305,16.399999618530273,340.3663330078125,398.3351135253906,5.21999979019165
2021-06-25,,170.072998046875,2.534537076950073,11.655864715576172,316.7141418457031,49.60191345214844,7.2556657791137695,121.5042724609375,254.8896331787109,18.98750686645508,15.449999809265137,339.947998046875,399.7499694824219,4.889999866485596
2021-06-28,,172.1945037841797,2.5126240253448486,11.582045555114746,315.1969909667969,49.64659118652344,7.224118709564209,121.5315399169922,258.4482421875,19.9393253326416,15.199999809265137,344.08233642578125,400.5558776855469,4.690000057220459
2021-06-29,,172.40699768066406,2.4249744415283203,11.264629364013672,315.2522277832031,49.610836029052734,6.940201759338379,121.27020263671876,261.0258483886719,19.98097419738769,15.0,345.32745361328125,400.77142333984375,4.550000190734863
2021-06-30,,172.00799560546875,2.373845100402832,11.094847679138184,317.1737670898437,49.28909683227539,6.798243999481201,121.08870697021484,260.54498291015625,19.95678329467773,15.170000076293944,344.78271484375,401.1086730957031,4.679999828338623
2021-07-01,,171.64849853515625,2.3300204277038574,10.917683601379396,318.4703674316406,49.01204681396485,6.70360279083252,121.44080352783205,261.2181396484375,20.165809631347656,14.890000343322754,344.9189453125,403.3295593261719,4.590000152587891
2021-07-02,,175.5489959716797,2.351933240890503,11.072701454162598,319.923095703125,48.95842361450195,6.727262496948242,124.23072814941406,267.0369567871094,20.44017601013184,15.119999885559082,348.87811279296875,406.412353515625,4.53000020980835
2021-07-06,,183.78700256347656,2.300804376602173,10.725756645202637,317.9739074707031,48.10044479370117,6.553757667541504,125.15560150146484,267.0465087890625,20.65119361877441,15.130000114440918,350.385986328125,405.6720886230469,4.340000152587891
2021-07-07,,184.82899475097656,2.286195755004883,10.56335735321045,318.9852294921875,48.046817779541016,6.545871257781982,125.437255859375,269.22979736328125,20.3251895904541,15.399999618530272,351.125244140625,407.1058044433594,4.329999923706055
2021-07-08,,186.57049560546875,2.2277631759643555,10.334521293640137,316.6496276855469,47.04584884643555,6.411799430847168,124.01898193359376,266.81573486328125,19.857261657714844,15.630000114440918,349.004638671875,403.7886657714844,4.21999979019165
2021-07-09,,185.9669952392578,2.278892040252685,10.55597686767578,320.64947509765625,47.859134674072266,6.467005729675293,124.48959350585938,267.3158264160156,20.00442314147949,15.880000114440918,351.18365478515625,408.0989685058594,4.320000171661377
2021-07-12,,185.9275054931641,2.4249744415283203,11.006266593933104,321.84478759765625,47.90381622314453,6.766696929931641,125.93466186523438,266.71954345703125,20.465620040893555,16.329999923706055,352.5552978515625,409.5608825683594,4.53000020980835
2021-07-13,,183.8679962158203,2.4176700115203857,10.998884201049805,320.89776611328125,47.948509216308594,6.70360279083252,126.29764556884766,270.2396545410156,20.20372009277344,16.399999618530273,352.5552978515625,408.1646423339844,4.550000190734863
2021-07-14,,184.08399963378903,2.388453960418701,10.961976051330566,321.2746276855469,48.15406799316406,6.735148906707764,127.18579864501952,271.71112060546875,19.7961540222168,15.770000457763672,353.1875305175781,408.7737121582031,4.5
2021-07-15,,181.55999755859372,2.366541147232056,10.666699409484863,321.7621459960937,48.27025604248047,6.585304260253906,125.96389770507812,270.28765869140625,18.92290496826172,15.550000190734863,350.7070007324219,407.37744140625,4.340000152587891
2021-07-16,,178.68150329589844,2.293499708175659,10.40833854675293,319.0083923339844,47.8948860168457,6.45123291015625,125.92919921875,270.01837158203125,18.11949157714844,15.720000267028809,347.866455078125,404.1823120117188,4.21999979019165
2021-07-19,,177.47950744628906,2.220458745956421,10.28285026550293,312.69708251953125,47.09053421020508,6.261953830718994,123.55679321289062,266.42138671875,18.7368278503418,15.460000038146973,345.0162353515625,398.2132873535156,4.099999904632568
2021-07-20,,178.6595001220703,2.20585036277771,10.16474151611328,317.48126220703125,47.242469787597656,6.33293342590332,125.17494201660156,268.6430969238281,18.5694580078125,16.239999771118164,349.0240173339844,403.9198303222656,4.150000095367432
2021-07-21,,179.25999450683594,2.30810809135437,10.740521430969238,320.15838623046875,47.54634094238281,6.608964920043945,126.50345611572266,270.64361572265625,19.36563491821289,16.309999465942383,351.7186889648437,407.1900939941406,4.389999866485596
2021-07-22,,181.9015045166016,2.220458745956421,10.386194229125977,320.4068298339844,47.635704040527344,6.40391206741333,127.36878204345705,275.2023620605469,19.549222946166992,16.540000915527344,354.0436096191406,408.0427856445313,4.320000171661377
2021-07-23,,182.83200073242188,2.1985461711883545,10.083540916442873,322.5321655273437,46.92966079711914,6.285614013671875,131.92465209960938,278.59747314453125,19.5132999420166,16.100000381469727,358.17791748046875,412.2407836914063,4.239999771118164
2021-07-26,,184.99099731445312,2.2350666522979736,10.238557815551758,323.304931640625,46.035926818847656,6.427573204040527,132.93629455566406,278.0011901855469,19.24990463256836,16.3799991607666,358.46002197265625,413.2527770996094,4.360000133514404
2021-07-27,,181.3195037841797,2.278892040252685,10.231175422668455,322.5781555175781,45.10645294189453,6.380253791809082,130.8187713623047,275.58709716796875,19.164100646972656,16.610000610351562,354.5104675292969,411.3693542480469,4.21999979019165
2021-07-28,,181.51600646972656,2.286195755004883,10.393574714660645,321.4188842773437,46.33086395263672,6.514325141906738,134.9783935546875,275.2793884277344,19.458423614501957,16.649999618530273,355.8724060058594,411.2007141113281,4.329999923706055
2021-07-29,,179.99600219726562,2.286195755004883,10.378811836242676,322.7621765136719,46.56324005126953,6.372365951538086,134.66452026367188,275.548583984375,19.617063522338867,16.6200008392334,356.5047607421875,412.9059753417969,4.380000114440918
2021-07-30,,166.37950134277344,2.2350666522979736,9.965431213378906,321.529296875,46.11636734008789,6.159428119659424,133.62213134765625,274.0193176269531,19.454439163208008,15.510000228881836,354.646728515625,410.9007873535156,4.360000133514404
2021-08-02,,166.57400512695312,2.1985461711883545,9.891613006591797,320.4896240234375,46.44704818725586,6.143655776977539,133.7490692138672,273.93292236328125,19.70486259460449,15.5,354.6759033203125,410.0387573242188,4.269999980926514
2021-08-03,,168.31199645996094,2.2642836570739746,10.149974822998049,323.010498046875,46.643672943115234,6.325048923492432,134.51821899414062,276.1449279785156,19.76971244812012,15.5,356.8257141113281,413.3745422363281,4.289999961853027
2021-08-04,,167.73599243164062,2.2131540775299072,9.972814559936523,320.15838623046875,46.88497543334961,6.2777276039123535,134.01785278320312,275.5582580566406,20.2276611328125,15.25,357.3413391113281,411.3412170410156,4.190000057220459
2021-08-05,,168.79949951171875,2.249675035476685,10.1795015335083,322.5689697265625,46.813472747802734,6.388141632080078,135.13461303710938,278.4531555175781,20.58983421325684,15.479999542236328,359.6079406738281,413.9461364746094,4.389999866485596
2021-08-06,,167.2469940185547,2.2642836570739746,10.231175422668455,323.9305114746094,46.42023086547852,6.474892616271973,134.62582397460938,278.3954467773437,20.3194522857666,15.5,358.0318908691406,414.6301879882813,4.429999828338623
2021-08-09,,167.093505859375,2.278892040252685,10.312376022338867,323.0657043457031,46.57216644287109,6.467005729675293,135.7906951904297,277.30865478515625,20.248613357543945,15.449999809265137,358.6934814453125,414.2928771972656,4.480000019073486
2021-08-10,,166.03399658203125,2.4103662967681885,10.8291015625,324.5194396972656,46.63473129272461,6.743036270141602,135.68556213378906,275.4909362792969,19.890438079833984,15.800000190734863,356.8549194335937,414.8081970214844,4.739999771118164
2021-08-11,,164.60549926757812,2.395757913589477,10.969355583190918,326.5527038574219,46.75985336303711,6.869222640991211,135.1619110107422,275.9814453125,19.65397453308105,15.699999809265137,356.2421264648437,415.8389892578125,5.099999904632568
2021-08-12,,165.1750030517578,2.395757913589477,10.969355583190918,326.81939697265625,46.34873580932617,6.869222640991211,136.0693817138672,278.7320861816406,19.859508514404297,16.239999771118164,357.5262145996094,417.0852661132813,5.039999961853027
2021-08-13,,164.69850158691406,2.3592374324798584,10.710993766784668,326.9666442871094,46.23255157470703,6.687831401824951,136.59849548339844,281.65594482421875,20.14185905456543,16.600000381469727,358.7810974121094,417.8442077636719,4.869999885559082
2021-08-16,,164.94949340820312,2.351933240890503,10.50430393218994,328.05224609375,45.812496185302734,6.593191146850586,137.1757354736328,283.33905029296875,19.904407501220703,16.170000076293945,358.936767578125,418.828125,4.800000190734863
2021-08-17,,162.09800720214844,2.3592374324798584,10.482157707214355,325.5314636230469,44.97239303588867,6.561645030975342,135.54122924804688,281.8770751953125,19.41352844238281,15.81999969482422,355.77520751953125,416.0826416015625,4.769999980926514
2021-08-18,,160.06100463867188,2.3446288108825684,10.437864303588867,322.1180725097656,45.04389953613281,6.459120273590088,134.33871459960938,280.1522521972656,18.99648666381836,15.399999618530272,352.3509216308594,411.528564453125,4.599999904632568
2021-08-19,,159.3874969482422,2.293499708175659,10.55597686767578,321.529296875,44.27529144287109,6.545871257781982,134.56777954101562,285.97247314453125,19.75275230407715,15.210000038146973,354.0533142089844,412.1656799316406,4.400000095367432
2021-08-20,,159.99749755859375,2.388453960418701,10.77742862701416,323.6407775878906,44.23953628540039,6.743036270141602,136.302978515625,293.2862854003906,20.7684268951416,15.520000457763672,357.720703125,415.4454040527344,4.409999847412109
2021-08-23,,163.2935028076172,2.4907121658325195,11.382735252380373,325.7513427734375,44.90983963012695,7.066388130187988,138.89356994628906,293.5657653808594,21.90781784057617,15.9399995803833,363.0709533691406,419.099853515625,4.570000171661377
2021-08-24,,165.28900146484375,2.717139959335327,12.430951118469238,326.0186462402344,45.92868423461914,7.68154239654541,140.10354614257812,291.6095275878906,21.74319648742676,17.15999984741211,364.1799621582031,419.7651977539063,4.840000152587891
2021-08-25,,164.95899963378906,2.841310501098633,12.844332695007324,326.42413330078125,45.9823112487793,7.981231212615967,140.91433715820312,291.0218811035156,22.162233352661133,17.020000457763672,364.5982971191406,420.6459655761719,5.0
2021-08-26,,165.8000030517578,2.870527029037476,12.615497589111328,324.5624694824219,45.54438400268555,7.926027297973633,140.28106689453125,288.2080993652344,22.01756477355957,16.850000381469727,362.2830505371094,418.1628723144531,4.909999847412109
2021-08-27,,167.48150634765625,3.016609907150269,13.02887725830078,326.7835998535156,46.1074333190918,8.067983627319336,142.82354736328125,288.81512451171875,22.58426284790039,17.489999771118164,365.8045349121094,421.9015502929688,5.070000171661377
2021-08-30,,171.07850646972656,3.2430379390716557,14.106622695922852,326.33203125,46.20574188232422,8.659478187561035,143.40524291992188,292.5443725585937,22.63614654541016,18.46999931335449,369.9096374511719,423.7569274902344,5.199999809265137
2021-08-31,,173.5395050048828,3.177300453186035,13.803966522216797,326.1845092773437,46.84028244018555,8.50174617767334,143.5113525390625,290.89654541015625,22.337770462036133,18.209999084472656,369.6080322265625,423.1291198730469,5.210000038146973
2021-09-01,,173.9499969482422,3.0823473930358887,13.582513809204102,325.8434143066406,47.439083099365234,8.320355415344238,144.025146484375,290.848388671875,22.39366340637207,17.389999389648438,370.220947265625,423.35400390625,5.039999961853027
2021-09-02,,173.156005859375,3.0677380561828613,13.250332832336426,327.0599365234375,47.22459030151367,8.170510292053223,142.11244201660156,290.193115234375,22.34875869750977,17.239999771118164,370.0457153320313,424.656494140625,5.050000190734863
2021-09-03,,173.90249633789062,3.053130388259888,13.117460250854492,326.3872985839844,47.47483825683594,8.107418060302734,142.5612335205078,290.1835021972656,22.794811248779297,16.989999771118164,371.1840515136719,424.5534057617188,4.940000057220459
2021-09-07,,175.46449279785156,3.264950752258301,14.018037796020508,323.8988342285156,47.75189208984375,8.801438331604004,143.09779357910156,289.25848388671875,22.61418914794922,18.290000915527344,371.709228515625,423.035400390625,5.320000171661377
2021-09-08,,176.27499389648438,3.1626925468444824,13.700620651245115,323.2445373535156,47.054786682128906,8.738347053527832,142.5131378173828,289.287353515625,22.2918758392334,17.40999984741211,370.4155883789063,422.5200805664063,5.199999809265137
2021-09-09,,174.20799255371094,3.0823473930358887,13.678476333618164,321.93585205078125,46.96540832519531,8.533294677734375,142.36434936523438,286.4350280761719,22.13021850585937,17.0,369.1412048339844,420.7115478515625,5.260000228881836
2021-09-10,,173.45750427246094,3.045826911926269,13.501313209533691,319.5303649902344,46.91178894042969,8.328239440917969,139.72119140625,284.9510498046875,22.43058204650879,16.649999618530273,366.3395690917969,417.3944396972656,5.150000095367432
2021-09-13,,172.85850524902344,3.27225399017334,14.564294815063477,321.9266662597656,47.03690719604492,9.101128578186035,141.16578674316406,286.1844787597656,22.105268478393555,18.459999084472656,366.0866088867188,418.462646484375,5.420000076293945
2021-09-14,,172.5,3.1188676357269287,14.689783096313477,319.3182983398437,46.643672943115234,8.864530563354492,141.37603759765625,288.882568359375,22.19507598876953,17.989999771118164,365.0457153320313,416.204345703125,5.349999904632568
2021-09-15,,173.7895050048828,3.1334762573242188,14.342839241027832,321.484130859375,46.63473129272461,8.691024780273438,143.24559020996094,293.7296447753906,22.29387092590332,17.780000686645508,367.7597961425781,419.6808471679688,5.349999904632568
2021-09-16,,174.41200256347656,3.1115639209747314,14.350221633911133,320.89434814453125,46.1074333190918,8.730459213256836,142.4327850341797,294.1150207519531,22.19507598876953,18.299999237060547,368.0126953125,419.0155029296875,5.349999904632568
2021-09-17,,173.12600708007812,3.0823473930358887,14.52000617980957,319.2281494140625,45.91080856323242,8.659478187561035,139.64584350585938,288.959716796875,21.85380172729492,17.649999618530273,363.6546630859375,414.9338989257813,5.179999828338623
2021-09-20,,167.7864990234375,2.7025318145751958,12.777897834777832,313.4649658203125,44.67747116088867,7.7525224685668945,137.5823974609375,283.5923156738281,21.06846237182617,16.610000610351562,356.140380859375,408.0151977539063,4.860000133514404
2021-09-21,,167.18150329589844,2.6440985202789307,12.467862129211426,313.19708251953125,45.008148193359375,7.57901668548584,137.89329528808594,284.0741577148437,21.201175689697266,16.700000762939453,356.57867431640625,407.6297912597656,4.699999809265137
2021-09-22,,169.00250244140625,2.717139959335327,12.512154579162598,316.3281555175781,45.57119369506836,7.649994850158691,139.13356018066406,287.71661376953125,21.89471435546875,16.889999389648438,359.9092102050781,411.6061706542969,4.659999847412109
2021-09-23,,170.8000030517578,2.7025318145751958,12.364516258239746,321.0013732910156,45.92868423461914,7.563241958618164,140.05841064453125,288.6609802246094,22.434572219848636,16.709999084472656,363.2300720214844,416.6072082519531,4.630000114440918
2021-09-24,,171.2760009765625,2.6514034271240234,11.869935035705566,321.2876281738281,45.38351440429688,7.397624969482422,141.04922485351562,288.4586181640625,22.03442001342773,16.350000381469727,363.5708618164063,417.29339599609375,4.53000020980835
2021-09-27,,170.2899932861328,2.7536606788635254,12.298080444335938,321.9712829589844,45.67843627929688,7.642107486724853,139.9156036376953,283.467041015625,21.614303588867188,16.56999969482422,360.6688232421875,416.0996398925781,4.550000190734863
2021-09-28,,165.79800415039062,2.717139959335327,12.224262237548828,316.71600341796875,45.08858108520508,7.571129322052002,134.71658325195312,273.2044982910156,20.65533447265625,16.6299991607666,350.4627990722656,407.7143859863281,4.579999923706055
2021-09-29,,165.05599975585938,2.7682690620422363,12.438332557678224,317.50103759765625,44.66852951049805,7.697315692901611,133.25216674804688,273.6670837402344,20.473716735839844,17.450000762939453,349.88818359375,408.400634765625,4.53000020980835
2021-09-30,,164.2519989013672,2.841310501098633,12.54167938232422,312.4399719238281,45.026023864746094,7.941800117492676,132.58021545410156,271.6627502441406,20.67229461669922,17.469999313354492,348.6026611328125,403.4089660644531,4.659999847412109
2021-10-01,,164.16299438476562,2.819398164749145,12.785280227661133,316.9561767578125,44.98133087158203,8.075871467590332,135.42372131347656,278.58160400390625,20.698244094848636,17.440000534057617,350.7646484375,408.2032470703125,4.670000076293945
2021-10-04,,159.48899841308594,2.7682690620422363,12.394043922424316,314.0283508300781,44.31997680664063,8.004890441894531,132.56385803222656,272.8094177246094,19.69037437438965,18.059999465942383,343.4022827148437,402.9389343261719,4.71999979019165
2021-10-05,,161.0500030517578,2.8340067863464355,12.600737571716309,316.9099426269531,44.63277816772461,8.131078720092773,134.90798950195312,278.2539367675781,20.40785789489746,18.26000022888184,348.03790283203125,407.1315612792969,4.900000095367432
2021-10-06,,163.10049438476562,2.8340067863464355,12.54167938232422,317.82427978515625,44.38253402709961,8.067983627319336,136.4373321533203,282.4455871582031,20.656333923339844,17.770000457763672,350.2680358886719,408.8236999511719,4.809999942779541
2021-10-07,,165.1215057373047,2.775573253631592,12.275934219360352,321.0660400390625,45.24945068359375,8.067983627319336,138.083740234375,284.12225341796875,21.030542373657227,18.040000915527344,353.4817199707031,412.3581237792969,4.800000190734863
2021-10-08,,164.43099975585938,2.775573253631592,12.216878890991213,320.9737243652344,45.41925430297852,8.083758354187012,138.6396484375,284.12225341796875,20.78705406188965,18.149999618530277,351.718994140625,411.6061706542969,4.820000171661377
2021-10-11,,162.31500244140625,2.746356964111328,12.194737434387209,318.6186828613281,45.32988739013672,8.131078720092773,137.7752685546875,283.5249328613281,20.651344299316406,19.93000030517578,349.0213928222656,408.6262512207031,4.769999980926514
2021-10-12,,162.3665008544922,2.746356964111328,12.076626777648926,317.5102233886719,45.09751510620117,8.162623405456543,135.3304901123047,282.2239990234375,20.62738800048828,19.600000381469727,347.8041381835937,407.6203308105469,4.590000152587891
2021-10-13,,164.21400451660156,2.746356964111328,12.202116012573242,317.6119079589844,45.72312927246094,8.115303039550781,136.45420837402344,285.5292358398437,20.894824981689453,19.61000061035156,350.5892944335937,409.0868225097656,4.610000133514404
2021-10-14,,164.9929962158203,2.7536606788635254,12.386662483215332,322.4515380859375,45.86612701416016,8.13896369934082,139.9939422607422,291.73492431640625,21.700124740600582,19.790000915527344,357.04608154296875,415.9679565429688,4.539999961853027
2021-10-15,,170.4510040283203,2.8267018795013428,12.763132095336914,325.996337890625,46.42023086547852,8.470200538635254,140.2091827392578,293.1417541503906,21.81588554382324,19.56999969482422,359.2956848144531,419.1358337402344,4.579999923706055
2021-10-18,,172.33700561523438,2.841310501098633,12.637643814086914,325.67303466796875,46.30405807495117,8.493860244750977,141.60760498046875,296.1097412109375,22.175121307373047,19.709999084472656,362.9085998535156,420.3766784667969,4.53000020980835
2021-10-19,,172.20750427246094,2.87783145904541,12.622881889343262,327.4839172363281,46.92071914672852,8.612159729003906,142.06285095214844,297.0155639648437,22.242977142333984,20.46999931335449,365.6549682617188,423.6198425292969,4.519999980926514
2021-10-20,,170.7530059814453,3.1334762573242188,13.545605659484863,328.9345092773437,46.91178894042969,9.235200881958008,140.60687255859375,296.2253112792969,22.056367874145508,20.88999938964844,365.1778259277344,425.2837524414063,4.739999771118164
2021-10-21,,171.75050354003906,3.0312178134918213,13.302002906799316,328.8696594238281,46.6079216003418,8.990715026855469,140.7229461669922,299.4535217285156,22.644132614135746,20.600000381469727,367.407958984375,426.3929443359375,4.590000152587891
2021-10-22,,166.77749633789062,3.016609907150269,13.014115333557127,329.59039306640625,46.50960159301758,8.998603820800781,136.43882751464844,297.91168212890625,22.678058624267575,20.11000061035156,364.3207702636719,425.951171875,4.46999979019165
2021-10-25,,166.01849365234375,3.184605598449707,13.479170799255373,330.3388671875,46.75091552734375,9.385045051574709,136.3203125,296.9191589355469,23.11713218688965,20.440000534057617,368.0506896972656,428.2354736328125,4.659999847412109
2021-10-26,,168.80349731445312,3.155388593673706,13.073169708251951,330.2926025390625,46.50960159301758,9.219428062438965,138.1665496826172,298.8271179199219,24.664857864379883,20.049999237060547,369.2095031738281,428.6208801269531,4.639999866485596
2021-10-27,,169.62449645996094,2.9508721828460693,12.327606201171877,327.9643859863281,46.134239196777344,8.683137893676758,145.01893615722656,311.4120483398437,24.39942169189453,19.09000015258789,370.0666198730469,426.7219848632813,4.489999771118164
2021-10-28,,172.32850646972656,2.943568468093872,12.268555641174316,330.10772705078125,46.17892456054688,8.793550491333008,144.6534423828125,312.5489807128906,24.88838768005371,18.93000030517578,374.1763000488281,430.8393859863281,4.389999866485596
2021-10-29,,168.6215057373047,2.775573253631592,11.611571311950684,330.9670104980469,45.508636474609375,8.383448600769043,146.83242797851562,319.5544738769531,25.5130615234375,18.32999992370605,376.0168762207031,431.7135925292969,4.199999809265137
2021-11-01,,165.90550231933594,2.790181398391724,11.714916229248049,331.7984924316406,45.86612701416016,8.541178703308105,142.32069396972656,317.3863830566406,25.772520065307617,18.1200008392334,377.3023681640625,432.4562683105469,4.349999904632568
2021-11-02,,165.6374969482422,2.81209397315979,11.818262100219728,333.12890625,45.45500946044922,8.785664558410645,144.24034118652344,321.0096130371094,26.345304489135746,17.90999984741211,378.8799743652344,434.2047424316406,4.170000076293945
2021-11-03,,169.1999969482422,2.9216556549072266,12.386662483215332,334.04351806640625,45.66950225830078,9.26674747467041,145.3963165283203,321.84796142578125,26.541889190673828,18.200000762939453,382.9019775390625,436.8556213378906,4.28000020980835
2021-11-04,,173.85000610351562,2.819398164749145,11.951136589050291,333.8495178222656,45.56225204467773,8.94339656829834,147.0521240234375,324.1991882324219,29.73813247680664,17.6200008392334,387.8103332519531,438.9143676757813,4.110000133514404
2021-11-05,,175.94949340820312,2.7536606788635254,11.906843185424805,335.6510925292969,45.508636474609375,8.998603820800781,147.6318359375,323.8329467773437,29.689233779907227,18.100000381469727,388.1803588867188,440.4371948242188,4.190000057220459
2021-11-08,,174.44900512695312,2.855918884277344,12.401424407958984,336.5935974121094,45.92868423461914,9.37716007232666,147.8093719482422,324.7291564941406,30.7390193939209,18.989999771118164,387.6544189453125,440.813232421875,4.340000152587891
2021-11-09,,178.81149291992188,2.936264514923096,12.57858943939209,335.6326599121094,45.74993515014648,9.52700424194336,147.6977996826172,323.7270202636719,30.59232711791992,18.770000457763672,384.9860534667969,439.3561706542969,4.559999942779541
2021-11-10,,174.1024932861328,2.972784996032715,12.696698188781738,333.5908203125,45.56225204467773,9.574323654174805,144.6975860595703,318.7643737792969,29.39685440063477,18.850000381469727,379.3279724121094,435.8215942382813,4.400000095367432
2021-11-11,,173.625,2.936264514923096,12.92553424835205,332.1033630371094,46.34873580932617,9.369272232055664,144.5716094970703,320.3350830078125,30.325889587402344,19.09000015258789,380.3796997070313,435.9625854492188,4.300000190734863
2021-11-12,,176.25750732421875,2.91435170173645,12.667171478271484,333.7849426269531,46.47386169433594,9.085355758666992,147.45924377441406,324.4689636230469,30.325889587402344,18.540000915527344,384.3822937011719,439.2527160644531,4.300000190734863
2021-11-15,,177.28399658203125,2.819398164749145,12.593354225158691,333.74786376953125,46.32192611694336,8.982828140258789,147.23509216308594,323.8426513671875,29.96166229248047,18.350000381469727,384.2945861816406,439.4031372070313,4.25
2021-11-16,,177.03500366210938,2.629490375518799,11.567282676696776,334.3854675292969,46.38448715209961,8.280921936035156,146.66383361816406,327.1575012207031,30.139284133911133,17.739999771118164,387.0312805175781,441.1422729492188,4.019999980926514
2021-11-17,,177.4499969482422,2.4907121658325195,11.257246017456056,332.46368408203125,46.143184661865234,7.933914184570312,146.8334197998047,327.3794860839844,29.19927215576172,17.760000228881836,387.2357177734375,440.0706176757813,3.9700000286102295
2021-11-18,,184.8029937744141,2.5053200721740723,11.486083030700684,332.0018920898437,45.58012771606445,8.03643798828125,148.61024475097656,329.4549560546875,31.608179092407227,18.350000381469727,391.2480163574219,441.5653381347656,4.099999904632568
2021-11-19,,183.82850646972656,2.337324619293213,10.895538330078123,329.46630859375,45.508636474609375,7.555356025695801,147.70571899414062,331.2313232421875,32.91541290283203,17.75,393.4293823242188,440.7756042480469,3.869999885559082
2021-11-22,,178.6284942626953,2.220458745956421,10.40833854675293,329.7347717285156,45.14220428466797,7.216232776641846,145.1027374267578,328.0649719238281,31.88858795166016,17.3799991607666,388.8619689941406,439.5347595214844,3.759999990463257
2021-11-23,,179.0019989013672,2.2423713207244877,10.460012435913086,331.4195251464844,45.09751510620117,7.302985668182373,144.58700561523438,325.98931884765625,31.67902565002441,17.75,387.0896301269531,440.1175537109375,3.7799999713897705
2021-11-24,,179.02049255371094,2.147416830062866,10.1795015335083,331.4288024902344,45.03495407104492,7.20834493637085,144.92221069335938,326.2113952636719,32.605072021484375,17.440000534057617,388.3361511230469,441.2926330566406,3.650000095367432
2021-11-26,,175.22799682617188,2.1035923957824707,10.017104148864746,323.0881042480469,43.524559020996094,7.216232776641846,141.01748657226562,318.26629638671875,31.43654441833496,16.799999237060547,380.9738464355469,431.4503784179688,3.430000066757202
2021-11-29,,178.07850646972656,2.059767484664917,9.78088665008545,325.0970153808594,43.6943588256836,6.932314395904541,144.33755493164062,324.9756774902344,33.305599212646484,16.739999771118164,389.2418518066406,436.7428588867188,3.390000104904175
2021-11-30,,175.35350036621094,2.169329881668091,9.795649528503418,319.2742919921875,43.649681091308594,6.845562934875488,140.73434448242188,319.144775390625,32.60707092285156,16.520000457763672,383.5252990722656,428.244873046875,3.5799999237060547
2021-12-01,,172.18600463867188,2.2423713207244877,10.55597686767578,315.16412353515625,43.810546875,7.4370574951171875,139.89524841308594,318.65240478515625,31.37252616882324,17.770000457763672,377.0004577636719,423.4881896972656,3.670000076293945
2021-12-02,,171.8679962158203,2.454190969467163,10.792192459106444,320.8572998046875,44.3467903137207,7.51592206954956,141.79408264160156,318.08282470703125,32.06215286254883,18.739999771118164,379.7174987792969,429.9744873046875,3.9600000381469727
2021-12-03,,169.489501953125,2.256978988647461,10.430485725402832,320.51470947265625,43.72117614746094,7.232006072998047,140.83749389648438,311.82720947265625,30.63200187683105,18.479999542236328,373.1147155761719,426.233154296875,3.819999933242798
2021-12-06,,171.36849975585938,2.3154125213623047,10.548592567443848,326.6058654785156,44.060794830322266,7.405511379241943,141.98153686523438,314.89715576171875,29.977304458618164,18.81999969482422,376.1045227050781,431.28125,3.990000009536743
2021-12-07,,176.1645050048828,2.3300204277038574,10.70361042022705,331.16033935546875,44.757904052734375,7.594788551330566,146.0623321533203,323.324951171875,32.36256408691406,19.040000915527344,387.4304504394531,440.2021789550781,4.190000057220459
2021-12-08,,176.1580047607422,2.3592374324798584,10.792192459106444,331.39178466796875,44.936649322509766,7.657882690429687,146.97178649902344,323.3731689453125,31.76275062561035,19.0,389.1639404296875,441.3677978515625,4.170000076293945
2021-12-09,,174.17100524902344,2.300804376602173,10.710993766784668,331.5028991699219,44.72214889526367,7.697315692901611,146.42828369140625,321.5679016113281,30.429405212402344,18.90999984741211,383.4376525878906,438.387939453125,4.070000171661377
2021-12-10,,172.21200561523438,2.271587371826172,10.48953914642334,333.4654235839844,44.757904052734375,7.547468662261963,146.7882843017578,330.68115234375,30.137985229492188,18.600000381469727,387.6057434082031,442.5146484375,3.990000009536743
2021-12-13,,169.5675048828125,2.162024974822998,10.068777084350586,330.5123291015625,44.04809188842773,7.176799774169922,144.63113403320312,327.6497802734375,28.105030059814453,18.06999969482422,382.0060729980469,438.5947265625,3.880000114440918
2021-12-14,,169.0915069580078,2.176633596420288,10.364048957824709,329.7069702148437,43.94837188720703,7.358190059661865,142.72738647460938,316.97271728515625,28.280681610107425,17.950000762939453,378.05218505859375,435.57720947265625,3.809999942779541
2021-12-15,,173.31500244140625,2.2277631759643555,10.62979221343994,333.07647705078125,43.82146072387695,7.492262840270996,145.24058532714844,323.0642395019531,30.39846611022949,18.239999771118164,386.6708984375,442.3831176757813,3.819999933242798
2021-12-16,,168.87100219726562,2.293499708175659,10.90291976928711,332.73394775390625,43.87585067749024,7.689428806304932,143.26095581054688,313.65185546875,28.330581665039062,18.93000030517578,376.7277221679688,438.48193359375,3.910000085830689
2021-12-17,,170.0175018310547,2.220458745956421,10.58550262451172,327.9596252441406,43.65829086303711,7.413397789001465,140.56326293945312,312.58984375,27.745750427246094,18.739999771118164,374.8482360839844,433.815185546875,3.809999942779541
2021-12-20,,167.07899475097656,2.249675035476685,10.460012435913086,323.9161376953125,43.00558853149414,7.452831268310547,140.44622802734375,308.8345031738281,27.663908004760746,19.01000022888184,371.2120971679688,429.2022399902344,3.75
2021-12-21,,170.41700744628906,2.2350666522979736,10.56335735321045,329.14678955078125,43.73081588745117,7.484376430511475,142.29640197753906,315.9590148925781,29.0172176361084,19.63999938964844,379.5198974609375,436.8244323730469,3.839999914169312
2021-12-22,,171.03700256347656,2.278892040252685,10.5707368850708,331.44677734375,43.93931198120117,7.523807525634766,145.2147979736328,321.6644897460937,29.341571807861328,19.63999938964844,384.1419067382813,441.1921691894531,3.890000104904175
2021-12-23,,171.06849670410156,2.337324619293213,10.740521430969238,333.2737121582031,44.16594314575195,7.642107486724853,145.71218872070312,323.1028747558594,29.581092834472656,19.729999542236328,387.0379638671875,443.937255859375,3.920000076293945
2021-12-27,,169.66949462890625,2.4103662967681885,11.183429718017578,336.5754089355469,44.3653678894043,8.004890441894531,146.69406127929688,330.59423828125,30.88350296020508,20.0,393.4346618652344,450.2199096679688,4.070000171661377
2021-12-28,,170.66099548339844,2.3300204277038574,10.688848495483398,337.5678100585937,44.22032928466797,7.57901668548584,145.4845428466797,329.435791015625,30.26173591613769,20.6299991607666,391.6112365722656,449.8520202636719,4.070000171661377
2021-12-29,,169.2010040283203,2.395757913589477,10.600266456604004,338.3558349609375,44.02089691162109,7.7682952880859375,145.4528350830078,330.11151123046875,29.941375732421875,20.459999084472656,391.5527038574219,450.4275207519531,3.990000009536743
2021-12-30,,168.64450073242188,2.351933240890503,10.5707368850708,337.6418762207031,44.52519989013672,7.68154239654541,145.00205993652344,327.5726013183594,29.52720260620117,20.8799991607666,390.3825378417969,449.1822509765625,3.910000085830689
2021-12-31,,166.7169952392578,2.300804376602173,10.349284172058104,336.9463195800781,44.30751037597656,7.484376430511475,143.66461181640625,324.67645263671875,29.35254669189453,21.11000061035156,387.9447937011719,448.05023193359375,3.819999933242798
2022-01-03,,170.4044952392578,2.3300204277038574,10.533827781677246,339.1349792480469,44.624961853027344,7.649994850158691,143.80296325683594,323.16082763671875,30.06113815307617,20.049999237060547,391.6794128417969,450.64447021484375,4.039999961853027
2022-01-04,,167.52200317382812,2.271587371826172,10.364048957824709,341.16607666015625,44.47077178955078,7.594788551330566,143.21585083007812,317.6195068359375,29.231794357299805,19.979999542236328,386.59912109375,450.4935302734375,4.159999847412109
2022-01-05,,164.35699462890625,2.169329881668091,9.906375885009766,337.66046142578125,43.74516296386719,7.239892482757568,136.6456298828125,305.4266967773437,27.54914093017578,18.959999084472656,374.7224426269531,441.8430480957031,3.990000009536743
2022-01-06,,163.25399780273438,2.220458745956421,10.017104148864746,336.083740234375,43.944705963134766,7.3108720779418945,136.61837768554688,303.0133056640625,28.121997833251957,18.75,374.4591674804688,441.4280090332031,3.950000047683716
2022-01-07,,162.5540008544922,2.278892040252685,10.327140808105469,336.009521484375,44.34379196166992,7.397624969482422,135.8938446044922,303.16778564453125,27.192846298217773,19.15999984741211,370.4026489257813,439.6828002929688,4.03000020980835
2022-01-10,,161.48599243164062,2.256978988647461,10.1795015335083,334.5999450683594,44.34379196166992,7.3108720779418945,137.53280639648438,303.3897399902344,27.34554672241211,18.670000076293945,370.64642333984375,439.1356201171875,3.910000085830689
2022-01-11,,165.36199951171875,2.30810809135437,10.386194229125977,336.2229919433594,45.36871337890625,7.500150680541992,138.59056091308594,304.0752868652344,27.76171875,18.88999938964844,376.2143249511719,443.1354370117188,4.090000152587891
2022-01-12,,165.20700073242188,2.3446288108825684,10.511685371398926,336.6032409667969,46.12152862548828,7.547468662261963,140.27114868164062,307.2513122558594,27.9433536529541,19.68000030517578,377.7062072753906,444.33343505859375,4.150000095367432
2022-01-13,,161.21400451660156,2.3446288108825684,10.666699409484863,334.98016357421875,45.46848678588867,7.508037567138672,137.4509735107422,294.2476806640625,26.52218437194824,19.459999084472656,368.2574768066406,438.2112121582031,4.199999809265137
2022-01-14,,162.13800048828125,2.403061866760254,10.8364839553833,333.0697937011719,45.45034790039063,7.484376430511475,138.33712768554688,299.460693359375,26.88845443725586,19.479999542236328,370.5490417480469,438.3904418945313,4.360000133514404
2022-01-18,,158.91749572753906,2.256978988647461,10.30499267578125,328.1636962890625,44.643104553222656,7.02695369720459,134.88319396972656,292.1720886230469,25.85152244567871,18.440000534057617,361.3244934082031,430.626708984375,4.170000076293945
2022-01-19,,156.2989959716797,2.256978988647461,10.423103332519531,324.9179077148437,44.83357620239258,7.097933769226074,134.00892639160156,292.8285522460937,25.017179489135746,18.709999084472656,357.3558349609375,426.15521240234375,4.090000152587891
2022-01-20,,151.66749572753906,2.2350666522979736,10.297613143920898,322.11700439453125,45.09661102294922,6.979635715484619,132.21475219726562,291.1584167480469,24.10200500488281,18.46999931335449,352.7143249511719,421.43853759765625,3.9800000190734863
2022-01-21,,142.64300537109375,2.147416830062866,9.758742332458496,317.7344665527344,44.44355773925781,6.648396968841553,129.28297424316406,285.78131103515625,23.32754898071289,18.57999992370605,342.93408203125,413.16546630859375,3.829999923706055
2022-01-24,,144.54400634765625,2.0743753910064697,9.160812377929688,319.089599609375,43.81772232055664,6.514325141906738,129.73178100585938,286.10955810546875,23.32554817199707,18.6299991607666,344.50396728515625,414.9200134277344,3.7699999809265137
2022-01-25,,139.98599243164062,2.147416830062866,9.45608615875244,318.3006591796875,43.736087799072266,6.750923156738281,125.8944854736328,278.5022888183594,22.279634475708008,19.1299991607666,336.517822265625,409.8542785644531,3.930000066757202
2022-01-26,,138.87249755859375,2.147416830062866,9.559432983398438,316.9085388183594,43.18281936645508,6.853448867797852,128.17364501953125,286.4378356933594,22.72674369812012,19.07999992370605,335.9913024902344,408.8260192871094,3.950000047683716
2022-01-27,,139.6374969482422,2.140113353729248,9.448705673217772,316.9920959472656,42.68396759033203,6.845562934875488,127.94751739501952,289.4593811035156,21.900390625,18.850000381469727,332.60772705078125,406.8073425292969,3.9700000286102295
2022-01-28,,143.97799682617188,2.366541147232056,10.30499267578125,322.1523132324219,42.892574310302734,7.51592206954956,132.2578887939453,297.587890625,22.794607162475582,19.440000534057617,343.0412902832031,416.9104309082031,4.25
2022-01-31,,149.57350158691406,2.4761033058166504,10.651938438415527,325.8368835449219,44.29844665527344,7.634220600128174,134.19439697265625,300.2138061523437,24.437339782714844,19.8799991607666,354.0111694335937,424.4194641113281,4.320000171661377
2022-02-01,,151.19349670410156,2.432278633117676,10.55597686767578,328.4912109375,44.5705451965332,7.634220600128174,136.5157012939453,298.0705871582031,24.58903312683105,20.280000686645508,356.419677734375,427.2873229980469,4.369999885559082
2022-02-02,,150.6125030517578,2.366541147232056,10.50430393218994,330.430908203125,44.497989654541016,7.563241958618164,146.7868194580078,302.6078491210937,25.191835403442383,20.020000457763672,359.3157958984375,431.4380187988281,4.309999942779541
2022-02-03,,138.8455047607422,2.351933240890503,10.28285026550293,325.7440795898437,44.02634048461914,7.334532260894775,141.9170684814453,290.8205871582031,23.900409698486328,19.440000534057617,344.7477722167969,421.2969970703125,4.159999847412109
2022-02-04,,157.63949584960938,2.3446288108825684,10.201648712158203,325.6419677734375,44.13518142700195,7.334532260894775,142.118408203125,295.3482666015625,24.270671844482425,19.229999542236328,349.0966796875,423.2781066894531,4.099999904632568
2022-02-07,,157.9355010986328,2.337324619293213,10.28285026550293,325.6698913574219,44.04448318481445,7.389737606048584,138.05995178222656,290.531005859375,24.678852081298828,18.940000534057617,346.28839111328125,421.9196166992188,4.130000114440918
2022-02-08,,161.4134979248047,2.3227169513702397,10.238557815551758,329.04803466796875,44.47077178955078,7.366076946258545,138.25631713867188,294.0159912109375,25.05810165405273,18.940000534057617,350.1790771484375,425.3911743164063,4.050000190734863
2022-02-09,,161.1894989013672,2.286195755004883,10.135210037231444,331.9530029296875,45.16917037963867,7.318758964538574,140.43133544921875,300.4358215332031,26.651927947998047,19.170000076293945,357.5996398925781,431.6171875,4.070000171661377
2022-02-10,,159.0034942626953,2.256978988647461,10.105685234069824,327.2012939453125,44.86985397338867,7.27932596206665,137.4836883544922,291.9114990234375,25.772680282592773,19.01000022888184,349.5062561035156,423.8628845214844,4.110000133514404
2022-02-11,,153.2935028076172,2.3227169513702397,10.157358169555664,322.3193054199219,44.18960571289063,7.121592998504639,133.1817626953125,284.8255615234375,23.90140724182129,20.309999465942383,338.4193115234375,415.5048828125,4.190000057220459
2022-02-14,,155.16700744628906,2.293499708175659,10.00234031677246,321.0199890136719,43.88121795654297,7.097933769226074,134.41505432128906,284.78692626953125,24.218772888183597,19.88999938964844,338.8385925292969,414.14654541015625,4.090000152587891
2022-02-15,,156.510498046875,2.3300204277038574,10.1795015335083,325.0386962890625,44.83357620239258,7.232006072998047,135.48867797851562,290.067626953125,26.442344665527344,19.899999618530277,347.2634582519531,420.8253784179688,4.139999866485596
2022-02-16,,158.10049438476562,2.5053200721740723,10.666699409484863,324.52813720703125,45.16010665893555,7.665768623352051,136.60891723632812,289.72900390625,26.458314895629883,20.399999618530277,347.1757202148437,421.2969970703125,4.389999866485596
2022-02-17,,154.65249633789062,2.468799114227295,10.371431350708008,318.968994140625,44.634033203125,7.4370574951171875,131.4525146484375,281.2451477050781,24.458297729492188,20.57999992370605,336.8493957519531,412.297607421875,4.320000171661377
2022-02-18,,152.60150146484375,2.563753366470337,10.651938438415527,316.9417419433594,44.18960571289063,7.634220600128174,129.3340606689453,278.53643798828125,23.59501266479492,20.299999237060547,333.00750732421875,409.62786865234375,4.289999961853027
2022-02-22,,150.19749450683594,2.622186183929444,11.279390335083008,312.3219909667969,43.56376266479492,8.03643798828125,128.7493896484375,278.3333740234375,23.3435173034668,21.07999992370605,329.66290283203125,405.23193359375,4.460000038146973
2022-02-23,,144.82699584960938,2.629490375518799,11.308918952941896,308.1486511230469,43.05583572387695,7.981231212615967,126.54212951660156,271.1264343261719,22.342506408691406,21.07999992370605,321.2184753417969,398.0436706542969,4.440000057220459
2022-02-24,,151.35800170898438,2.483407974243164,11.072701454162598,308.9107971191406,42.16696548461914,7.862934112548828,131.603271484375,284.9792175292969,23.700801849365234,20.989999771118164,332.012939453125,404.0338439941406,4.309999942779541
2022-02-25,,153.7884979248047,2.5272326469421387,10.998884201049805,316.53271484375,42.94699096679688,7.799840450286865,133.3572998046875,287.61041259765625,24.108991622924805,21.600000381469727,337.1613464355469,412.9484252929688,4.380000114440918
2022-02-28,,153.56300354003906,2.3592374324798584,10.651938438415527,315.4173278808594,42.3846435546875,7.468604564666748,133.94993591308594,289.04217529296875,24.336538314819336,20.950000762939453,338.16571044921875,411.8918762207031,4.199999809265137
2022-03-01,,151.14199829101562,2.293499708175659,10.59288501739502,309.67303466796875,41.822303771972656,7.610562324523926,132.96253967285156,285.3274841308594,23.43034172058105,23.190000534057617,332.9879455566406,405.61865234375,4.349999904632568
2022-03-02,,152.05250549316406,2.403061866760254,10.991500854492188,315.1011657714844,41.89485931396485,7.799840450286865,133.4683837890625,290.3964538574219,24.17598533630371,23.559999465942383,338.5752868652344,413.08056640625,4.679999828338623
2022-03-03,,147.89849853515625,2.395757913589477,11.153901100158691,314.292724609375,41.30530548095703,7.878706455230713,132.80189514160156,286.26580810546875,23.6709041595459,24.100000381469727,333.7388000488281,411.0240783691406,4.550000190734863
2022-03-04,,145.64100646972656,2.2131540775299072,10.70361042022705,312.74951171875,40.470848083496094,7.563241958618164,130.82522583007812,280.4034423828125,22.89431953430176,23.93000030517578,328.9023742675781,407.68463134765625,4.340000152587891
2022-03-07,,137.4530029296875,2.147416830062866,10.526448249816896,305.3135986328125,38.95614242553711,7.184684753417969,125.34254455566406,269.81072998046875,21.313196182250977,23.40999984741211,316.7720031738281,395.6663513183594,4.079999923706055
2022-03-08,,136.01449584960938,2.2350666522979736,10.858627319335938,303.5104675292969,39.083126068115234,7.397624969482422,126.0625991821289,266.8505859375,21.47490119934082,23.200000762939453,315.2996520996094,392.6665954589844,4.380000114440918
2022-03-09,,139.2790069580078,2.366541147232056,11.434409141540527,309.8959655761719,40.18968200683594,7.847159385681152,132.32632446289062,279.0878601074219,22.97217559814453,23.13999938964844,326.6497802734375,403.1943054199219,4.650000095367432
2022-03-10,,146.8175048828125,2.454190969467163,11.862552642822266,308.69696044921875,39.436859130859375,8.123191833496094,131.34396362304688,276.27276611328125,22.616819381713867,24.11000061035156,323.0224914550781,401.3736267089844,4.820000171661377
2022-03-11,,145.52450561523438,2.403061866760254,11.463936805725098,306.7544250488281,38.61148071289063,7.997003078460693,128.80592346191406,270.9328918457031,22.059833526611328,22.850000381469727,316.3235168457031,396.2701416015625,4.659999847412109
2022-03-14,,141.85299682617188,2.3592374324798584,11.198192596435549,306.8007202148437,37.6772575378418,7.823501110076904,124.91854858398438,267.4213562011719,21.291234970092773,21.63999938964844,310.2486267089844,393.3739929199219,4.5
2022-03-15,,147.3665008544922,2.366541147232056,11.176045417785645,312.4892883300781,37.73167419433594,7.831387519836426,128.13893127441406,277.7818908691406,22.93124771118164,21.270000457763672,319.9801025390625,402.0245361328125,4.340000152587891
2022-03-16,,153.10400390625,2.468799114227295,11.449173927307127,317.29498291015625,40.77016830444336,8.004890441894531,132.18797302246094,284.78564453125,24.45148468017578,20.93000030517578,331.8471984863281,410.9390869140625,4.309999942779541
2022-03-17,,157.23899841308594,2.483407974243164,11.66324520111084,321.0965881347656,40.56155776977539,8.24937629699707,132.74191284179688,285.58868408203125,24.720996856689453,21.51000022888184,335.864501953125,416.0803527832031,4.480000019073486
2022-03-18,,161.25050354003906,2.5126240253448486,11.877318382263184,323.43670654296875,41.14204025268555,8.091644287109375,135.00962829589844,290.6286315917969,26.404926300048828,21.450000762939453,342.7389831542969,420.6376037597656,4.380000114440918
2022-03-21,,161.4915008544922,2.5272326469421387,12.076626777648926,321.8064880371094,40.50713348388672,8.233602523803711,134.98583984375,289.4001159667969,26.685413360595703,22.030000686645508,341.7861633300781,420.5146179199219,4.570000171661377
2022-03-22,,164.88900756835938,2.563753366470337,12.194737434387209,324.3216552734375,41.2418098449707,8.217830657958984,138.72146606445312,294.14019775390625,26.475799560546875,22.229999542236328,348.5031433105469,425.4351501464844,4.53000020980835
2022-03-23,,163.4080047607422,2.534537076950073,12.172589302062988,319.9151916503906,40.96970748901367,8.099531173706055,137.1420135498047,289.71929931640625,25.58741569519043,22.3700008392334,343.4946594238281,419.9562683105469,4.650000095367432
2022-03-24,,163.64950561523438,2.673315525054932,12.519533157348633,323.31549072265625,41.18739318847656,8.556952476501465,140.4114990234375,294.1789245605469,28.09884262084961,22.90999984741211,351.12945556640625,426.286865234375,4.789999961853027
2022-03-25,,164.77349853515625,2.629490375518799,12.534296035766602,324.69439697265625,40.86086654663086,8.438653945922852,140.51168823242188,293.77264404296875,27.641677856445312,22.90999984741211,350.8365478515625,428.3686828613281,4.789999961853027
2022-03-28,,168.99049377441406,2.629490375518799,12.73360538482666,325.5793151855469,40.996917724609375,8.430768013000488,140.2959747314453,300.5635986328125,28.16771697998047,23.059999465942383,356.2648010253906,431.4156188964844,4.760000228881836
2022-03-29,,169.31500244140625,2.600273847579956,12.667171478271484,328.8212280273437,41.69531631469727,8.430768013000488,141.33734130859375,305.1199645996094,28.60392189025879,22.440000534057617,362.3961181640625,436.7525634765625,4.809999942779541
2022-03-30,,166.30099487304688,2.6075778007507324,12.652405738830566,328.0293273925781,41.57740783691406,8.541178703308105,140.77500915527344,303.6205444335937,27.63968086242676,22.90999984741211,358.3932189941406,434.0558166503906,4.880000114440918
2022-03-31,,162.99749755859375,2.592970132827759,12.770513534545898,323.1014099121094,40.951568603515625,8.517520904541016,137.92752075195312,298.2515563964844,27.23641586303711,23.6299991607666,353.9509582519531,427.3750305175781,4.829999923706055
2022-04-01,,163.55999755859375,2.69522762298584,13.14698600769043,324.2006225585937,41.63182830810547,8.754117965698242,139.00164794921875,299.325439453125,26.66345596313477,24.06999969482422,353.2773742675781,428.5863342285156,5.050000190734863
2022-04-04,,168.34649658203125,2.6514034271240234,13.043639183044434,325.3465576171875,42.36650466918945,8.683137893676758,141.79953002929688,304.6942749023437,27.310277938842773,23.950000762939453,360.55084228515625,432.2578125,5.309999942779541
2022-04-05,,164.05499267578125,2.592970132827759,12.73360538482666,322.6448669433594,41.58647918701172,8.375564575195312,139.43853759765625,300.7378234863281,25.88387489318848,23.96999931335449,352.54510498046875,426.7978210449219,5.190000057220459
2022-04-06,,158.75599670410156,2.5272326469421387,12.54167938232422,321.16363525390625,41.04227066040039,8.28880786895752,135.42869567871094,289.72900390625,24.362648010253903,23.350000381469727,344.89080810546875,422.5301513671875,5.070000171661377
2022-04-07,,157.7845001220703,2.498016119003296,12.563824653625488,322.3001403808594,40.71574401855469,8.131078720092773,134.77459716796875,291.5380249023437,24.164005279541016,23.450000762939453,345.7109375,424.65924072265625,5.130000114440918
2022-04-08,,154.4604949951172,2.5053200721740723,12.704076766967772,323.6044311523437,40.75202941894531,8.123191833496094,132.1949005126953,287.2815246582031,23.076982498168945,24.149999618530277,340.878173828125,423.5237426757813,5.139999866485596
2022-04-11,,151.1219940185547,2.4103662967681885,12.394043922424316,319.7196350097656,40.24409484863281,7.870819568634033,127.76750946044922,275.9535217285156,21.877166748046875,23.540000915527344,332.8138427734375,416.2847290039063,5.03000020980835
2022-04-12,,150.78750610351562,2.3227169513702397,12.165210723876951,318.8067321777344,40.11711502075195,7.831387519836426,126.6676025390625,272.8580017089844,21.464920043945312,23.739999771118164,331.40802001953125,414.7423400878906,5.070000171661377
2022-04-13,,155.54100036621094,2.3227169513702397,12.290698051452637,322.1045837402344,40.6431884765625,7.862934112548828,128.8292236328125,278.2365417480469,22.16265106201172,24.15999984741211,338.1445007324219,419.4925842285156,5.139999866485596
2022-04-14,,151.7064971923828,2.388453960418701,12.608114242553713,320.8519897460937,40.11711502075195,7.886592864990234,125.69117736816406,270.70074462890625,21.21936798095703,24.88999938964844,330.41217041015625,414.2691345214844,5.179999828338623
2022-04-18,,152.78500366210938,2.373845100402832,12.549062728881836,320.6749572753906,39.98107147216797,7.989118576049805,126.62991333007812,271.3681640625,21.7434139251709,24.049999237060547,330.666015625,414.43951416015625,5.230000019073486
2022-04-19,,158.11549377441406,2.4249744415283203,12.57858943939209,325.3531494140625,39.78152847290039,7.981231212615967,128.94329833984375,275.99224853515625,22.157657623291016,25.07999992370605,338.05670166015625,421.1296081542969,5.139999866485596
2022-04-20,,153.9980010986328,2.4761033058166504,12.497389793395996,327.59912109375,39.54570007324219,7.918140411376953,126.99042510986328,277.0176696777344,21.442964553833008,24.649999618530277,333.1262512207031,420.8173828125,5.070000171661377
2022-04-21,,148.29600524902344,2.3154125213623047,11.781354904174805,324.0391540527344,38.783809661865234,7.500150680541992,123.79136657714844,271.6487121582031,20.146316528320312,23.049999237060547,326.2335510253906,414.524658203125,4.769999980926514
2022-04-22,,144.35000610351562,2.2423713207244877,11.449173927307127,315.241943359375,38.43914413452149,7.302985668182373,118.65482330322266,265.0899658203125,19.479537963867188,22.59000015258789,317.6908264160156,403.15045166015625,4.639999866485596
2022-04-25,,146.07400512695312,2.249675035476685,11.338444709777832,317.3759155273437,38.15797424316406,7.334532260894775,122.06513214111328,271.56170654296875,19.865835189819336,22.46999931335449,321.7718200683594,405.48773193359375,4.46999979019165
2022-04-26,,139.39100646972656,2.140113353729248,10.59288501739502,309.8179931640625,37.323524475097656,6.995406627655029,117.67739868164062,261.4042358398437,18.75385856628418,21.5,309.6265869140625,393.7444763183594,4.150000095367432
2022-04-27,,138.16700744628906,2.169329881668091,10.8217191696167,310.35858154296875,37.758888244628906,7.20834493637085,113.35758972167967,273.9801330566406,18.381534576416016,22.200000762939453,309.25555419921875,394.85162353515625,4.190000057220459
2022-04-28,,144.59649658203125,2.220458745956421,10.969355583190918,316.19244384765625,38.30309295654297,7.318758964538574,117.55094146728516,280.1809997558594,19.74604797363281,22.3799991607666,320.23907470703125,404.8253784179688,4.329999923706055
2022-04-29,,124.28150177001952,2.169329881668091,10.8291015625,307.2459716796875,38.43914413452149,7.168910980224609,113.17410278320312,268.4660949707031,18.51329231262207,21.56999969482422,305.8287048339844,389.8647766113281,4.239999771118164
2022-05-02,,124.5,2.0962882041931152,10.50430393218994,308.22442626953125,38.384727478027344,6.932314395904541,115.6273422241211,275.1893005371094,19.49750328063965,20.6200008392334,310.9347839355469,392.2115783691406,4.139999866485596
2022-05-03,,124.25350189208984,2.2131540775299072,11.043174743652344,308.6997375488281,38.66590118408203,7.224118709564209,116.37218475341795,272.587158203125,19.56637382507324,21.270000457763672,311.2668151855469,394.0094299316406,4.260000228881836
2022-05-04,,125.92849731445312,2.271587371826172,11.242483139038086,317.4039001464844,39.083126068115234,7.326642990112305,121.25880432128906,280.5196228027344,20.29704475402832,21.57999992370605,321.7912902832031,406.0081176757813,4.400000095367432
2022-05-05,,116.40699768066406,2.169329881668091,10.688848495483398,307.75848388671875,37.64097595214844,7.034841537475586,115.55048370361328,268.3016357421875,18.80975341796875,20.559999465942383,305.5846252441406,391.5775146484375,4.139999866485596
2022-05-06,,114.77249908447266,2.169329881668091,10.62979221343994,306.6680908203125,37.123985290527344,7.034841537475586,114.79769134521484,265.7671203613281,18.64105987548828,20.46999931335449,301.9234924316406,389.2402038574219,4.119999885559082
2022-05-09,,108.78900146484376,2.0378549098968506,10.135210037231444,300.6385192871094,36.05370330810547,6.845562934875488,111.5887222290039,255.9482421875,16.919198989868164,19.549999237060547,290.110107421875,376.77783203125,3.880000114440918
2022-05-10,,108.85900115966795,2.0159428119659424,10.30499267578125,299.9210510253906,36.22603988647461,6.987521171569824,113.45726013183594,260.70770263671875,17.563024520874023,20.31999969482422,293.6346130371094,377.64837646484375,3.920000076293945
2022-05-11,,105.37200164794922,2.0743753910064697,10.62979221343994,296.78045654296875,35.972076416015625,7.153139591217041,112.67127227783205,252.04969787597656,16.59977912902832,20.920000076293945,284.9259338378906,371.6490478515625,4.059999942779541
2022-05-12,,106.93049621582033,2.0743753910064697,10.858627319335938,296.0162048339844,35.73625564575195,7.161027908325195,111.9189910888672,247.01937866210935,16.145605087280273,20.68000030517578,284.25225830078125,371.2609558105469,4.039999961853027
2022-05-13,,113.05500030517578,2.147416830062866,11.449173927307127,300.2937316894531,36.72489929199219,7.448453426361084,115.09921264648438,252.6011199951172,17.673824310302734,21.450000762939453,294.78668212890625,380.1370544433594,4.25
2022-05-16,,110.8105010986328,2.2642836570739746,11.773972511291504,300.80633544921875,36.57977294921875,7.620909690856934,113.50687408447266,252.9687042236328,17.232629776000977,21.649999618530277,291.3695678710937,378.5946350097656,4.420000076293945
2022-05-17,,115.36849975585938,2.278892040252685,11.98066234588623,304.83221435546875,37.47771453857422,7.793364524841309,115.51824188232422,258.1152038574219,18.143966674804688,22.270000457763672,298.91650390625,386.3824768066406,4.489999771118164
2022-05-18,,107.1125030517578,2.191241979598999,11.611571311950684,294.0685119628906,36.57977294921875,7.5962724685668945,110.98223876953124,246.36325073242188,16.907217025756836,21.31999969482422,284.2425537109375,370.8068237304688,4.260000228881836
2022-05-19,,107.31900024414062,2.2350666522979736,11.641100883483888,291.85992431640625,37.16026306152344,7.604485988616943,109.47916412353516,245.45184326171875,17.092884063720703,21.520000457763672,282.71942138671875,368.5357666015625,4.369999885559082
2022-05-20,,107.59100341796876,2.169329881668091,11.471318244934082,291.8458251953125,37.31445693969727,7.448453426361084,108.01525115966795,244.8894195556641,16.663658142089844,21.479999542236328,281.8407897949219,368.6966247558594,4.340000152587891
2022-05-23,,107.55699920654295,2.271587371826172,11.906843185424805,297.8431091308594,37.59562301635742,7.678393363952637,110.57410430908205,252.7337188720703,16.86728858947754,22.1299991607666,286.5270690917969,375.594970703125,4.5
2022-05-24,,104.0999984741211,2.300804376602173,12.298080444335938,298.3569641113281,36.94257736206055,7.678393363952637,105.10134887695312,251.7350006103516,16.1246395111084,22.940000534057617,280.4349365234375,372.727783203125,4.429999828338623
2022-05-25,,106.7750015258789,2.278892040252685,12.194737434387209,300.1222839355469,37.123985290527344,7.694818019866943,104.93768310546876,254.5469207763672,16.944150924682617,23.71999931335449,284.35968017578125,376.0206909179688,4.5
2022-05-26,,111.07749938964844,2.3227169513702397,12.416189193725586,304.9519348144531,37.7044677734375,7.711244106292725,106.90889739990234,257.82427978515625,17.818557739257812,24.25,292.2384338378906,383.5342102050781,4.539999961853027
2022-05-27,,115.14649963378906,2.293499708175659,12.165210723876951,310.20184326171875,38.13982772827149,7.703031063079834,111.39581298828124,264.9413452148437,18.77681541442871,23.959999084472656,301.777099609375,392.9496154785156,4.659999847412109
2022-05-31,,120.20950317382812,2.2350666522979736,11.751826286315918,308.4549255371094,38.67497253417969,7.563422679901123,112.82946014404295,263.61297607421875,18.63806533813477,23.670000076293945,300.9765014648437,390.7447509765625,4.5
2022-06-01,,121.68399810791016,2.162024974822998,11.655864715576172,306.7361755371094,38.40286636352539,7.390966892242432,112.95840454101562,264.14630126953125,18.286705017089844,23.26000022888184,298.7505187988281,387.584228515625,4.400000095367432
2022-06-02,,125.51100158691406,2.183937788009644,11.862552642822266,310.8557434082031,39.06498336791992,7.546998500823975,116.65831756591795,266.2406311035156,19.55639266967773,23.299999237060547,306.9319152832031,394.9651794433594,4.369999885559082
2022-06-03,,122.3499984741211,2.220458745956421,11.736611366271973,307.6608581542969,38.43007278442383,7.481301307678223,113.60208129882812,261.819091796875,18.68597984313965,23.559999465942383,298.9457092285156,388.4832458496094,4.440000057220459
2022-06-06,,124.79000091552734,2.140113353729248,11.435277938842772,307.75439453125,38.63868713378906,7.325270175933838,115.8628921508789,260.5877685546875,18.751859664916992,22.989999771118164,299.9416198730469,389.66607666015625,4.360000133514404
2022-06-07,,123.0,2.125504493713379,11.373464584350586,310.2953796386719,38.75659942626953,7.275996685028076,116.18920135498048,264.2237854003906,18.8916072845459,23.3700008392334,302.52880859375,393.4038391113281,4.380000114440918
2022-06-08,,121.18000030517578,2.059767484664917,11.025769233703612,307.6890563964844,38.9652099609375,7.07069206237793,116.23332977294922,262.197265625,18.61804580688477,23.0,300.3516540527344,389.1266784667969,4.389999866485596
2022-06-09,,116.1500015258789,1.92098867893219,10.199030876159668,301.7291564941406,38.04318237304688,6.495839595794678,113.8941650390625,256.7480163574219,18.01901054382324,22.239999771118164,292.3067626953125,379.8722229003906,4.139999866485596
2022-06-10,,109.6500015258789,1.884467959403992,10.005866050720217,293.6673889160156,37.62240982055664,6.438354015350342,110.25027465820312,245.30636596679688,16.946735382080078,21.149999618530277,281.9970703125,368.8574523925781,4.050000190734863
2022-06-13,,103.66999816894533,1.7676018476486206,9.325931549072266,285.4562683105469,36.305206298828125,5.929198741912842,105.5203857421875,234.9022216796875,15.621866226196287,20.399999618530277,268.8851623535156,354.8526306152344,3.880000114440918
2022-06-14,,102.30999755859376,1.8260351419448853,9.511367797851562,284.2606201171875,36.80831146240234,5.994896411895752,105.84072875976562,237.0645294189453,15.81056308746338,20.07999992370605,269.3733825683594,353.78338623046875,3.7200000286102295
2022-06-15,,107.66999816894533,1.906380295753479,9.627266883850098,286.9976501464844,37.29310607910156,6.167351722717285,108.86473083496094,244.11373901367188,16.50044822692871,20.709999084472656,276.1000671386719,358.8270568847656,3.75
2022-06-16,,103.66000366210938,1.8625556230545044,9.310479164123535,280.1503601074219,36.14970779418945,6.044169902801514,105.16432189941406,237.52993774414065,15.57593822479248,20.18000030517578,264.9604797363281,346.95123291015625,3.5199999809265137
2022-06-17,,106.22000122070312,1.86985981464386,9.271845817565918,279.69342041015625,36.28691482543945,6.118078231811523,106.26522064208984,240.1285552978516,15.854490280151367,19.729999542236328,268.1822204589844,347.6991577148437,3.4200000762939453
2022-06-21,,108.68000030517578,1.8552515506744385,9.279573440551758,285.8448486328125,36.87233352661133,6.060594081878662,110.62964630126952,246.03358459472656,16.539392471313477,20.049999237060547,274.9483337402344,356.4520263671875,3.539999961853028
2022-06-22,,108.9499969482422,1.899076461791992,9.271845817565918,285.2083435058594,36.21373748779297,6.118078231811523,110.5736083984375,245.44212341308597,16.33371925354004,20.489999771118164,274.5472717285156,355.80584716796875,3.470000028610229
2022-06-23,,112.44000244140624,1.833338737487793,8.97050952911377,287.2026672363281,36.32350540161133,5.994896411895752,111.32191467285156,250.9980926513672,16.19893455505371,19.84000015258789,278.6361389160156,359.29364013671875,3.2300000190734863
2022-06-24,,116.45999908447266,1.8041226863861084,8.82370662689209,294.9552001953125,37.1833381652832,5.871712684631348,117.00791931152344,259.569580078125,17.09848976135254,19.729999542236328,288.1832275390625,370.7169494628906,3.220000028610229
2022-06-27,,113.22000122070312,1.811426877975464,8.839160919189453,294.3372497558594,37.22908020019531,5.863501071929932,114.88399505615234,256.844970703125,16.841903686523438,21.3700008392334,286.0703430175781,369.3009338378906,3.380000114440918
2022-06-28,,107.4000015258789,1.8187309503555296,9.117316246032717,289.6369323730469,37.00040054321289,5.830652713775635,111.08934783935548,248.6904144287109,15.956328392028809,20.920000076293945,277.354736328125,361.7550354003906,3.430000066757202
2022-06-29,,108.91999816894533,1.8187309503555296,9.009142875671388,290.3018493652344,36.854042053222656,5.8881378173828125,110.7858657836914,252.3555908203125,15.517032623291016,20.739999771118164,277.60906982421875,361.46044921875,3.3399999141693115
2022-06-30,,106.20999908447266,1.7456897497177124,8.653721809387207,288.2138366699219,36.68024444580078,5.674621105194092,108.0698013305664,249.02972412109372,15.134651184082031,20.479999542236328,274.1658020019531,358.5238037109375,3.259999990463257
2022-07-01,,109.55999755859376,1.789514422416687,8.98596477508545,291.05078125,36.45156478881836,5.8799262046813965,107.8461456298828,251.69622802734372,14.499671936035156,21.36000061035156,275.9755249023437,362.3157043457031,3.319999933242798
2022-07-05,,113.5,1.7310810089111328,8.669175148010254,289.9833984375,36.16800308227539,5.61713457107544,112.33455657958984,254.86692810058597,14.939961433410645,19.75,280.7001342773437,363.00006103515625,3.130000114440918
2022-07-06,,114.33000183105467,1.694560408592224,8.615091323852539,290.6388244628906,35.94846725463867,5.493951797485352,113.63282775878906,258.1248779296875,15.10569667816162,19.71999931335449,282.4999694824219,364.2260437011719,3.0899999141693115
2022-07-07,,116.33000183105467,1.6799522638320925,8.754168510437012,293.9533996582031,36.67109680175781,5.493951797485352,117.80929565429688,260.2483215332031,15.832525253295898,20.850000381469727,288.5451354980469,369.6810607910156,3.119999885559082
2022-07-08,,115.54000091552734,1.7383856773376465,8.831432342529297,293.4945678710937,36.67109680175781,5.485740184783936,118.37512969970705,259.5309143066406,15.812559127807615,20.959999084472656,288.9070129394531,369.3769836425781,3.1700000762939453
2022-07-11,,111.75,1.6726479530334473,8.476011276245117,291.8466491699219,35.692352294921875,5.38719367980957,114.728271484375,256.4764709472656,15.127660751342772,20.690000534057617,282.7347717285156,365.1573486328125,3.049999952316284
2022-07-12,,109.22000122070312,1.6288232803344729,8.506917953491211,290.22686767578125,35.55514144897461,5.329708576202393,113.08584594726562,245.9657287597656,15.057772636413574,20.88999938964844,279.99578857421875,361.9261169433594,3.0
2022-07-13,,110.4000015258789,1.6215189695358276,8.282849311828613,288.1482849121094,35.47281265258789,5.190101623535156,110.44071197509766,245.04458618164065,15.139640808105469,21.170000076293945,279.41864013671875,360.0253601074219,3.009999990463257
2022-07-14,,110.62999725341795,1.5703903436660769,7.811530113220215,286.8843078613281,35.15266418457031,5.042282581329346,109.46279907226562,246.36325073242188,15.34730625152588,20.46999931335449,280.4164428710937,359.15106201171875,2.930000066757202
2022-07-15,,113.5500030517578,1.6142150163650513,8.012417793273926,292.8678894042969,35.33560562133789,5.165464401245117,110.8612289428711,248.92308044433597,15.736681938171388,21.040000915527344,285.5029296875,366.01263427734375,2.970000028610229
2022-07-18,,113.76000213623048,1.6799522638320925,8.267395973205566,290.9850769042969,35.582576751708984,5.264011859893799,108.13626098632812,246.5281219482422,16.075138092041016,21.07999992370605,283.0868530273437,362.9905700683594,2.990000009536743
2022-07-19,,118.20999908447266,1.70186448097229,8.29057502746582,297.9728698730469,36.16800308227539,5.198313236236572,112.87706756591795,251.6477203369141,16.964702606201172,21.26000022888184,291.79266357421875,372.7982482910156,3.059999942779541
2022-07-20,,122.7699966430664,1.6507354974746704,7.850163459777832,298.5630187988281,36.01250076293945,4.9190993309021,112.96633911132812,254.30450439453125,17.778398513793945,20.479999542236328,296.4195556640625,375.1741333007813,2.990000009536743
2022-07-21,,124.62999725341795,1.577694296836853,7.726538181304932,300.12725830078125,36.42412185668945,4.869825839996338,113.40272521972656,256.7964172363281,18.021005630493164,20.1299991607666,300.67462158203125,378.99462890625,2.9100000858306885
2022-07-22,,122.41999816894533,1.6964454650878906,8.007742881774902,298.8627319335937,36.058231353759766,5.058706760406494,107.0155258178711,252.4524688720703,17.29117774963379,20.43000030517578,295.4021911621094,375.4783325195313,2.9100000858306885
2022-07-25,,121.13999938964844,1.7889786958694458,8.443964004516602,299.70574951171875,36.186302185058594,5.305072784423828,106.6287078857422,250.9690093994141,16.99665069580078,21.280000686645508,293.7197265625,375.9344482421875,3.140000104904175
2022-07-26,,114.80999755859376,1.7658454179763794,8.482912063598633,297.43902587890625,35.90272903442383,5.329708576202393,104.15911865234376,244.24945068359372,16.506444931030273,21.459999084472656,287.948486328125,371.4867858886719,3.200000047683716
2022-07-27,,120.97000122070312,1.8815124034881592,8.958078384399414,301.62603759765625,36.57047271728516,5.600712299346924,112.13321685791016,260.5780334472656,17.76142692565918,22.34000015258789,300.1171264648437,381.1329040527344,3.3499999046325684
2022-07-28,,122.27999877929688,1.9586235284805296,9.674725532531738,304.64208984375,36.72597885131836,6.068803787231445,113.2837142944336,268.01513671875,17.955106735229492,23.649999618530277,303.0516967773437,385.9132995605469,3.4800000190734863
2022-07-29,,134.9499969482422,2.066579341888428,10.095365524291992,307.8551330566406,36.55218505859375,6.405506134033203,115.3665008544922,272.2136535644531,18.133827209472656,23.950000762939453,308.5783386230469,391.5393676757813,3.7100000381469727
2022-08-01,,135.38999938964844,2.0280232429504395,10.071996688842772,307.2742614746094,36.24118041992188,6.389080047607422,113.91846466064452,269.56646728515625,18.411380767822266,23.920000076293945,308.3924865722656,390.3798522949219,3.650000095367432
2022-08-02,,134.16000366210938,2.058868169784546,10.149892807006836,303.5276184082031,36.0673828125,6.430141925811768,114.18624877929688,266.4733581542969,18.49624252319336,22.899999618530277,307.47296142578125,387.8044128417969,3.660000085830689
2022-08-03,,139.52000427246094,2.0511562824249268,10.282316207885742,307.38671875,36.3509521484375,6.421929836273193,117.11207580566406,273.8910217285156,18.86264991760254,23.809999465942383,315.8462829589844,393.8772888183594,3.7200000286102295
2022-08-04,,142.57000732421875,1.9971786737442017,9.986310958862305,306.63726806640625,36.60707092285156,6.274109840393066,117.2211685180664,275.03521728515625,19.18413543701172,23.68000030517578,317.3233947753906,393.6111755371094,3.660000085830689
2022-08-05,,140.8000030517578,2.082000970840454,10.040837287902832,307.20867919921875,36.643653869628906,6.4137163162231445,116.50706481933594,274.3176574707031,18.958499908447266,24.11000061035156,314.7311706542969,392.9459228515625,3.75
2022-08-08,,139.41000366210938,2.15140151977539,10.593902587890623,307.6303405761719,36.68939208984375,6.627232551574707,116.33847045898438,271.8063659667969,17.764421463012695,24.8700008392334,313.7138061523437,392.48968505859375,4.0
2022-08-09,,137.8300018310547,2.043445587158203,9.970730781555176,307.1524658203125,36.55218505859375,6.3972930908203125,115.67395782470705,273.7261962890625,17.058555603027344,24.3799991607666,310.1630554199219,390.9311828613281,3.910000085830689
2022-08-10,,142.69000244140625,2.089712142944336,9.744831085205078,312.107666015625,37.009544372558594,6.282322883605957,118.71878051757812,280.3778686523437,18.06793212890625,24.200000762939453,318.8199768066406,399.1422729492188,3.910000085830689
2022-08-11,,140.63999938964844,2.166823625564575,10.188840866088867,312.5853576660156,37.15589904785156,6.446566104888916,117.86583709716795,278.3028869628906,17.913179397583008,24.479999542236328,317.0103454589844,399.1422729492188,4.090000152587891
2022-08-12,,143.5500030517578,2.2285122871398926,10.399160385131836,316.4445495605469,37.549224853515625,6.627232551574707,120.68255615234376,283.0443725585937,18.67894554138184,24.38999938964844,323.1827087402344,405.89935302734375,4.409999847412109
2022-08-15,,143.17999267578125,2.259357213973999,10.679587364196776,317.8871459960937,37.37543487548828,6.824326515197754,121.07928466796876,284.55694580078125,19.001428604125977,24.190000534057617,325.7944030761719,407.5718688964844,4.639999866485596
2022-08-16,,144.77999877929688,2.2285122871398926,10.64064121246338,320.1070251464844,37.36628341674805,6.750417232513428,120.70238494873048,283.820068359375,18.84867286682129,24.059999465942383,325.031494140625,408.3702697753906,4.610000133514404
2022-08-17,,142.10000610351562,2.236224174499512,10.554954528808594,318.6646423339844,37.210784912109375,6.660083293914795,118.5700225830078,283.07177734375,18.3055477142334,24.190000534057617,321.3241271972656,405.4716491699219,4.639999866485596
2022-08-18,,142.3000030517578,2.2664949893951416,10.8856782913208,319.0205383300781,37.00040054321289,6.701143741607666,119.1849365234375,281.9544372558594,18.742847442626957,25.239999771118164,322.096923828125,406.6501159667969,4.849999904632568
2022-08-19,,138.22999572753906,2.126779079437256,10.344919204711914,316.3138427734375,36.49729919433594,6.421929836273193,116.24919128417967,278.04815673828125,17.820327758789062,24.21999931335449,315.8169860839844,401.185546875,4.650000095367432
2022-08-22,,133.22000122070312,2.181113719940185,10.697587966918944,310.4200134277344,36.17714691162109,6.635445594787598,113.30354309082033,269.8859558105469,17.006637573242188,24.3799991607666,307.5023803710937,392.8318786621094,4.769999980926514
2022-08-23,,133.6199951171875,2.2742574214935303,11.12862777709961,308.87139892578125,36.36924362182617,6.947509288787842,112.92667388916016,268.6131286621094,17.15340232849121,24.989999771118164,307.248046875,391.8815612792969,5.170000076293945
2022-08-24,,133.8000030517578,2.3906867504119877,11.26185703277588,309.5754089355469,36.36009216308594,7.021419048309326,112.758056640625,267.98150634765625,17.1943359375,26.200000762939453,308.13824462890625,393.1360473632813,5.300000190734863
2022-08-25,,137.27999877929688,2.429497003555298,11.3167142868042,312.6630554199219,37.14675521850586,7.161026954650879,115.6938018798828,270.9548645019531,17.88422393798828,26.479999542236328,313.5866394042969,398.6860961914063,5.579999923706055
2022-08-26,,130.75,2.4139726161956787,11.559666633605955,303.0716247558594,36.59791946411133,7.1774492263793945,109.43551635742188,260.4995422363281,16.2338809967041,26.1299991607666,300.7333374023437,385.1909790039063,5.510000228881836
2022-08-29,,129.7899932861328,2.4605445861816406,11.622360229492188,301.35406494140625,36.36924362182617,7.128177642822266,108.52305603027344,257.72052001953125,15.775617599487305,25.950000762939453,297.7694396972656,382.64398193359375,5.880000114440918
2022-08-30,,128.72999572753906,2.4605445861816406,11.51264190673828,298.4822082519531,35.939327239990234,6.972146034240723,108.0469970703125,255.5245513916016,15.443154335021973,24.940000534057617,294.4533386230469,378.4433288574219,5.510000228881836
2022-08-31,,126.7699966430664,2.289780855178833,11.058094024658203,296.2391967773437,36.0673828125,6.660083293914795,107.33289337158205,254.0669403076172,15.069753646850586,24.38999938964844,292.7415771484375,375.5638122558594,5.489999771118164
2022-09-01,,127.81999969482422,2.3596391677856445,11.332391738891602,297.5623779296875,35.78382110595703,6.807901859283447,108.84043884277344,253.02720642089844,13.914612770080566,24.40999984741211,292.8686218261719,376.7423095703125,5.619999885559082
2022-09-02,,127.51000213623048,2.44502067565918,11.68505859375,294.4654846191406,35.45451736450195,7.013205528259277,106.9659194946289,248.8101501464844,13.625080108642578,24.65999984741211,288.7310485839844,372.7697448730469,5.820000171661377
2022-09-06,,126.11000061035156,2.382925033569336,11.591012001037598,293.0013427734375,35.033748626708984,7.128177642822266,105.9344482421875,246.0796813964844,13.443370819091797,25.18000030517578,286.6571960449219,371.36322021484375,6.019999980926514
2022-09-07,,129.47999572753906,2.5381641387939453,12.40606689453125,296.87725830078125,35.344757080078125,7.415604591369629,108.55280303955078,250.78268432617188,13.696040153503418,26.06999969482422,292.4481201171875,378.0346984863281,6.599999904632568
2022-09-08,,129.82000732421875,2.522639751434326,12.31986141204834,298.6700439453125,35.15266418457031,7.325270175933838,107.4915771484375,251.2004852294922,13.97167682647705,25.84000015258789,293.9642639160156,380.5057067871094,6.769999980926514
2022-09-09,,133.27000427246094,2.61578369140625,13.142749786376951,302.46148681640625,35.67405319213867,7.818001747131348,109.74297332763672,256.9723205566406,14.368158340454102,26.700000762939453,300.3909912109375,386.41693115234375,6.96999979019165
2022-09-12,,136.4499969482422,2.5769739151000977,13.127076148986816,304.6106872558594,36.20459365844727,7.694818019866943,109.95125579833984,259.1003112792969,14.486003875732422,26.76000022888184,303.9613037109375,390.5700073242188,7.019999980926514
2022-09-13,,126.81999969482422,2.514878511428833,12.805756568908691,292.5602111816406,35.0886344909668,7.399178504943848,103.4648666381836,244.8553771972656,13.11380386352539,25.979999542236328,287.2930908203125,373.5870361328125,7.110000133514404
2022-09-14,,128.5500030517578,2.5536882877349854,13.23679542541504,292.8699951171875,35.26242446899414,7.579847812652588,104.13928985595705,245.0788726806641,13.110807418823242,26.76000022888184,289.5722351074219,375.0125427246094,7.300000190734863
2022-09-15,,126.27999877929688,2.437258720397949,12.797919273376465,291.2745056152344,34.88739776611328,7.28420877456665,102.06642150878906,238.4325256347656,12.912069320678713,25.34000015258789,284.7497863769531,370.7549743652344,6.670000076293945
2022-09-16,,123.52999877929688,2.4683070182800293,12.82143211364746,289.87530517578125,34.56724548339844,7.259572982788086,101.95732879638672,237.8106384277344,13.180715560913086,25.01000022888184,283.00860595703125,367.9265441894531,6.96999979019165
2022-09-19,,124.66000366210938,2.5769739151000977,13.448397636413574,291.8513488769531,34.67700958251953,7.620909690856934,102.22511291503906,237.59686279296875,13.364474296569824,25.940000534057617,285.2125549316406,370.7798156738281,7.210000038146973
2022-09-20,,122.19000244140624,2.6080217361450195,13.127076148986816,288.906005859375,34.48491668701172,7.48951530456543,100.3109359741211,235.58546447753903,13.158742904663086,25.40999984741211,282.9390869140625,366.5238037109375,7.159999847412109
2022-09-21,,118.54000091552734,2.5381641387939453,12.860617637634276,284.0033874511719,33.90864562988281,7.259572982788086,98.46617126464844,232.18460083007807,13.24363136291504,24.84000015258789,277.8727111816406,360.1302185058594,6.820000171661377
2022-09-22,,117.30999755859376,2.530402183532715,12.774407386779783,282.7894897460937,33.743995666503906,7.185662269592285,99.31912994384766,234.1571044921875,12.544548988342283,24.649999618530277,274.45269775390625,357.1051330566406,6.920000076293945
2022-09-23,,113.77999877929688,2.3578569889068604,12.431710243225098,278.4043884277344,32.911598205566406,6.865387439727783,97.93060302734376,231.1837310791016,12.499608993530272,23.71999931335449,269.98419189453125,351.1219787597656,6.230000019073486
2022-09-26,,115.1500015258789,2.279782056808472,11.730555534362791,275.4496765136719,32.50912857055664,6.462989807128906,97.3652801513672,230.72706604003903,12.211984634399414,22.40999984741211,268.8670349121094,347.6483154296875,6.25
2022-09-27,,114.41000366210938,2.2953972816467285,11.42330837249756,274.11358642578125,32.4725341796875,6.167351722717285,96.70076751708984,229.7165069580078,12.396742820739746,22.450000762939453,268.9748840332031,346.76092529296875,6.210000038146973
2022-09-28,,118.01000213623048,2.334434509277344,11.383916854858398,279.2231140136719,32.756099700927734,6.249473571777344,99.22987365722656,234.2445831298828,12.719320297241213,22.96999931335449,274.3253173828125,353.5839233398437,6.389999866485596
2022-09-29,,114.8000030517578,2.36566424369812,11.336647033691406,274.96978759765625,32.02432632446289,6.175563335418701,96.62142181396484,230.775634765625,12.203996658325195,23.07999992370605,266.4172058105469,346.1978759765625,6.21999979019165
2022-09-30,,113.0,2.350049495697021,11.242110252380373,270.3494873046875,31.90541076660156,6.200499534606934,94.86593627929688,226.3058624267578,12.123103141784668,22.770000457763672,261.89959716796875,340.844482421875,6.210000038146973
2022-10-03,,115.87999725341795,2.50619912147522,12.148098945617676,277.3975830078125,32.42680358886719,6.67426347732544,97.83141326904295,233.9239044189453,12.495612144470217,24.11000061035156,268.0438537597656,349.8432312011719,6.820000171661377
2022-10-04,,121.08999633789062,2.568658828735352,12.31353759765625,285.2549133300781,33.487876892089844,6.707509517669678,100.80681610107422,241.83343505859372,13.149755477905272,23.780000686645508,276.471435546875,360.6836242675781,6.929999828338623
2022-10-05,,120.9499969482422,2.537428617477417,12.108708381652832,284.9255676269531,33.50616836547852,6.599458694458008,100.59854888916016,242.14437866210935,13.191699981689451,23.96999931335449,276.3244323730469,359.8438415527344,7.400000095367432
2022-10-06,,120.3000030517578,2.498391628265381,11.880240440368652,281.5756530761719,33.304927825927734,6.458160400390625,100.58863830566406,239.80259704589844,13.112805366516112,24.239999771118164,274.14898681640625,356.1318359375,7.210000038146973
2022-10-07,,114.55999755859376,2.43593168258667,11.59662914276123,275.6849670410156,32.609745025634766,6.399978160858154,97.87110137939452,227.60791015625,12.060186386108398,23.729999542236328,263.7027587890625,346.1978759765625,7.190000057220459
2022-10-10,,113.66999816894533,2.428124189376831,11.494211196899414,274.73455810546875,32.152381896972656,6.333485126495361,97.05782318115234,222.75921630859372,11.654717445373535,23.65999984741211,261.0667419433594,343.5545349121094,6.880000114440918
2022-10-11,,112.20999908447266,2.36566424369812,11.320893287658691,275.0450439453125,31.640140533447266,6.217122077941895,96.38339233398438,219.0279235839844,11.570826530456545,22.790000915527344,257.4800720214844,341.3788757324219,6.730000019073486
2022-10-12,,112.9000015258789,2.311012029647827,11.076668739318848,274.9227905273437,31.676727294921875,6.034265518188477,96.7602767944336,219.3583068847656,11.484940528869627,22.26000022888184,257.3919677734375,340.2527770996094,6.599999904632568
2022-10-13,,112.52999877929688,2.3578569889068604,11.273625373840332,282.8270874023437,31.76820373535156,6.109070301055908,98.24796295166016,227.60791015625,11.9443359375,22.959999084472656,263.4283752441406,349.2324523925781,6.869999885559082
2022-10-14,,106.9000015258789,2.311012029647827,11.163330078125,279.30780029296875,31.29254531860352,5.951149940490723,95.76847839355467,222.0887451171875,11.212298393249512,22.3799991607666,255.5103759765625,341.27392578125,6.659999847412109
2022-10-17,,113.79000091552734,2.373471975326538,11.454821586608888,284.2386779785156,32.152381896972656,6.1921868324279785,99.1505355834961,230.8047637939453,11.872429847717283,23.0,263.9477233886719,350.0435791015625,7.070000171661377
2022-10-18,,116.36000061035156,2.373471975326538,11.565114974975586,287.447509765625,32.16153335571289,6.1921868324279785,99.9439697265625,231.74729919433597,11.95132827758789,23.100000381469727,266.0350036621094,354.156494140625,6.940000057220459
2022-10-19,,115.06999969482422,2.3422422409057617,11.509968757629396,286.3935852050781,31.576112747192383,6.20880937576294,98.81331634521484,229.7845001220703,12.035218238830566,23.280000686645508,265.0648498535156,351.6467590332031,7.039999961853027
2022-10-20,,115.25,2.350049495697021,11.43118667602539,285.4149169921875,31.777353286743164,6.350107669830322,99.1505355834961,229.4638214111328,12.17803192138672,23.200000762939453,263.7125244140625,348.69805908203125,7.050000190734863
2022-10-21,,119.31999969482422,2.457619428634644,11.794772148132324,292.7140197753906,32.26215362548828,6.516342639923096,100.30101013183594,235.26483154296875,12.449673652648926,23.549999237060547,269.8960266113281,357.1719055175781,7.170000076293945
2022-10-24,,119.81999969482422,2.379101037979126,11.501687049865724,296.6401672363281,31.03642845153809,6.441537380218506,101.67960357666016,240.2495574951172,12.582500457763672,23.36000061035156,272.8652038574219,361.54248046875,7.389999866485596
2022-10-25,,120.5999984741211,2.4340641498565674,11.83437728881836,299.8791809082031,31.29254531860352,6.54958963394165,103.62355041503906,243.56304931640625,13.24363136291504,24.600000381469727,278.5097045898437,367.3157348632813,7.630000114440918
2022-10-26,,115.66000366210938,2.4026567935943604,11.652189254760742,299.775634765625,31.804792404174805,6.458160400390625,94.15184783935548,224.7706298828125,12.879109382629396,24.68000030517578,272.3555908203125,364.5484008789063,7.78000020980835
2022-10-27,,110.95999908447266,2.441915512084961,11.93735694885254,301.7341613769531,31.55781364440918,6.524653911590576,91.46405029296876,220.3300018310547,13.158742904663086,25.34000015258789,267.3971252441406,362.6017150878906,7.869999885559082
2022-10-28,,103.41000366210938,2.371249198913574,11.620505332946776,309.3796081542969,31.3657283782959,6.325173377990723,95.50067901611328,229.1917724609375,13.815882682800291,25.3799991607666,275.5797119140625,371.2283325195313,7.639999866485596
2022-10-31,,102.44000244140624,2.3633978366851807,11.763089179992676,308.2873840332031,31.274250030517575,6.4498491287231445,93.73527526855467,225.5576934814453,13.479324340820312,25.170000076293945,272.375244140625,368.5467529296875,7.639999866485596
2022-11-01,,96.79000091552734,2.5518410205841064,12.357184410095217,307.33648681640625,31.85053253173828,6.807250499725342,89.7283935546875,221.70982360839844,13.525263786315918,26.350000381469727,269.5922241210937,366.93408203125,8.260000228881836
2022-11-02,,92.12000274658205,2.457619428634644,11.85814380645752,302.58154296875,31.58525848388672,6.516342639923096,86.257080078125,213.8682861328125,13.20168685913086,25.34000015258789,260.351318359375,357.7253723144531,7.929999828338623
2022-11-03,,89.30000305175781,2.457619428634644,11.794772148132324,301.1785583496094,31.76820373535156,6.532965660095215,82.74610137939453,208.18392944335935,13.403423309326172,25.489999771118164,255.2654266357422,354.0419311523437,8.119999885559082
2022-11-04,,90.9800033569336,2.473323345184326,11.95319652557373,305.1990966796875,33.11283493041992,6.641016006469727,85.87029266357422,215.1217803955078,14.137460708618164,25.90999984741211,259.37139892578125,359.1377258300781,8.039999961853027
2022-11-07,,90.52999877929688,2.410508394241333,11.382867813110352,309.2289733886719,33.131134033203125,6.458160400390625,87.76461029052734,221.41827392578125,14.282267570495604,25.190000534057617,262.2230529785156,362.5730895996094,7.929999828338623
2022-11-08,,89.9800033569336,2.4183602333068848,11.303653717041016,312.3266906738281,33.36896133422852,6.41660213470459,88.1712646484375,222.3899688720703,14.582876205444336,26.299999237060547,264.1340026855469,364.529296875,7.75
2022-11-09,,86.13999938964844,2.2613236904144287,10.638267517089844,306.3288879394531,32.79268264770508,6.167251586914063,86.60420989990234,218.15342712402344,13.75795841217041,25.239999771118164,258.0386962890625,357.01922607421875,7.119999885559082
2022-11-10,,96.62999725341795,2.1985092163085938,10.495685577392578,317.5523986816406,33.98181915283203,6.158941268920898,93.1699676513672,236.10047912597656,15.72937297821045,25.07999992370605,277.0789489746094,376.6389465332031,7.190000057220459
2022-11-11,,100.79000091552734,2.253471851348877,10.828376770019531,318.05157470703125,34.90568923950195,6.375042915344238,95.61970520019533,240.1135406494141,16.305620193481445,25.950000762939453,282.1844177246094,380.2842712402344,7.650000095367432
2022-11-14,,98.48999786376952,2.22991681098938,10.844220161437988,316.1495361328125,34.69530487060547,6.383354663848877,94.91551208496094,234.7109832763672,16.27366065979004,26.86000061035156,279.71502685546875,377.0492858886719,8.039999961853027
2022-11-15,,98.94000244140624,2.1749539375305176,10.551133155822754,316.5638732910156,35.49110794067383,6.266992092132568,97.63306427001952,235.11907958984372,16.644174575805664,27.059999465942383,283.5857849121094,380.26507568359375,8.079999923706055
2022-11-16,,97.12000274658205,2.1199910640716557,10.376866340637209,316.4319763183594,34.923980712890625,6.15062952041626,98.03970336914062,235.5478057861328,15.889163970947266,26.270000457763672,279.71502685546875,377.36419677734375,7.639999866485596
2022-11-17,,94.8499984741211,2.127842903137207,10.170912742614746,316.460205078125,34.988014221191406,5.9927077293396,97.55372619628906,235.49908447265625,15.656469345092772,25.8700008392334,279.0976867675781,376.2095642089844,7.389999866485596
2022-11-18,,94.13999938964844,2.127842903137207,10.24220371246338,318.30096435546875,34.786773681640625,6.059200286865234,96.63134002685548,235.05084228515625,15.38882064819336,26.290000915527344,279.1074523925781,377.9176940917969,7.360000133514404
2022-11-21,,92.45999908447266,2.1199910640716557,10.178833961486816,317.9989929199219,34.34770584106445,6.05088996887207,94.81635284423828,235.85964965820312,15.296940803527832,26.0,276.2362060546875,376.5435485839844,7.269999980926514
2022-11-22,,93.1999969482422,2.1513984203338623,10.321416854858398,321.6881103515625,34.43003463745117,6.092447757720947,96.25445556640624,238.76339721679688,16.01699447631836,26.13999938964844,280.21484375,381.6106872558594,7.480000019073486
2022-11-23,,94.12999725341795,2.386929750442505,10.55970573425293,322.6221008300781,34.71359634399414,6.266992092132568,97.65290069580078,241.2482147216797,16.497365951538086,26.700000762939453,283.0272521972656,384.0154724121094,7.659999847412109
2022-11-25,,93.41000366210938,2.5371010303497314,10.902399063110352,324.1033020019531,34.548954010009766,6.441537380218506,96.6610870361328,241.16050720214844,16.248693466186523,27.56999969482422,281.16534423828125,383.9295349121094,8.220000267028809
2022-11-28,,93.9499969482422,2.608234405517578,10.934280395507812,319.3576965332031,34.39344024658203,6.524653911590576,95.26265716552734,235.5770568847656,15.80627155303955,27.989999771118164,277.0398254394531,377.8031311035156,8.279999732971191
2022-11-29,,92.41999816894533,2.5371010303497314,11.109609603881836,319.34820556640625,35.134368896484375,6.5828351974487305,94.4097137451172,234.18360900878903,15.618515968322754,28.989999771118164,274.9427185058594,377.1541748046875,8.600000381469727
2022-11-30,,96.54000091552734,2.552908420562744,11.57981300354004,326.5846252441406,36.14970779418945,6.732446193695068,100.16216278076172,248.6148681640625,16.905160903930664,28.649999618530277,287.47613525390625,389.0348510742188,8.390000343322754
2022-12-01,,95.5,2.52129340171814,11.356666564941406,324.9429931640625,36.03079605102539,6.757380485534668,100.16216278076172,248.17637634277344,17.1169376373291,29.11000061035156,287.82891845703125,388.7485961914063,8.380000114440918
2022-12-02,,94.12999725341795,2.434352397918701,11.348694801330566,325.2543334960937,36.16800308227539,6.832184314727783,99.6166763305664,248.4979248046875,16.858213424682617,28.63999938964844,286.6824035644531,388.3000793457031,8.260000228881836
2022-12-05,,91.01000213623048,2.2920854091644287,10.687220573425291,320.8104858398437,35.756378173828125,6.350107669830322,98.66453552246094,243.80120849609372,16.592491149902344,27.420000076293945,281.8709411621094,381.3148193359375,7.78000020980835
2022-12-06,,88.25,2.276277542114258,10.846613883972168,317.4423217773437,35.71065139770508,6.341796398162842,96.18502044677734,238.8511199951172,15.970147132873535,27.040000915527344,276.0304260253906,375.81829833984375,7.650000095367432
2022-12-07,,88.45999908447266,2.379026174545288,11.11757755279541,317.4234924316406,35.50025939941406,6.60776948928833,94.16175079345705,238.12033081054688,16.103008270263672,27.63999938964844,274.9035339355469,375.1789245605469,7.78000020980835
2022-12-08,,90.3499984741211,2.220951557159424,10.607524871826172,319.32940673828125,35.93017578125,6.242056846618652,92.94183349609376,241.07276916503903,17.15089988708496,26.18000030517578,278.1569519042969,378.1180725097656,7.400000095367432
2022-12-09,,89.08999633789062,2.18933653831482,10.591586112976074,316.4139709472656,35.692352294921875,6.183876514434815,92.06905364990234,239.1434326171875,16.983076095581055,25.979999542236328,276.3832397460937,375.29345703125,7.380000114440918
2022-12-12,,90.5500030517578,2.276277542114258,10.926308631896973,321.3672180175781,35.582576751708984,6.4498491287231445,92.54510498046876,246.0521240234375,17.51651382446289,26.450000762939453,279.85223388671875,380.7042236328125,7.489999771118164
2022-12-13,,92.48999786376952,2.2525665760040283,10.6951904296875,322.48992919921875,35.8370361328125,6.333485126495361,94.8460922241211,250.34933471679688,18.05295181274414,26.01000022888184,282.86065673828125,383.5860595703125,7.510000228881836
2022-12-14,,91.58000183105467,2.268373966217041,10.727068901062012,320.98992919921875,35.85560989379883,6.375042915344238,94.29069519042967,250.64166259765625,17.655370712280273,25.700000762939453,280.7635498046875,381.133544921875,7.389999866485596
2022-12-15,,88.44999694824219,2.276277542114258,10.71909999847412,313.9891662597656,35.02910614013672,6.391667366027832,90.1152114868164,242.64161682128903,16.934127807617188,25.479999542236328,271.3365478515625,371.8104248046875,7.46999979019165
2022-12-16,,87.86000061035156,2.2841813564300537,10.703160285949709,311.0767517089844,35.13125991821289,6.383354663848877,89.52012634277344,238.43209838867188,16.553531646728516,26.11000061035156,268.7494506835937,367.4207458496094,7.46999979019165
2022-12-19,,84.91999816894531,2.386929750442505,10.942245483398438,309.5732116699219,35.15910720825195,6.616081714630127,87.71503448486328,234.3005523681641,16.236865997314453,27.770000457763672,264.9725952148437,364.3050842285156,7.940000057220459
2022-12-20,,85.19000244140625,2.6003313064575195,11.47620964050293,310.5188293457031,35.14982604980469,7.123093128204346,88.29027557373047,235.6160125732422,16.068042755126953,28.040000915527344,264.766357421875,364.8035888671875,8.470000267028809
2022-12-21,,86.7699966430664,2.7109835147857666,12.07392692565918,315.4549865722656,35.46556854248047,7.405690670013428,88.845703125,238.17877197265625,16.48360252380371,28.86000061035156,268.6070251464844,370.2583618164063,8.680000305175781
2022-12-22,,83.79000091552734,2.8216357231140137,12.3209867477417,312.2966613769531,35.14982604980469,7.438938140869141,87.04061889648438,232.0983428955078,15.322830200195312,29.59000015258789,262.0354919433594,364.9761962890625,8.859999656677246
2022-12-23,,85.25,2.858156204223633,12.683721542358398,313.875732421875,35.1033935546875,7.713221549987793,88.4985580444336,232.62452697753903,15.189971923828123,29.950000762939453,262.6249084472656,367.0755920410156,9.09000015258789
2022-12-27,,83.04000091552734,2.913732051849365,12.795825958251951,314.2918395996094,35.623443603515625,7.779714107513428,86.67363739013672,230.89979553222656,14.106114387512209,30.88999938964844,258.9117736816406,365.6280517578125,8.84000015258789
2022-12-28,,81.81999969482422,2.993124961853028,13.244240760803224,310.69854736328125,35.1033935546875,8.004128456115723,85.31488037109375,228.5319061279297,14.021204948425291,30.809999465942383,255.4934234619141,361.0840148925781,9.09000015258789
2022-12-29,,84.18000030517578,3.0169432163238525,13.052062034606934,313.9986877441406,35.688453674316406,7.987505912780762,87.7249526977539,234.84622192382807,14.587606430053713,31.13999938964844,261.7211608886719,367.5837097167969,9.050000190734863
2022-12-30,,84.0,3.0963363647460938,13.148149490356444,313.3083190917969,35.19626235961914,8.087246894836426,87.50675964355469,233.6866607666016,14.59859561920166,31.940000534057617,261.5639953613281,366.6154479980469,9.1899995803833
2023-01-03,,85.81999969482422,2.929610252380371,12.65969944000244,313.2043762207031,35.49343490600586,7.937635898590088,88.38946533203125,233.4528045654297,14.299909591674805,31.1299991607666,259.7959289550781,365.0720520019531,8.710000038146973
2023-01-04,,85.13999938964844,3.080458164215088,13.228226661682127,314.4715576171875,36.5613899230957,8.220232963562012,87.35797882080078,223.2408142089844,14.733452796936035,31.8700008392334,261.0336303710937,367.8904724121094,8.710000038146973
2023-01-05,,83.12000274658203,3.255122661590576,14.101033210754396,311.3131103515625,36.449951171875,8.77711296081543,85.493408203125,216.62445068359372,14.249963760375977,32.95000076293945,256.9472351074219,363.6915893554688,9.350000381469728
2023-01-06,,86.08000183105469,3.3265767097473145,14.501401901245115,317.9891357421875,37.211456298828125,9.225943565368652,86.6240463256836,219.1774444580078,14.843337059020996,33.41999816894531,264.03936767578125,372.0317993164063,9.449999809265137
2023-01-09,,87.36000061035156,3.374212741851806,14.893763542175291,317.0530700683594,37.49005126953125,9.475293159484863,87.29847717285156,221.31149291992188,15.611525535583496,33.599998474121094,265.7485656738281,371.8208923339844,9.75
2023-01-10,,89.87000274658203,3.3345160484313965,15.013875961303713,318.887451171875,37.75936508178711,9.62490463256836,87.6951904296875,222.99725341796875,15.892230033874512,33.88999938964844,267.9979553222656,374.428466796875,9.720000267028809
2023-01-11,,95.08999633789062,3.6044530868530273,15.870667457580566,321.27978515625,37.917236328125,10.29814910888672,90.76979064941406,229.74024963378903,15.984132766723633,35.93000030517578,272.63446044921875,379.1641845703125,9.869999885559082
2023-01-12,,95.2699966430664,3.6759073734283447,16.6153564453125,323.3980407714844,38.10296630859375,10.680485725402832,90.38298034667967,232.4101409912109,16.493595123291016,35.099998474121094,274.1078186035156,380.5445861816406,10.350000381469728
2023-01-13,,98.12000274658205,3.6997249126434326,16.463214874267578,324.38153076171875,38.35370635986328,10.83840560913086,91.3648681640625,233.1117706298828,16.881189346313477,34.9900016784668,275.9938659667969,382.0208740234375,11.079999923706056
2023-01-17,,96.0500030517578,3.906147003173828,17.75240707397461,320.7126159667969,38.140113830566406,11.436845779418944,90.54167938232422,234.2031097412109,17.68334197998047,35.119998931884766,276.5537414550781,381.3211059570313,12.220000267028809
2023-01-18,,95.45999908447266,3.548877716064453,16.751482009887695,314.8591613769531,37.88009262084961,10.306459426879885,90.37307739257812,229.77919006347656,17.358680725097656,33.099998474121094,272.95855712890625,375.30078125,11.210000038146973
2023-01-19,,93.68000030517578,3.628271341323853,17.12782859802246,312.6464538574219,38.16797256469727,10.713730812072754,92.28723907470705,225.9984130859375,16.747331619262695,32.83000183105469,270.27691650390625,372.5687255859375,11.220000267028809
2023-01-20,,97.25,3.794997215270996,18.16078758239746,315.78857421875,38.75302505493164,11.428534507751465,97.21649932861328,234.0764312744141,17.820194244384766,34.20000076293945,277.67352294921875,379.50927734375,11.920000076293944
2023-01-23,,97.5199966430664,3.723542928695679,17.552221298217773,318.15460205078125,39.0316276550293,11.28723430633545,98.97200775146484,236.37608337402344,19.172771453857425,34.209999084472656,283.8423156738281,384.0628356933594,11.979999542236328
2023-01-24,,96.31999969482422,3.6997249126434326,17.49616813659668,319.0347900390625,39.05949020385742,11.24567699432373,96.8991241455078,235.84988403320312,19.24469375610352,34.33000183105469,283.2627868652344,383.6506652832031,12.0
2023-01-25,,97.18000030517578,3.802936792373657,18.216835021972656,319.2430114746094,39.09663391113281,11.677884101867676,94.43946075439452,234.4564666748047,19.30262756347656,35.34000015258789,282.6341552734375,383.7944641113281,12.079999923706056
2023-01-26,,99.22000122070312,3.81087589263916,18.104734420776367,321.173583984375,39.46810150146485,11.55320644378662,96.72059631347656,241.6574859619141,19.781126022338867,34.86000061035156,288.1447448730469,388.012451171875,12.020000457763672
2023-01-27,,102.23999786376952,3.6759073734283447,17.35203742980957,321.4102478027344,39.282371520996094,11.065140724182127,98.5554428100586,241.8133544921875,20.34353446960449,33.7599983215332,291.0130615234375,388.9039916992188,11.539999961853027
2023-01-30,,100.5500030517578,3.53299880027771,16.687421798706055,318.9969177246094,38.49300765991211,10.555339813232422,96.1453628540039,236.50274658203125,19.14179992675781,32.4900016784668,285.1291198730469,384.02447509765625,11.149999618530272
2023-01-31,,103.12999725341795,3.691785097122192,17.59225845336914,322.5647888183594,38.409427642822266,11.198856353759766,98.02978515625,241.4723052978516,19.51640510559082,33.83000183105469,289.402099609375,389.6709289550781,11.949999809265137
2023-02-01,,105.1500015258789,3.5965139865875244,17.247941970825195,322.6027526855469,38.8830451965332,11.006638526916504,99.60674285888672,246.2860107421875,20.920921325683597,33.779998779296875,295.59051513671875,393.8122863769531,11.75
2023-02-02,,112.91000366210938,3.5885746479034424,17.48015785217285,322.1861877441406,38.650875091552734,10.973207473754885,106.85682678222656,257.8329467773437,21.68611717224121,33.790000915527344,306.19921875,399.5450134277344,11.470000267028809
2023-02-03,,103.38999938964844,3.405969858169556,16.48723602294922,320.81402587890625,37.96367263793945,10.304619789123535,103.92108917236328,251.74278259277344,21.077756881713867,32.529998779296875,300.7572937011719,395.29827880859375,11.18000030517578
2023-02-06,,102.18000030517578,3.469484567642212,16.719451904296875,320.3407897949219,37.40647506713867,10.630556106567385,102.05650329589844,250.20314025878903,21.066770553588867,32.79999923706055,298.2132873535156,392.8823852539063,11.479999542236328
2023-02-07,,102.11000061035156,3.4536056518554688,16.599340438842773,323.2178955078125,37.5550537109375,10.680700302124023,106.75765228271484,260.7171936035156,22.14962577819824,32.65999984741211,304.391845703125,398.020751953125,11.539999961853027
2023-02-08,,100.0500030517578,3.517120361328125,16.719451904296875,321.2304382324219,37.50862884521485,10.839491844177246,98.5554428100586,259.908447265625,22.18159294128418,33.400001525878906,298.9794311523437,393.6684265136719,11.550000190734863
2023-02-09,,98.23999786376952,3.445666790008545,16.198970794677734,319.0157470703125,37.68507385253906,10.61384105682373,94.23118591308594,256.8780212402344,22.313451766967773,32.20000076293945,296.3370361328125,390.2556457519531,11.279999732971191
2023-02-10,,97.61000061035156,3.469484567642212,16.343103408813477,320.577392578125,37.32289123535156,10.663986206054688,93.79478454589844,256.3713073730469,21.24258041381836,32.900001525878906,294.39215087890625,391.1664733886719,11.579999923706056
2023-02-13,,99.54000091552734,3.6759073734283447,17.08778953552246,324.19256591796875,37.62935256958008,11.324216842651367,93.83445739746094,264.3810729980469,21.765033721923828,33.79999923706055,299.1071472167969,395.7583312988281,12.029999732971191
2023-02-14,,99.6999969482422,3.747360467910767,17.392070770263672,322.858154296875,37.56435012817383,11.63343906402588,93.90388488769533,265.2093505859375,22.94679069519043,33.81999969482422,301.3172607421875,395.5762023925781,12.09000015258789
2023-02-15,,101.16000366210938,3.6838455200195312,17.159860610961914,323.3503723144531,37.24859619140625,11.558222770690918,96.1453628540039,263.0895080566406,22.74000740051269,34.209999084472656,303.6256408691406,396.86083984375,11.880000114440918
2023-02-16,,98.1500015258789,3.842633247375488,17.151851654052734,319.3092346191406,37.25788497924805,11.658512115478516,94.72708129882812,256.0853881835937,21.978805541992188,33.849998474121094,297.9283447265625,391.396484375,11.890000343322754
2023-02-17,,97.1999969482422,3.6838455200195312,16.190961837768555,320.6856689453125,36.84927368164063,11.115283966064451,93.57658386230467,252.08999633789065,21.365455627441406,33.099998474121094,295.8263244628906,390.418701171875,11.40999984741211
2023-02-21,,94.58000183105467,3.6997249126434326,16.222993850708008,314.0119323730469,36.38494491577149,10.998279571533203,91.03758239746094,246.82470703125,20.633228302001957,32.400001525878906,288.8225402832031,382.5865173339844,11.399999618530272
2023-02-22,,95.79000091552734,3.644150257110596,16.255022048950195,313.3199462890625,36.20849990844727,11.065140724182127,90.89871978759766,245.6915283203125,20.732118606567383,32.34000015258789,289.03863525390625,382.0592956542969,11.369999885559082
2023-02-23,,95.81999969482422,3.802936792373657,16.73546600341797,314.41021728515625,36.38494491577149,11.315858840942385,90.14494323730467,248.8761444091797,23.63905143737793,32.84000015258789,291.56317138671875,384.0916748046875,11.710000038146973
2023-02-24,,93.5,4.0014190673828125,16.599340438842773,311.0448303222656,35.56772232055664,11.240643501281738,88.39937591552734,243.4545135498047,23.261451721191406,33.0099983215332,286.68115234375,379.9885864257813,11.880000114440918
2023-02-27,,93.76000213623048,4.072873592376709,16.98369598388672,311.93603515625,35.75345230102539,11.45793628692627,89.13331604003906,244.37277221679688,23.47622299194336,33.459999084472656,288.734130859375,381.2828063964844,12.109999656677246
2023-02-28,,94.2300033569336,4.056994915008545,16.59133529663086,309.5755615234375,35.502716064453125,11.131997108459473,89.32176208496094,243.64991760253903,23.191526412963867,32.9900016784668,288.3608703613281,379.8735961914063,11.770000457763672
2023-03-01,,92.16999816894533,4.104630947113037,16.463214874267578,309.983154296875,36.26422119140625,11.215572357177734,89.61930084228516,240.57276916503903,22.6740779876709,33.52000045776367,286.0426940917969,378.4163818359375,12.100000381469728
2023-03-02,,92.12999725341795,3.834693431854248,15.3341703414917,313.2441711425781,36.394229888916016,10.42998218536377,91.24584197998048,245.30081176757807,23.28942108154297,32.310001373291016,288.40997314453125,381.3594055175781,11.550000190734863
2023-03-03,,94.9000015258789,3.9379048347473145,15.774577140808104,316.8178405761719,36.71926498413086,10.73084545135498,92.88232421875,249.3840789794922,23.86481475830078,32.4900016784668,294.3724670410156,387.47564697265625,11.93000030517578
2023-03-06,,93.75,4.041116237640381,16.28705406188965,317.2633972167969,36.5892448425293,10.897993087768556,94.3501968383789,250.9275360107422,23.5291690826416,34.0099983215332,294.7064819335937,387.74407958984375,12.710000038146973
2023-03-07,,93.5500030517578,3.882328987121582,15.894688606262209,311.7557067871094,35.97633361816406,10.588769912719728,93.09061431884766,248.27044677734372,23.26740074157715,33.08000183105469,291.09161376953125,381.8004150390625,11.800000190734863
2023-03-08,,93.91999816894533,4.128448009490967,16.63937759399414,311.39569091796875,36.12491989135742,11.014994621276855,93.47740936279295,247.8308563232422,24.15961265563965,33.08000183105469,292.5454406738281,382.4235534667969,12.050000190734863
2023-03-09,,92.25,3.91408634185791,15.91871166229248,306.2672119140625,35.32627487182617,10.49683952331543,91.56322479248048,246.4828186035156,23.41527366638184,31.920000076293945,287.476806640625,375.3679504394531,11.5600004196167
2023-03-10,,90.7300033569336,3.628271341323853,15.166015625,303.09149169921875,35.14054107666016,9.786465644836426,89.88707733154297,242.8390655517578,22.944692611694336,29.57999992370605,283.4395446777344,369.9515380859375,10.649999618530272
2023-03-13,,92.43000030517578,3.445666790008545,14.79767608642578,302.22882080078125,35.19626235961914,9.418741226196287,90.36315155029295,248.04579162597656,22.945690155029297,28.670000076293945,285.5416564941406,369.4242248535156,9.90999984741211
2023-03-14,,94.87999725341795,3.382152318954468,14.637528419494627,305.4234313964844,35.2148323059082,9.184733390808104,93.19970703125,254.75685119628903,24.04171562194824,28.82999992370605,292.1034240722656,375.5309448242188,9.779999732971191
2023-03-15,,96.1999969482422,3.12015438079834,13.460441589355469,302.9113464355469,34.611202239990234,8.616436004638672,95.32215881347656,259.2992858886719,24.20657157897949,27.3799991607666,293.6357727050781,373.1822509765625,9.270000457763672
2023-03-16,,100.04000091552734,3.2868802547454834,14.493396759033203,306.4283447265625,35.14054107666016,9.092801094055176,99.49765014648438,269.8103942871094,25.51841163635254,28.600000381469727,301.3762512207031,379.729736328125,9.520000457763672
2023-03-17,,98.9499969482422,3.0963363647460938,13.716673851013184,302.72900390625,34.92695236206055,8.725079536437988,100.7869873046875,272.965576171875,25.702247619628903,28.399999618530277,299.9518737792969,375.2897338867188,9.050000190734863
2023-03-20,,97.70999908447266,2.993124961853028,13.444424629211426,306.3407287597656,35.05696105957031,8.591360092163086,100.3902816772461,265.9321594238281,25.877092361450195,28.1299991607666,301.0163879394531,378.8983154296875,9.130000114440918
2023-03-21,,100.61000061035156,3.231304883956909,14.373282432556152,309.4965209960937,35.372703552246094,9.234878540039062,104.05994415283205,267.4462890625,26.175827026367188,29.350000381469727,305.31561279296875,383.8734130859375,9.81999969482422
2023-03-22,,98.6999969482422,3.159850835800171,14.020956993103027,304.3257751464844,35.51200866699219,8.975799560546875,102.52265167236328,265.9908447265625,26.4445915222168,28.299999237060547,301.1639404296875,377.329833984375,9.770000457763672
2023-03-23,,98.70999908447266,3.0407607555389404,13.644611358642578,304.9532165527344,36.00419235229492,8.842082023620605,104.734375,271.236572265625,27.16695213317871,28.020000457763672,304.7351379394531,378.3498229980469,9.65999984741211
2023-03-24,,98.12999725341795,3.080458164215088,13.636604309082031,306.35986328125,35.91132736206055,8.900583267211914,104.57569122314452,274.07928466796875,26.75531578063965,29.0,305.856689453125,380.8325805664063,9.619999885559082
2023-03-27,,98.04000091552734,3.215426445007324,14.45335578918457,308.2514038085937,35.716312408447266,9.35188102722168,101.62010955810548,269.9862060546875,26.50753593444824,30.799999237060547,303.7611999511719,381.544677734375,10.3100004196167
2023-03-28,,97.23999786376952,3.27100157737732,14.573471069335938,307.7760925292969,36.22706604003906,9.527385711669922,100.20182800292967,268.86279296875,26.38664054870605,32.58000183105469,302.1477966308594,380.6882629394531,10.829999923706056
2023-03-29,,100.25,3.3345160484313965,14.877750396728516,310.8841552734375,36.3292236328125,9.719605445861816,100.5588836669922,274.0206604003906,26.960132598876957,32.93000030517578,307.6571044921875,386.2214965820313,11.229999542236328
2023-03-30,,102.0,3.3027584552764893,14.877750396728516,312.2148132324219,36.69139862060547,9.527385711669922,100.06298065185548,277.47869873046875,27.35877799987793,32.720001220703125,310.5691833496094,388.48291015625,11.43000030517578
2023-03-31,,103.29000091552734,3.112215280532837,14.261178970336914,316.1498718261719,36.64496612548828,9.17637538909912,102.87969970703124,281.6304626464844,27.75243186950684,32.97999954223633,315.7341613769531,393.9584655761719,10.979999542236328
2023-04-03,,102.41000366210938,3.207486629486084,14.757640838623049,319.27691650390625,36.71926498413086,9.493955612182615,103.50453186035156,280.585205078125,27.94026756286621,34.630001068115234,314.9666748046875,395.4595947265625,11.649999618530272
2023-04-04,,103.9499969482422,3.1519112586975098,14.34125518798828,317.404541015625,36.71926498413086,9.268306732177734,103.861572265625,280.5362854003906,27.4287166595459,33.29999923706055,313.904296875,393.2655944824219,11.399999618530272
2023-04-05,,101.0999984741211,3.1519112586975098,14.437342643737791,318.2408752441406,36.43137741088867,9.268306732177734,103.61363220214844,277.7620544433594,26.85722541809082,33.849998474121094,310.8052978515625,392.2359008789063,11.470000267028809
2023-04-06,,102.05999755859376,3.112215280532837,14.245166778564451,318.3170471191406,36.57996368408203,9.142946243286133,107.53125762939452,284.8540954589844,27.013086318969727,33.709999084472656,312.9008178710937,393.7659301757813,11.15999984741211
2023-04-10,,102.16999816894533,3.2868802547454834,14.421327590942385,319.3244934082031,36.61710739135742,9.30173683166504,105.5674819946289,282.6952209472656,27.55460548400879,34.41999816894531,312.7236633300781,394.1701354980469,12.300000190734863
2023-04-11,,99.91999816894533,3.525059461593628,14.9978609085083,320.2179870605469,36.83998489379883,9.736320495605469,104.48641967773438,276.2869567871094,27.144968032836918,34.540000915527344,310.7167663574219,394.2760009765625,12.40999984741211
2023-04-12,,97.83000183105467,3.65208911895752,15.654464721679688,319.9422302246094,36.57996368408203,10.329691886901855,103.78224182128906,276.9316711425781,26.47156524658203,36.40999984741211,307.9718933105469,392.6689453125,12.539999961853027
2023-04-13,,102.4000015258789,3.707664012908936,16.046831130981445,323.51611328125,37.08143615722656,10.396552085876465,106.5493621826172,283.134765625,26.43959617614746,36.95000076293945,314.0026550292969,397.8846435546875,12.350000381469728
2023-04-14,,102.51000213623048,3.890267848968506,16.623363494873047,322.06182861328125,36.88642120361328,10.638912200927734,107.97756958007812,279.5204162597656,26.73433303833008,37.560001373291016,313.412353515625,396.9127197265625,12.449999809265137
2023-04-17,,102.73999786376952,3.985540866851807,16.903623580932617,323.08837890625,37.04429244995117,10.80606174468994,105.10134887695312,282.1188049316406,26.978116989135746,37.630001068115234,313.6780090332031,398.3369445800781,12.279999732971191
2023-04-18,,102.3000030517578,3.882328987121582,16.006790161132812,322.974365234375,36.997859954833984,10.34640884399414,103.64338684082033,281.69879150390625,27.64253234863281,36.63999938964844,313.6976928710937,398.59674072265625,12.220000267028809
2023-04-19,,104.3000030517578,3.5885746479034424,14.64553451538086,322.2044982910156,36.62639617919922,9.7279634475708,103.32601165771484,281.7770080566406,27.906295776367188,35.15999984741211,313.55010986328125,398.5294189453125,11.5600004196167
2023-04-20,,103.80999755859376,3.66002893447876,14.893763542175291,321.21588134765625,36.5706787109375,9.920183181762695,104.42692565917967,279.4910583496094,27.08002471923828,35.189998626708984,311.1594543457031,396.3546142578125,11.479999542236328
2023-04-21,,106.95999908447266,3.5409388542175293,14.469372749328612,321.5430603027344,36.22706604003906,9.74467658996582,104.54593658447266,279.14923095703125,27.095016479492188,34.29999923706055,311.4841003417969,396.6625671386719,11.300000190734863
2023-04-24,,106.20999908447266,3.556817054748535,14.533432006835938,322.151611328125,36.14348983764648,9.778105735778809,105.10134887695312,275.25152587890625,27.018081665039062,34.77000045776367,310.8348388671875,397.0763549804688,11.43000030517578
2023-04-25,,102.56999969482422,3.509181261062622,14.509411811828612,318.8993225097656,35.46556854248047,9.719605445861816,102.99871063232422,269.0484313964844,26.21779060363769,34.40999984741211,304.9713134765625,390.773193359375,11.119999885559082
2023-04-26,,104.9800033569336,3.493302345275879,14.3812894821167,316.6359558105469,35.66987609863281,9.602603912353516,102.85987091064452,288.536865234375,26.93215560913086,34.43000030517578,306.82080078125,389.1180725097656,11.020000457763672
2023-04-27,,109.81999969482422,3.429788589477539,14.109041213989258,321.62860107421875,36.15278244018555,9.594243049621582,106.7080535888672,297.778076171875,27.201923370361328,34.2599983215332,315.16357421875,396.8646240234375,11.079999923706056
2023-04-28,,105.4499969482422,3.3980307579040527,14.165093421936035,324.320068359375,36.33850860595703,9.62767505645752,106.4601058959961,300.1518249511719,27.724454879760746,34.13999938964844,317.3377685546875,400.25189208984375,11.119999885559082
2023-05-01,,102.0500030517578,3.3027584552764893,13.788742065429688,323.68280029296875,36.21778106689453,9.36023998260498,106.32125091552734,298.4911193847656,28.884424209594727,33.41999816894531,316.9737854003906,399.8477478027344,10.970000267028809
2023-05-02,,103.62999725341795,3.255122661590576,13.908855438232422,320.3638610839844,35.86489486694336,9.519028663635254,104.4566650390625,298.3446044921875,28.185047149658203,33.84000015258789,314.20928955078125,395.3537902832031,10.8100004196167
2023-05-03,,103.6500015258789,3.175729513168335,13.772729873657228,317.73907470703125,35.80917739868164,9.443812370300291,104.54593658447266,297.35797119140625,27.77741432189941,33.25,312.153076171875,392.6400146484375,10.619999885559082
2023-05-04,,104.0,3.072518110275269,13.460441589355469,315.0953369140625,36.09706115722656,9.134589195251465,103.83184051513672,298.3446044921875,27.53762435913086,32.529998779296875,311.0512390136719,389.8590087890625,10.539999961853027
2023-05-05,,105.66000366210938,3.2868802547454834,14.253171920776367,320.230712890625,36.57996368408203,9.74467658996582,104.70462036132812,303.4634094238281,28.65463256835937,34.130001068115234,317.6624450683594,397.0763549804688,11.390000343322754
2023-05-08,,105.83000183105467,3.3662726879119877,14.357267379760742,319.7457580566406,36.59853744506836,9.970325469970703,106.88656616210938,301.5096130371094,29.12521743774414,33.810001373291016,318.449462890625,397.1821899414063,11.520000457763672
2023-05-09,,106.62000274658205,3.413909435272217,14.725608825683594,319.3177795410156,36.37565994262695,10.145828247070312,106.47002410888672,299.8977966308594,28.545730590820312,34.470001220703125,316.43267822265625,395.4403381347656,11.739999771118164
2023-05-10,,110.19000244140624,3.485363006591797,14.66154956817627,319.0513916015625,36.35708999633789,10.321333885192873,110.83395385742188,305.0849609375,28.85944938659668,35.150001525878906,319.87603759765625,397.28802490234375,11.649999618530272
2023-05-11,,112.18000030517578,3.6044530868530273,14.869742393493652,316.9972839355469,36.22706604003906,10.655630111694336,115.6144561767578,302.93585205078125,28.552722930908203,36.2400016784668,320.9188842773437,396.59521484375,11.75
2023-05-12,,110.26000213623048,3.628271341323853,14.79767608642578,316.8736267089844,35.799888610839844,10.354765892028809,116.54673767089844,301.8222351074219,28.31493377685547,37.36000061035156,319.767822265625,396.0755310058594,11.359999656677246
2023-05-15,,111.1999969482422,3.620331525802612,14.653541564941406,317.4158020019531,36.45924377441406,10.237763404846191,115.55494689941406,302.3009033203125,28.927387237548828,36.59999847412109,321.4992370605469,397.4420166015625,11.130000114440918
2023-05-16,,113.4000015258789,3.429788589477539,13.708670616149902,314.1633605957031,36.19921112060547,9.48559856414795,118.53035736083984,304.5281982421875,29.18716049194336,35.130001068115234,321.86334228515625,394.7860412597656,10.800000190734863
2023-05-17,,115.5,3.556817054748535,14.269187927246094,318.2145690917969,36.36637115478516,9.895109176635742,119.84944915771484,307.4064025878906,30.151308059692383,35.70000076293945,325.7591552734375,399.5782775878906,11.0600004196167
2023-05-18,,118.1500015258789,3.413909435272217,13.860811233520508,319.5935363769531,36.17135238647461,9.636030197143556,121.8231430053711,311.83154296875,31.649982452392575,35.15999984741211,331.80963134765625,403.4275207519531,10.880000114440918
2023-05-19,,116.25,3.42184853553772,14.149077415466309,318.503173828125,36.19921112060547,9.69453239440918,121.75371551513672,311.6552429199219,31.236352920532227,36.119998931884766,331.0619201660156,402.8405151367188,10.8100004196167
2023-05-22,,115.01000213623048,3.3583340644836426,13.79675006866455,317.2737121582031,36.49638366699219,9.502311706542969,124.02494049072266,314.4356994628906,31.14842796325684,35.77000045776367,332.17364501953125,403.004150390625,10.800000190734863
2023-05-23,,114.98999786376952,3.461545467376709,14.125052452087402,315.0912170410156,35.92989730834961,9.577529907226562,121.55534362792967,308.6399841308594,30.660858154296875,36.290000915527344,327.962890625,398.4813232421875,11.170000076293944
2023-05-24,,116.75,3.5012412071228027,14.20512866973877,312.61328125,35.66059112548828,9.82824993133545,119.90895080566406,307.25958251953125,30.510988235473636,36.709999084472656,326.2806091308594,395.5943908691406,11.380000114440918
2023-05-25,,115.0,3.445666790008545,14.085016250610352,312.365478515625,35.58629608154297,9.74467658996582,122.4677963256836,319.0761413574219,37.94640350341797,36.72999954223633,334.219970703125,399.0201416015625,11.0600004196167
2023-05-26,,120.11000061035156,3.493302345275879,14.069002151489258,315.3104248046875,36.21778106689453,9.761391639709473,123.58855438232422,325.8998107910156,38.91155624389648,36.68999862670898,342.75946044921875,404.1876525878906,11.119999885559082
2023-05-30,,121.66000366210938,3.556817054748535,14.397305488586426,315.00543212890625,35.799888610839844,10.12075901031494,122.65625,324.25494384765625,40.07552337646485,37.459999084472656,344.3139038085937,404.3417053222656,11.279999732971191
2023-05-31,,120.58000183105467,3.4774231910705566,14.060995101928713,314.0524597167969,35.46556854248047,10.306572914123535,121.86280822753906,321.4943542480469,37.80053329467773,37.0,342.35601806640625,402.09954833984375,10.989999771118164
2023-06-01,,122.7699966430664,3.6044530868530273,14.67756462097168,315.40582275390625,36.09706115722656,10.497594833374023,122.7058334350586,325.5962829589844,39.73482894897461,38.38999938964844,346.31103515625,405.919921875,11.300000190734863
2023-06-02,,124.25,3.580635070800781,14.74162483215332,322.2011108398437,36.71926498413086,10.26315689086914,123.64805603027344,328.3570861816406,39.29221725463867,38.52000045776367,348.9082336425781,411.78997802734375,11.479999542236328
2023-06-05,,125.3000030517578,3.707664012908936,15.3742094039917,320.3521728515625,36.70997619628906,10.70598316192627,124.97706604003906,328.8857421875,39.1363639831543,39.13999938964844,349.1541748046875,411.0008850097656,11.729999542236328
2023-06-06,,126.61000061035156,4.160205841064453,17.528200149536133,320.39031982421875,37.03500747680664,12.09524154663086,126.2664031982422,326.6731262207031,38.61981201171875,40.83000183105469,349.0951843261719,411.8958435058594,12.460000038146973
2023-06-07,,121.2300033569336,4.318992614746094,17.976612091064453,321.3433837890625,36.87590026855469,12.590166091918944,121.49584197998048,316.5895080566406,37.44572448730469,40.130001068115234,343.1726379394531,410.47161865234375,12.529999732971191
2023-06-08,,124.25,4.160205841064453,17.504173278808594,322.9062805175781,37.13796615600586,12.746460914611816,121.13878631591795,318.4299621582031,38.479923248291016,39.470001220703125,347.4324951171875,412.9543151855469,12.619999885559082
2023-06-09,,123.43000030517578,4.271356105804443,17.456134796142578,323.3446960449219,37.30643081665039,12.859336853027344,121.22805786132812,319.9278564453125,38.73971176147461,39.13999938964844,348.7607116699219,413.6952819824219,12.550000190734863
2023-06-12,,126.56999969482422,4.239599227905273,17.624286651611328,325.15557861328125,37.38130569458008,12.676996231079102,122.6264877319336,324.881591796875,39.45115661621094,38.77999877929688,354.6536865234375,417.4483947753906,12.390000343322754
2023-06-13,,126.66000366210938,4.287234783172607,17.992630004882812,326.53759765625,37.75568389892578,13.18060302734375,122.81494140625,327.2703857421875,40.98995971679688,38.54999923706055,357.3788146972656,420.2005310058594,12.399999618530272
2023-06-14,,126.41999816894533,4.366628646850586,17.85650062561035,324.4408264160156,38.03646087646485,13.484502792358398,122.65625,330.2563171386719,42.96342086791992,38.18999862670898,359.9761657714844,420.700927734375,12.5
2023-06-15,,127.11000061035156,4.422203540802002,18.657241821289062,328.5865783691406,38.392120361328125,13.857867240905762,124.06460571289062,340.7903747558594,42.61968994140625,38.34000015258789,364.2655029296875,425.9166259765625,13.449999809265137
2023-06-16,,125.48999786376952,4.676261901855469,19.59410858154297,327.5893249511719,38.26108169555664,14.648006439208984,122.51739501953124,335.1415100097656,42.65865707397461,40.90999984741211,361.9732666015625,424.4658508300781,14.550000190734863
2023-06-20,,125.77999877929688,4.858865737915039,20.75517845153809,325.2109069824219,37.5123405456543,14.89112663269043,122.0909194946289,330.951416015625,43.77378845214844,42.77000045776367,361.4550476074219,422.263671875,14.539999961853027
2023-06-21,,124.83000183105467,4.977956295013428,21.403779983520508,324.2270202636719,37.33450698852539,15.455514907836914,119.56182861328124,326.5556640625,43.01137161254883,43.79999923706055,356.5292358398437,420.10003662109375,15.449999809265137
2023-06-22,,130.14999389648438,4.747715473175049,20.162633895874023,324.1410827636719,37.2034797668457,14.326739311218262,122.14051055908205,332.5765075683594,42.99139404296875,42.09000015258789,360.7358703613281,421.6165161132813,14.729999542236328
2023-06-23,,129.3300018310547,4.842988014221191,20.26673126220703,322.0587463378906,36.6606330871582,14.569862365722656,121.3371353149414,327.9850158691406,42.1760368347168,42.040000915527344,357.15972900390625,418.4291076660156,14.789999961853027
2023-06-26,,127.33000183105467,5.009714126586914,22.036365509033203,322.03955078125,36.78230285644531,15.255807876586914,117.36993408203124,321.6998291015625,40.60026168823242,42.38999938964844,352.3718566894531,416.7195129394531,15.399999618530272
2023-06-27,,129.17999267578125,4.842988014221191,21.179576873779297,324.0360107421875,37.156681060791016,14.561179161071776,117.36002349853516,327.54449462890625,41.8432846069336,41.79999923706055,358.4305725097656,421.2881164550781,14.989999771118164
2023-06-28,,129.0399932861328,4.874744892120361,21.171566009521484,323.4628601074219,36.93205261230469,14.648006439208984,119.1948471069336,328.797607421875,41.08489227294922,41.7400016784668,359.13006591796875,421.5006103515625,14.770000457763672
2023-06-29,,127.9000015258789,4.914441108703613,21.331716537475582,325.8795166015625,36.73550796508789,14.96927261352539,118.12369537353516,328.0143737792969,40.79011154174805,42.36000061035156,358.4109191894531,423.161865234375,15.1899995803833
2023-06-30,,130.36000061035156,4.866805076599121,21.13152885437012,328.4490966796875,37.0256462097168,14.934542655944824,118.71878051757812,333.3891296386719,42.26895523071289,43.31999969482422,363.9376831054688,428.155517578125,14.890000343322754
2023-07-03,,130.22000122070312,4.914441108703613,21.019426345825195,328.65924072265625,37.437461853027344,15.03005313873291,118.91714477539062,330.89263916015625,42.37987518310547,42.81999969482422,364.7947692871094,428.6481018066406,14.890000343322754
2023-07-05,,130.3800048828125,4.9065022468566895,20.94736099243164,327.4556579589844,37.21283721923828,15.14293098449707,120.75198364257812,331.0493469238281,42.28395462036133,43.650001525878906,364.7848510742188,428.0106506347656,15.149999618530272
2023-07-06,,128.36000061035156,4.485718250274658,19.369903564453125,324.0360107421875,36.45473098754883,13.988109588623049,119.12542724609376,334.103759765625,42.07011795043945,40.970001220703125,362.0067443847656,424.6590576171875,14.050000190734863
2023-07-07,,129.77999877929688,4.700079917907715,20.066547393798828,322.3166198730469,36.86653900146485,14.404888153076172,118.5005874633789,330.13885498046875,42.46979522705078,41.63999938964844,360.8048706054688,423.5868835449219,14.369999885559082
2023-07-10,,127.12999725341795,4.620687007904053,19.474000930786133,324.3703308105469,36.894622802734375,14.151337623596191,115.49542236328124,324.8620300292969,42.14705657958984,41.310001373291016,360.9230346679688,424.6590576171875,14.510000228881836
2023-07-11,,128.77999877929688,4.628625869750977,19.762264251708984,327.2932434082031,37.26898956298828,14.326804161071776,116.17977142333984,325.48858642578125,42.37187957763672,41.5,362.7062072753906,427.3634948730469,14.420000076293944
2023-07-12,,130.8000030517578,4.676261901855469,20.41887092590332,328.23895263671875,38.10197830200195,14.65141773223877,117.9551010131836,330.1192932128906,43.86771774291992,43.18999862670898,367.2872009277344,430.8020324707031,14.9399995803833
2023-07-13,,134.3000030517578,4.763594150543213,21.283668518066406,328.5158996582031,38.598026275634766,15.239229202270508,123.51911926269533,335.464599609375,45.94108963012695,43.54999923706055,373.5232543945313,434.2212524414063,15.170000076293944
2023-07-14,,134.67999267578125,4.453960418701172,19.96245002746582,329.7099609375,38.382755279541016,14.282938957214355,124.39189910888672,337.99041748046875,45.43348693847656,42.77999877929688,373.4444580078125,433.9508056640625,14.479999542236328
2023-07-17,,133.55999755859375,4.771533966064453,21.30447196960449,330.3594665527344,38.42955780029297,15.063763618469238,123.62822723388672,338.4701538085937,46.42470932006836,44.869998931884766,376.9318542480469,435.45751953125,15.239999771118164
2023-07-18,,132.8300018310547,4.739775657653809,21.328937530517575,333.9224853515625,38.14876937866211,15.29186725616455,122.74549865722656,351.94122314453125,47.45689392089844,44.709999084472656,380.0154418945313,438.69329833984375,15.479999542236328
2023-07-19,,135.36000061035156,4.5571722984313965,20.864362716674805,334.9826965332031,38.07389831542969,15.002349853515623,121.02969360351562,347.62384033203125,47.04022979736328,43.900001525878906,379.92681884765625,439.6688232421875,15.350000381469728
2023-07-20,,129.9600067138672,4.676261901855469,21.237682342529297,336.6447448730469,37.793113708496094,15.26555061340332,118.22288513183594,339.58624267578125,45.48445129394531,43.88999938964844,371.168701171875,436.75189208984375,15.25
2023-07-21,,130.0,4.83585262298584,21.83498954772949,336.623779296875,37.73695755004883,15.66034698486328,119.0361557006836,336.5513000488281,44.27438735961914,44.619998931884766,370.0555114746094,436.75189208984375,15.460000038146973
2023-07-24,,128.8000030517578,4.747636795043945,21.295751571655277,338.4686889648437,38.25172805786133,15.248002052307127,120.5337905883789,337.8631591796875,44.57715606689453,44.25,370.6466369628906,438.7029418945313,15.630000114440918
2023-07-25,,129.1300048828125,4.731597900390625,21.62759017944336,338.707763671875,38.5699462890625,15.511200904846191,121.20822143554688,343.60992431640625,45.6433219909668,44.060001373291016,373.1587524414063,439.900634765625,15.630000114440918
2023-07-26,,128.14999389648438,4.83585262298584,21.73543739318848,339.59674072265625,38.79457092285156,15.581391334533691,128.21034240722656,330.67730712890625,45.41649627685547,43.68999862670898,371.9174499511719,439.9682922363281,15.399999618530272
2023-07-27,,128.25,4.434870719909668,20.43297004699707,337.2259521484375,38.31724166870117,14.49349880218506,128.3392791748047,323.7753295898437,45.8641471862793,41.2400016784668,371.0308532714844,437.0512390136719,14.350000381469728
2023-07-28,,132.2100067138672,4.555164337158203,20.955615997314453,338.8606872558594,39.24381637573242,14.813331604003906,131.49319458007812,331.26470947265625,46.713478088378906,41.18000030517578,377.7890319824219,441.3301696777344,14.59000015258789
2023-07-31,,133.67999267578125,4.539125442504883,20.87265968322754,339.9025573730469,39.26253890991211,15.017104148864746,131.63206481933594,328.8661499023437,46.692508697509766,42.0,377.9860229492188,442.1704711914063,14.890000343322754
2023-08-01,,131.69000244140625,4.402791500091553,21.237682342529297,340.5048828125,38.7664909362793,14.52096176147461,130.47164916992188,329.27734375,46.47067642211914,42.869998931884766,377.1092529296875,440.9051818847656,14.68000030517578
2023-08-02,,128.2100067138672,4.202300071716309,20.30853271484375,337.1972351074219,37.83990859985352,14.00710391998291,127.32762908935548,320.6229248046875,44.23442459106445,41.43000030517578,368.83392333984375,434.7718200683594,14.260000228881836
2023-08-03,,128.91000366210938,4.114084720611572,20.009878158569336,336.4803466796875,37.98966217041016,13.891928672790527,127.39705657958984,319.80059814453125,44.48023223876953,40.02999877929688,368.2427673339844,433.52581787109375,14.0
2023-08-04,,139.57000732421875,4.226358890533447,20.603376388549805,335.1993408203125,37.942867279052734,14.485525131225586,127.05984497070312,320.8970642089844,44.64510726928711,40.31999969482422,366.5188293457031,431.5651245117188,14.06999969482422
2023-08-07,,142.22000122070312,4.186259746551514,20.4427433013916,338.99444580078125,37.8867073059082,14.264032363891602,130.45181274414062,323.1781616210937,45.38152313232422,40.720001220703125,369.6220397949219,435.33197021484375,13.949999809265137
2023-08-08,,139.94000244140625,4.354673385620117,21.102182388305664,337.46490478515625,37.428104400634766,14.82219123840332,130.32286071777344,319.203369140625,44.62910842895508,41.15999984741211,366.4793701171875,433.43890380859375,14.329999923706056
2023-08-09,,137.85000610351562,4.274477481842041,20.9330997467041,335.8016052246094,37.52169799804688,14.715877532958984,128.59713745117188,315.4636535644531,42.5207633972168,41.75,362.4500427246094,430.5412902832031,14.329999923706056
2023-08-10,,138.55999755859375,4.354673385620117,21.72780990600586,336.3847045898437,37.57785415649414,15.247455596923828,128.62692260742188,316.14892578125,42.35489273071289,42.900001525878906,363.1199340820313,430.69580078125,14.390000343322754
2023-08-11,,138.41000366210938,4.390514373779297,21.575632095336918,337.4457702636719,37.0256462097168,14.85762882232666,128.4979705810547,314.2692565917969,40.82308578491211,44.75,360.8048706054688,430.4446411132813,14.510000228881836
2023-08-14,,140.57000732421875,4.333494663238525,19.90166282653809,337.6465759277344,36.84782028198242,13.998244285583496,130.25344848632812,317.235595703125,43.71882629394531,43.63999938964844,364.8538208007813,432.82073974609375,14.229999542236328
2023-08-15,,137.6699981689453,4.219454765319824,19.698753356933597,334.2052001953125,36.42665100097656,13.865349769592283,128.7161407470703,315.10137939453125,43.90568161010742,44.79999923706055,360.982177734375,427.7788696289063,14.06999969482422
2023-08-16,,135.07000732421875,4.227601051330566,19.817115783691406,332.4461975097656,36.09907531738281,14.13113784790039,127.64501190185548,314.33612060546875,43.4520378112793,45.0099983215332,357.15972900390625,424.63970947265625,14.630000114440918
2023-08-17,,133.97999572753906,4.015813827514648,19.32578468322754,329.8556823730469,36.18330764770508,13.572979927062988,128.85501098632812,310.8828125,43.31015396118164,44.43000030517578,353.2585144042969,421.404052734375,14.739999771118164
2023-08-18,,133.22000122070312,4.015813827514648,19.455081939697266,330.40142822265625,35.939964294433594,13.440086364746094,126.41516876220705,310.4903564453125,43.26518249511719,44.75,352.8152160644531,421.6068420410156,14.59000015258789
2023-08-21,,134.67999267578125,3.975084781646729,19.08442497253418,329.9706420898437,36.024200439453125,13.316049575805664,127.31771087646484,315.78814697265625,46.93031311035156,44.040000915527344,358.49957275390625,424.3499755859375,14.399999618530272
2023-08-22,,134.25,4.080978870391846,19.946413040161133,328.3335266113281,35.94932174682617,13.767892837524414,128.02191162109375,316.357177734375,45.63232803344727,46.72999954223633,357.9872436523437,423.2005615234375,14.619999885559082
2023-08-23,,135.52000427246094,4.219454765319824,20.429128646850582,330.123779296875,36.52024841308594,14.644997596740724,131.28492736816406,320.8112487792969,47.079200744628906,47.310001373291016,363.6322326660156,427.9140319824219,15.029999732971191
2023-08-24,,131.83999633789062,4.189706802368164,20.713586807250977,326.48590087890625,36.37985229492188,14.17401885986328,128.7161407470703,313.914306640625,47.12615585327149,46.310001373291016,355.859375,421.9835815429688,14.6899995803833
2023-08-25,,133.25999450683594,4.495463848114014,21.299734115600582,328.8504638671875,36.41728973388672,14.78173542022705,128.8153533935547,316.8673400878906,45.982059478759766,45.77000045776367,358.6177673339844,424.9584655761719,14.75
2023-08-28,,133.13999938964844,4.8177490234375,22.91165542602539,330.9662170410156,36.772945404052734,15.916728019714355,129.93606567382812,317.57373046875,46.79841232299805,47.68999862670898,361.3171081542969,427.6532897949219,14.899999618530272
2023-08-29,,134.91000366210938,4.933441162109375,23.265071868896484,333.7521667480469,37.24091720581055,16.30995750427246,133.46688842773438,322.194580078125,48.74589157104492,48.18999862670898,369.208251953125,433.83489990234375,14.84000015258789
2023-08-30,,135.07000732421875,4.751639366149902,22.99785614013672,334.4988708496094,37.11924362182617,16.211645126342773,134.76617431640625,322.5673522949219,49.22551727294922,47.09999847412109,371.2672424316406,435.6217956542969,14.609999656677246
2023-08-31,,138.00999450683594,4.726848125457764,22.97199249267578,332.9766540527344,36.6606330871582,16.15802764892578,135.05377197265625,321.556884765625,49.31644821166992,45.560001373291016,372.3804931640625,434.9842834472656,14.4399995803833
2023-09-01,,138.1199951171875,4.536782264709473,22.46342086791992,334.0968017578125,37.09116744995117,15.711179733276367,134.54795837402344,322.4397888183594,48.47111129760742,45.83000183105469,371.9864196777344,435.795654296875,14.210000038146973
2023-09-05,,137.27000427246094,4.404562950134277,21.351457595825195,332.1820373535156,36.79166412353516,15.023031234741213,134.65704345703125,327.2372436523437,48.51008224487305,43.9900016784668,372.4593200683594,433.91217041015625,13.649999618530272
2023-09-06,,135.36000061035156,4.4128265380859375,20.946319580078125,330.2864990234375,36.58576202392578,14.80854320526123,133.35780334472656,326.5799255371094,47.02811813354492,42.90999984741211,369.1787109375,430.9952087402344,13.470000267028809
2023-09-07,,137.85000610351562,4.379772186279297,20.601524353027344,330.9470520019531,36.15522766113281,14.594056129455566,134.1512451171875,323.66619873046875,46.20868682861328,40.83000183105469,366.5384826660156,429.6719665527344,13.09000015258789
2023-09-08,,138.22999572753906,4.0657501220703125,19.89469337463379,331.7320556640625,36.2301025390625,14.17401885986328,135.26205444335938,327.94366455078125,45.54015350341797,38.84000015258789,367.0506896972656,430.319091796875,12.65999984741211
2023-09-11,,143.10000610351562,4.040958881378174,19.78263664245605,332.555419921875,36.67934799194336,14.066776275634766,135.79763793945312,331.544189453125,45.14643096923828,37.86000061035156,371.3756103515625,433.1491088867188,12.06999969482422
2023-09-12,,141.22999572753906,4.148387432098389,20.07571220397949,332.4022827148437,36.56704330444336,14.272327423095703,134.23057556152344,325.490966796875,44.83864212036133,39.91999816894531,367.2576599121094,430.7731018066406,12.449999809265137
2023-09-13,,144.85000610351562,4.12359619140625,20.282594680786133,331.7703552246094,36.52024841308594,14.343822479248049,135.58935546875,329.69976806640625,45.45322036743164,40.7400016784668,368.6565856933594,431.2752990722656,12.84000015258789
2023-09-14,,144.72000122070312,4.222761631011963,20.68772315979004,335.01593017578125,36.76358795166016,14.50468635559082,136.96795654296875,332.28985595703125,45.54915237426758,41.40999984741211,371.6710815429688,434.993896484375,12.93000030517578
2023-09-15,,140.38999938964844,4.181442737579346,20.36878967285156,332.2542724609375,36.62319946289063,14.18295669555664,136.27371215820312,323.97027587890625,43.869327545166016,40.43999862670898,365.30706787109375,429.7530517578125,12.710000038146973
2023-09-18,,139.97999572753906,4.297134399414063,21.10147857666016,332.2637634277344,36.57640075683594,14.57618236541748,137.07705688476562,322.8323059082031,43.93528366088867,42.09999847412109,365.6878356933594,430.0050354003906,13.079999923706056
2023-09-19,,137.6300048828125,4.173179626464844,20.317068099975582,331.2271728515625,36.36112976074219,14.111461639404297,136.908447265625,322.4300231933594,43.48958969116211,41.47999954223633,364.9084167480469,429.11328125,12.9399995803833
2023-09-20,,135.2899932861328,4.057486057281494,19.848295211791992,330.5072326660156,36.21138381958008,13.682486534118652,132.64370727539062,314.6991577148437,42.2094841003418,40.33000183105469,359.64990234375,425.1683044433594,12.789999961853027
2023-09-21,,129.3300018310547,3.999640703201294,19.5586051940918,326.9172668457031,35.584312438964844,13.360756874084473,129.37075805664062,313.4825744628906,40.98833465576172,40.15999984741211,353.0595092773437,418.1409301757813,13.119999885559082
2023-09-22,,129.1199951171875,3.90047550201416,19.181127548217773,325.9573974609375,36.0054817199707,13.185138702392578,129.18231201171875,311.0102844238281,41.58092498779297,40.11000061035156,353.10888671875,417.2007446289063,12.869999885559082
2023-09-25,,131.27000427246094,3.768256902694702,18.76853370666504,326.3413391113281,35.846370697021484,12.869916915893556,130.03526306152344,311.5302734375,42.1924934387207,39.0,354.7860107421875,418.9551696777344,12.579999923706056
2023-09-26,,125.9800033569336,3.669091701507568,18.215484619140625,322.5594787597656,35.34096145629883,12.464637756347656,127.5160903930664,306.232421875,41.88172149658203,38.5099983215332,349.45849609375,412.8002014160156,12.210000038146973
2023-09-27,,125.9800033569336,3.6360366344451904,18.20670509338379,321.97393798828125,35.397117614746094,12.39258861541748,129.4699249267578,306.8702087402344,42.438323974609375,39.04999923706055,350.27740478515625,412.96490478515625,12.6899995803833
2023-09-28,,125.9800033569336,3.7064766883850098,18.276933670043945,323.1161804199219,35.49070739746094,12.491656303405762,131.22543334960938,307.7041320800781,43.05888366699219,38.77000045776367,353.2076110839844,415.3590698242188,12.619999885559082
2023-09-29,,127.12000274658205,3.480062961578369,17.3200740814209,321.51318359375,35.518795013427734,11.753143310546877,129.7873077392578,309.77410888671875,43.46859359741211,37.36000061035156,353.4640197753906,414.3510437011719,12.25
2023-10-02,,129.4600067138672,3.471677303314209,16.951372146606445,320.6877136230469,35.34096145629883,11.392892837524414,133.07015991210938,315.7096252441406,44.75070571899414,37.02999877929688,356.4139099121094,414.1862487792969,12.119999885559082
2023-10-03,,124.72000122070312,3.371049165725708,16.134967803955078,316.74249267578125,34.87299346923828,10.915565490722656,131.34445190429688,307.4588928222656,43.48659133911133,36.18999862670898,350.15899658203125,408.6418762207031,11.640000343322754
2023-10-04,,127.0,3.421363115310669,16.407106399536133,317.7120056152344,34.77004623413086,11.050657272338867,134.1313934326172,312.9234313964844,44.01022338867188,36.43000030517578,354.9241638183594,411.61767578125,11.460000038146973
2023-10-05,,125.95999908447266,3.547148466110229,16.591453552246094,317.884765625,34.90107345581055,11.419912338256836,133.9628143310547,313.3158569335937,44.656776428222656,36.93999862670898,353.8783874511719,411.4625854492188,11.489999771118164
2023-10-06,,127.95999908447266,3.5890769958496094,16.652902603149414,320.697265625,35.4064826965332,11.500967979431152,136.45220947265625,321.0663146972656,45.73002624511719,37.540000915527344,359.80780029296875,416.3478088378906,11.399999618530272
2023-10-09,,128.25999450683594,3.5555341243743896,16.161304473876953,322.6073303222656,35.23801040649414,11.149724960327148,137.28530883789062,323.5778503417969,45.24136352539063,38.47999954223633,361.642822265625,419.0132751464844,11.970000267028809
2023-10-10,,129.47999572753906,3.480062961578369,15.976954460144045,323.9128723144531,35.74341583251953,10.834506034851074,136.92828369140625,322.1750183105469,45.76599884033203,39.59000015258789,363.64556884765625,421.1942443847656,12.079999923706056
2023-10-11,,131.8300018310547,3.572305917739868,16.117412567138672,324.4695739746094,35.968040466308594,11.16773796081543,139.39788818359375,326.1286315917969,46.77329635620117,40.93999862670898,366.2402648925781,422.9195556640625,12.5
2023-10-12,,132.3300018310547,3.5555341243743896,15.985735893249512,322.7801818847656,35.56558990478516,10.89755153656006,137.83084106445312,324.8925170898437,46.91219329833984,40.90999984741211,364.9676208496094,420.34124755859375,12.859999656677246
2023-10-13,,129.7899932861328,3.43813419342041,15.862834930419922,323.1737670898437,35.4345588684082,10.74444580078125,136.23403930664062,321.5274658203125,45.42922592163086,39.65999984741211,360.3800048828125,418.2475891113281,12.739999771118164
2023-10-16,,132.5500030517578,3.5136053562164307,16.67045783996582,326.2549743652344,35.696617126464844,11.347864151000977,137.95977783203125,326.344482421875,46.06279373168945,40.40999984741211,364.45458984375,422.648193359375,12.979999542236328
2023-10-17,,131.47000122070312,3.614233732223511,17.144502639770508,326.3510131835937,35.603023529052734,11.248793601989746,138.57467651367188,325.7755126953125,43.90729904174805,43.709999084472656,363.2608642578125,422.6287536621094,13.720000267028809
2023-10-18,,128.1300048828125,3.547148466110229,16.793357849121094,323.12579345703125,35.0601806640625,11.068670272827148,136.82913208007812,323.8623962402344,42.1665153503418,43.400001525878906,358.4956359863281,416.9972229003906,13.5
2023-10-19,,128.39999389648438,3.43813419342041,16.46855354309082,320.7164611816406,34.854278564453125,10.510283470153809,136.62081909179688,325.0494689941406,42.07158660888672,41.97999954223633,355.1412353515625,413.3332824707031,12.609999656677246
2023-10-20,,125.16999816894533,3.3458917140960693,16.371990203857422,318.0819702148437,34.433101654052734,10.20407009124756,134.48846435546875,320.4875183105469,41.35808181762695,41.02999877929688,349.8432922363281,408.2542419433594,12.289999961853027
2023-10-23,,126.55999755859376,3.354277372360229,16.41588592529297,316.2860717773437,34.405025482177734,10.339162826538086,135.38108825683594,323.0873413085937,42.94497299194336,39.369998931884766,350.8989562988281,407.5465698242188,11.489999771118164
2023-10-24,,128.55999755859375,3.228492021560669,15.801384925842283,318.32208251953125,34.84492111206055,9.969907760620115,137.67213439941406,324.2744140625,43.63248443603516,39.33000183105469,354.3125,410.6192626953125,11.239999771118164
2023-10-25,,121.38999938964844,3.446520566940308,16.688016891479492,317.2753295898437,34.38631057739258,10.663389205932615,124.5803451538086,334.2225341796875,41.749813079833984,40.11000061035156,345.64044189453125,404.7259521484375,11.270000457763672
2023-10-26,,119.56999969482422,3.547148466110229,17.153282165527344,314.8454895019531,34.21783828735352,10.74444580078125,121.27764892578124,321.6843566894531,40.29782104492188,40.130001068115234,339.04998779296875,399.8796081542969,11.300000190734863
2023-10-27,,127.73999786376952,3.480062961578369,17.056718826293945,311.3591613769531,34.18975830078125,10.582331657409668,121.16854095458984,323.56805419921875,40.4717025756836,38.900001525878906,340.67791748046875,398.0669860839844,11.039999961853027
2023-10-30,,132.7100067138672,3.270420551300049,15.836498260498049,316.1996765136719,34.54541778564453,10.023944854736328,123.43977355957033,330.9261169433594,41.13223648071289,37.380001068115234,344.5157165527344,402.8262023925781,10.449999809265137
2023-10-31,,133.08999633789062,3.287192344665528,16.082298278808594,317.4001770019531,34.348873138427734,10.095995903015137,123.06288146972656,331.71099853515625,40.75151062011719,36.880001068115234,346.16326904296875,405.3560791015625,9.93000030517578
2023-11-01,,137.0,3.5387625694274902,17.083049774169922,319.51300048828125,34.66709518432617,10.762457847595217,125.41345977783205,339.5203552246094,42.2954330444336,37.9900016784668,352.171630859375,409.67913818359375,10.350000381469728
2023-11-02,,138.07000732421875,3.614233732223511,17.785335540771484,324.9971008300781,35.27545166015625,11.086681365966797,126.44493865966795,341.727783203125,43.47559356689453,38.34999847412109,358.5646667480469,417.5303039550781,10.699999809265137
2023-11-03,,138.60000610351562,3.672934055328369,17.952129364013672,327.1291809082031,35.99612045288086,11.203764915466309,128.041748046875,346.1229858398437,44.97354888916016,38.34999847412109,362.7773742675781,421.339599609375,10.720000267028809
2023-11-06,,139.74000549316406,3.605848789215088,17.302513122558594,327.5421142578125,36.286258697509766,10.843514442443848,129.18231201171875,349.7823181152344,45.719032287597656,36.88999938964844,364.25732421875,422.3088989257813,10.239999771118164
2023-11-07,,142.7100067138672,3.597462654113769,17.355188369750977,328.0223693847656,36.220741271972656,10.870532989501951,129.8964080810547,353.70672607421875,45.92288589477539,36.959999084472656,367.7005004882813,423.51080322265625,10.140000343322754
2023-11-08,,142.0800018310547,3.446520566940308,16.828475952148438,327.6190185546875,35.97739791870117,10.55531406402588,130.75927734375,356.326171875,46.54145812988281,36.27000045776367,367.9372863769531,423.8209838867188,10.029999732971191
2023-11-09,,140.60000610351562,3.496834516525269,16.802139282226562,325.6885681152344,35.640464782714844,10.600345611572266,129.1724090576172,353.8636169433594,46.91718673706055,35.84000015258789,365.1057739257813,420.5157470703125,9.960000038146973
2023-11-10,,143.55999755859375,3.530377149581909,17.144502639770508,329.4342346191406,35.89316940307617,10.60935115814209,131.50314331054688,362.6737060546875,48.30122756958008,35.84000015258789,373.3141784667969,427.0777587890625,10.31999969482422
2023-11-13,,142.58999633789062,3.5052199363708496,17.0128231048584,329.9720153808594,35.88380432128906,10.501276016235352,131.00721740722656,359.740234375,48.58602523803711,35.75,372.1499328613281,426.670654296875,10.15999984741211
2023-11-14,,145.8000030517578,3.597462654113769,17.302513122558594,334.63006591796875,36.83845901489258,10.771465301513672,132.52468872070312,363.2622680664063,49.62129974365234,36.54999923706055,380.1610412597656,434.9484252929688,10.470000267028809
2023-11-15,,143.1999969482422,3.547148466110229,17.24106788635254,336.4068298339844,37.14731597900391,10.798481941223145,133.5164794921875,363.4097595214844,48.85383987426758,35.400001525878906,380.44720458984375,435.869140625,10.25
2023-11-16,,142.8300018310547,3.563920021057129,16.93381690979004,336.1668395996094,36.79166412353516,10.690409660339355,135.80755615234375,369.7997741699219,49.44541931152344,35.84000015258789,380.7727661132813,436.40234375,10.210000038146973
2023-11-17,,145.17999267578125,3.6980907917022714,17.767778396606445,336.2793884277344,36.83845901489258,11.257800102233888,134.20083618164062,363.5867919921875,49.26355743408203,37.060001373291016,380.861572265625,436.9450988769531,10.729999542236328
2023-11-20,,146.1300048828125,4.385717868804932,21.34942626953125,338.2906799316406,37.29706954956055,13.194143295288086,135.1331329345703,371.0481872558594,50.37377548217773,43.70000076293945,385.4984436035156,440.30853271484375,15.010000228881836
2023-11-21,,143.89999389648438,4.19284725189209,21.375762939453125,337.61700439453125,37.063087463378906,13.11308765411377,135.8472137451172,366.7522277832031,49.90909957885742,42.630001068115234,383.2589416503906,439.3489379882813,14.829999923706056
2023-11-22,,146.7100067138672,3.664547920227051,19.94485855102539,339.29150390625,36.98821258544922,12.158425331115724,137.35476684570312,371.4512634277344,48.68195343017578,42.380001068115234,384.8276062011719,441.0451965332031,15.0
2023-11-24,,146.74000549316406,4.394103527069092,22.75399398803711,340.4848937988281,37.006935119628906,13.797561645507812,135.56951904296875,371.0383605957031,47.74261093139648,45.59000015258789,384.2850036621094,441.3165893554688,16.84000015258789
2023-11-27,,147.72999572753906,4.746303081512451,24.843286514282227,340.0229797363281,36.857181549072266,15.148497581481934,135.2918243408203,372.1983642578125,48.208290100097656,47.220001220703125,383.9495544433594,440.5217590332031,17.260000228881836
2023-11-28,,147.02999877929688,4.452803134918213,24.58871078491211,340.7832336425781,37.16604232788086,15.202532768249512,136.07534790039062,376.21917724609375,47.78757858276367,45.869998931884766,384.9559020996094,440.95794677734375,16.790000915527344
2023-11-29,,146.32000732421875,4.704374313354492,25.21198463439941,341.30291748046875,36.950775146484375,15.598809242248535,133.8834686279297,372.434326171875,48.10636520385742,46.91999816894531,384.5809631347656,440.6477966308594,16.979999542236328
2023-11-30,,146.08999633789062,4.687602519989014,24.948633193969727,346.4515991210937,37.0256462097168,15.472722053527832,131.443603515625,372.4933471679688,46.73732376098633,46.959999084472656,383.6140747070313,442.3828430175781,16.610000610351562
2023-12-01,,147.02999877929688,4.59536075592041,24.325353622436523,349.38677978515625,37.18476104736328,15.24756145477295,130.7790985107422,368.1678161621094,46.73232650756836,45.650001525878906,384.7091979980469,444.99993896484375,16.149999618530273
2023-12-04,,144.83999633789062,4.477960586547852,23.702077865600582,348.9921875,36.76358795166016,15.202532768249512,128.21034240722656,362.8887634277344,45.47820281982422,46.13999938964844,381.13775634765625,442.6639709472656,16.040000915527344
2023-12-05,,146.8800048828125,4.586974620819092,23.728412628173828,348.2896728515625,36.53896331787109,15.598809242248535,129.91624450683594,366.2114562988281,46.53755187988281,47.220001220703125,382.0947570800781,442.5766906738281,17.09000015258789
2023-12-06,,144.52000427246094,4.452803134918213,23.09635734558105,347.6256408691406,36.49216842651367,15.24756145477295,128.95419311523438,362.5544738769531,45.47520065307617,46.619998931884766,379.8847961425781,440.7932434082031,16.40999984741211
2023-12-07,,146.8800048828125,4.394103527069092,23.166584014892575,348.2126770019531,36.66999435424805,15.31060791015625,135.80755615234375,364.6681213378906,46.56753921508789,47.02999877929688,385.1926574707031,444.1566467285156,16.5
2023-12-08,,147.4199981689453,4.477960586547852,23.86886978149414,349.4541320800781,36.51087951660156,15.760918617248535,133.8834686279297,367.8926086425781,47.47697448730469,47.369998931884766,386.9092712402344,446.0661315917969,17.139999389648438
2023-12-11,,145.88999938964844,4.503117561340332,24.14100456237793,350.9651184082031,36.72614669799805,15.733901023864746,132.19737243652344,365.01214599609375,46.598514556884766,46.84000015258789,390.21435546875,447.8011779785156,17.079999923706055
2023-12-12,,147.47999572753906,4.394103527069092,23.78986167907715,352.62030029296875,36.73550796508789,15.562784194946287,131.4337158203125,368.0400695800781,47.62788391113281,49.0,393.3221130371094,449.8463134765625,17.260000228881836
2023-12-13,,148.83999633789062,4.637289047241211,24.755502700805664,357.7497863769531,37.10052490234375,16.085147857666016,131.48330688476562,368.0301513671875,48.05862808227539,49.5099983215332,398.3241271972656,456.0498046875,17.600000381469727
2023-12-14,,147.4199981689453,4.553431034088135,24.04444122314453,359.2798767089844,37.64336395263672,15.60781478881836,130.85845947265625,359.7330627441406,48.32046127319336,48.400001525878906,397.9787902832031,457.5134582519531,17.43000030517578
2023-12-15,,149.97000122070312,4.377331733703613,23.52650451660156,359.4081115722656,37.41874313354492,14.815268516540527,131.51303100585938,364.4518737792969,48.860130310058594,48.79999923706055,399.9026184082031,456.7601623535156,17.040000915527344
2023-12-18,,154.07000732421875,4.444417953491211,24.43069648742676,359.7458190917969,37.400020599365234,15.31961441040039,134.6868133544922,366.33929443359375,50.04640579223633,50.36000061035156,402.4214782714844,459.3294372558594,17.520000457763672
2023-12-19,,153.7899932861328,4.276703834533691,24.272680282592773,362.17626953125,37.71824264526367,15.067440032958984,135.52984619140625,366.93896484375,49.573692321777344,50.560001373291016,404.4776611328125,462.1225280761719,17.31999969482422
2023-12-20,,152.1199951171875,4.486346244812012,25.62457656860352,357.64312744140625,37.03925323486328,15.769927024841309,137.2059783935547,364.34368896484375,48.08160781860352,50.08000183105469,398.46722412109375,455.7188415527344,17.700000762939453
2023-12-21,,153.83999633789062,4.66244649887085,25.747478485107425,360.61376953125,37.73540496826172,16.00408935546875,139.26895141601562,367.21429443359375,48.96006774902344,50.04999923706055,403.1035461425781,460.0398559570313,17.649999618530273
2023-12-22,,153.4199981689453,4.813388347625732,26.168846130371094,360.53656005859375,37.55421829223633,16.391357421875,140.33016967773438,368.2366638183594,48.80017852783203,50.36000061035156,403.7066650390625,460.9644165039063,17.5
2023-12-26,,153.41000366210938,4.746303081512451,26.09861946105957,362.03167724609375,37.84983825683594,16.04911994934082,140.35992431640625,368.3152770996094,49.2488899230957,50.47999954223633,406.177978515625,462.9108581542969,17.469999313354492
2023-12-27,,153.33999633789062,4.771459579467773,25.721141815185547,363.1986999511719,38.06917953491211,15.968063354492188,139.2193603515625,367.7353210449219,49.386810302734375,49.54999923706055,407.0048522949219,463.7478332519531,17.239999771118164
2023-12-28,,153.3800048828125,4.612131595611572,25.194429397583008,363.6520385742188,38.36480331420898,15.634833335876465,139.0804901123047,368.92474365234375,49.49174880981445,48.650001525878906,406.80706787109375,463.9230041503906,17.010000228881836
2023-12-29,,151.94000244140625,4.561817646026611,25.194429397583008,363.4977111816406,38.34573745727539,15.553776741027832,138.544921875,369.6719055175781,49.49174880981445,49.52000045776367,405.0465087890625,462.5799865722656,17.190000534057617
2024-01-02,,149.92999267578125,4.40248966217041,24.623823165893555,363.7098693847656,37.89752578735352,15.274581909179688,137.03738403320312,364.5894470214844,48.13856887817383,48.220001220703125,398.1921997070313,459.9912109375,16.520000457763672
2024-01-03,,148.47000122070312,4.3270182609558105,24.19367408752441,360.93206787109375,37.68772506713867,15.112472534179688,137.78125,364.3240356445313,47.53993606567383,48.4900016784668,393.978759765625,456.2346496582031,16.770000457763672
2024-01-04,,144.57000732421875,4.150918483734131,23.47383499145508,361.2504577636719,37.563751220703125,14.626132011413574,135.27198791503906,361.70904541015625,47.96867752075195,47.7400016784668,391.9511413574219,454.7650146484375,16.229999542236328
2024-01-05,,145.24000549316406,4.134146690368652,23.461261749267575,361.3468627929688,37.61143112182617,14.851289749145508,134.6173858642578,361.5223083496094,49.06700897216797,48.16999816894531,392.416015625,455.3879089355469,16.700000762939453
2024-01-08,,149.10000610351562,4.2263898849487305,23.649816513061523,363.4688415527344,37.71633529663086,14.950358390808104,137.70191955566406,368.34478759765625,52.22107696533203,48.79999923706055,400.52642822265625,461.8890075683594,16.709999084472656
2024-01-09,,151.3699951171875,3.9412763118743896,22.311996459960938,361.86767578125,37.18230056762695,13.950665473937988,139.7946014404297,369.4261474609375,53.10753631591797,46.45000076293945,401.3176574707031,461.1882934570313,16.040000915527344
2024-01-10,,153.72999572753906,4.050289630889893,22.81479835510254,363.5748291015625,37.09646987915039,14.491040229797363,141.1136932373047,376.2879333496094,54.31679916381836,46.86000061035156,404.0376586914063,463.7965087890625,15.899999618530272
2024-01-11,,155.17999267578125,4.02513313293457,22.84173583984375,363.787109375,37.24905014038086,14.211849212646484,140.91534423828125,378.1164245605469,54.78850555419922,46.59999847412109,404.8783874511719,463.5921020507813,15.989999771118164
2024-01-12,,154.6199951171875,4.067061901092529,23.41636848449707,362.5717468261719,37.38256072998047,14.391972541809082,141.48065185546875,381.8914184570313,54.67657852172852,46.90999984741211,405.0860595703125,463.9132690429688,15.890000343322754
2024-01-16,,153.16000366210938,3.949661254882813,23.04824447631836,360.4015197753906,36.47660827636719,14.121786117553713,141.3219757080078,383.6609191894531,56.34755706787109,46.720001220703125,405.0465087890625,462.2101440429688,14.90999984741211
2024-01-17,,151.7100067138672,4.142532825469971,24.62848854064941,359.4949645996094,35.93303298950195,14.644145965576172,140.3103485107422,382.87445068359375,56.01876068115234,47.150001525878906,402.76171875,459.640869140625,15.0
2024-01-18,,153.5,4.20123291015625,25.068443298339844,361.5108642578125,36.228660583496094,15.01340103149414,142.30384826660156,387.1999816894531,57.07210922241211,47.22999954223633,408.47857666015625,463.7283325195313,15.199999809265137
2024-01-19,,155.33999633789062,4.394103527069092,25.68797492980957,365.3739318847656,36.61011505126953,15.481727600097656,145.18008422851562,391.9187316894531,59.45465850830078,47.77999877929688,416.5791320800781,469.50927734375,15.630000114440918
2024-01-22,,154.77999877929688,4.6792168617248535,27.1335391998291,366.7926635742188,36.2858772277832,16.37334632873535,144.7932891845703,389.7952575683594,59.61756134033203,48.130001068115234,417.1231384277344,470.501953125,15.640000343322754
2024-01-23,,156.02000427246094,4.654059886932373,26.989879608154297,365.7986145019531,36.60057830810547,16.562480926513672,145.83468627929688,392.144775390625,59.83642578125,47.34000015258789,418.8540649414063,471.8742370605469,15.789999961853027
2024-01-24,,156.8699951171875,4.729530811309815,27.81591796875,364.8818054199219,37.01064682006836,17.11185646057129,147.4810791015625,395.7427978515625,61.32451629638672,48.04999923706055,421.1783447265625,472.3900146484375,16.440000534057617
2024-01-25,,157.75,5.090116500854492,29.57573699951172,367.1882629394531,37.058326721191406,18.300682067871094,150.62509155273438,398.0137023925781,61.5793571472168,49.790000915527344,421.6926574707031,474.9592895507813,17.3700008392334
2024-01-26,,159.1199951171875,5.316529750823975,30.186288833618164,367.7770080566406,37.0869369506836,19.165281295776367,150.94247436523438,397.089599609375,60.99371719360352,49.93999862670898,419.180419921875,474.35589599609375,17.690000534057617
2024-01-29,,161.25999450683594,5.115272521972656,29.37820816040039,369.91943359375,37.10600662231445,19.165281295776367,152.2516326904297,402.7815246582031,62.42683792114258,49.09000015258789,423.4729919433594,478.1125183105469,17.540000915527344
2024-01-30,,159.0,5.031415939331055,29.737354278564453,371.0582275390625,36.81037902832031,19.36341667175293,150.2184600830078,401.6706848144531,62.73564529418945,48.77999877929688,420.6541137695313,477.7427673339844,17.290000915527344
2024-01-31,,155.1999969482422,5.05657434463501,29.737354278564453,368.0472106933594,36.61011505126953,19.462486267089844,138.95156860351562,390.84716796875,61.48941421508789,48.70000076293945,412.41510009765625,469.9471435546875,17.280000686645508
2024-02-01,,159.27999877929688,5.073344707489014,30.653181076049805,371.6468505859375,36.96296310424805,19.660621643066406,140.0028839111328,396.9421691894531,62.98849487304688,49.16999816894531,417.271484375,476.0979614257813,17.489999771118164
2024-02-02,,171.80999755859375,5.115272521972656,31.084152221679688,372.9208068847656,36.85806274414063,19.72366523742676,141.21287536621094,404.2561645507813,66.11959075927734,48.59000015258789,424.3236083984375,481.1100463867188,17.18000030517578
2024-02-05,,170.30999755859375,4.788231372833252,29.19863510131836,370.179931640625,36.90574264526367,18.705963134765625,142.50222778320312,398.780517578125,69.28964233398438,46.900001525878906,423.7697143554688,479.3582458496094,16.40999984741211
2024-02-06,,169.14999389648438,4.805002212524414,29.09986686706543,371.6275329589844,37.74494552612305,18.60689163208008,142.91880798339844,398.6231689453125,68.18132019042969,46.84999847412109,422.9191284179688,480.7499694824219,16.530000686645508
2024-02-07,,170.52999877929688,4.444417953491211,27.1335391998291,373.16204833984375,37.79262924194336,17.400056838989258,144.3469696044922,407.0381774902344,70.05616760253906,44.220001220703125,427.2710266113281,484.7596130371094,16.040000915527344
2024-02-08,,169.83999633789062,4.234775543212891,25.876523971557617,373.8182373046875,37.58282470703125,16.346324920654297,144.71397399902344,407.0972290039063,69.59845733642578,43.369998931884766,428.0622863769531,484.9737243652344,15.8100004196167
2024-02-09,,174.4499969482422,4.519888401031494,27.18741226196289,373.2103576660156,37.74494552612305,17.11185646057129,147.77862548828125,413.4281311035156,72.08894348144531,44.08000183105469,432.2757873535156,487.7765502929688,16.639999389648438
2024-02-12,,172.33999633789062,4.503117561340332,27.456769943237305,374.5516357421875,38.04056930541992,17.337017059326172,146.32066345214844,408.2276916503906,72.203857421875,43.36000061035156,430.58441162109375,487.5624694824219,16.739999771118164
2024-02-13,,168.63999938964844,4.486346244812012,27.510644912719727,369.446533203125,37.32534408569336,17.445087432861328,143.9502410888672,399.4391174316406,72.08395385742188,43.34000015258789,423.86859130859375,480.8472595214844,16.65999984741211
2024-02-14,,170.97999572753906,4.620517730712891,27.77102470397949,370.8652038574219,37.85937881469727,17.87738800048828,144.74368286132812,403.29986572265625,73.85485076904297,43.93000030517578,428.4875793457031,485.2169799804688,17.020000457763672
2024-02-15,,169.8000030517578,4.746303081512451,27.96855354309082,374.6868591308594,38.04056930541992,18.14757537841797,141.5996856689453,400.4141540527344,72.61360931396484,43.380001068115234,429.7635498046875,488.5648193359375,17.0
2024-02-16,,169.50999450683594,4.821774005889893,28.381574630737305,373.2872619628906,38.22176361083984,18.51683235168457,139.36813354492188,397.9519653320313,72.56863403320312,42.34000015258789,425.8665466308594,486.1318664550781,16.850000381469727
2024-02-20,,167.0800018310547,4.880473613739014,29.1627197265625,372.803955078125,38.27898025512695,18.705963134765625,139.96319580078125,396.701171875,69.40957641601562,42.060001373291016,422.6520690917969,483.45550537109375,16.709999084472656
2024-02-21,,168.58999633789062,4.796616554260254,30.186288833618164,373.15185546875,38.34573745727539,18.714967727661133,141.38150024414062,396.1003723144531,67.43079376220703,42.209999084472656,420.960693359375,483.8934020996094,16.959999084472656
2024-02-22,,174.5800018310547,5.0649590492248535,31.59593391418457,377.4919128417969,38.73672103881836,19.372425079345703,142.90884399414062,405.4272766113281,78.49002075195312,43.59999847412109,433.2846374511719,493.9078369140625,18.049999237060547
2024-02-23,,174.99000549316406,5.190744400024414,32.529720306396484,378.2072448730469,38.717655181884766,19.77770233154297,142.77996826171875,404.1370544433594,78.76885986328125,44.540000915527344,432.0086975097656,494.2485046386719,18.040000915527344
2024-02-26,,174.72999572753906,5.308144092559815,33.17618560791016,377.6560974121094,38.545997619628906,20.4261531829834,136.44232177734375,401.3793029785156,79.04369354248047,43.45000076293945,431.7812194824219,492.4382629394531,17.90999984741211
2024-02-27,,173.5399932861328,5.132045269012451,32.7003173828125,376.641357421875,38.622291564941406,19.462486267089844,137.7415771484375,401.3202819824219,78.65291595458984,42.34999847412109,432.81976318359375,493.3531494140625,17.40999984741211
2024-02-28,,173.16000366210938,5.140430450439453,32.9427375793457,376.5833129882813,38.11686325073242,19.579566955566406,135.26205444335938,401.5566711425781,77.61555480957031,41.56999969482422,430.5151672363281,492.7010498046875,17.06999969482422
2024-02-29,,176.75999450683594,5.316529750823975,35.72612380981445,376.921630859375,38.13593673706055,19.822734832763672,137.32501220703125,407.38720703125,79.06366729736328,42.02000045776367,434.2044982910156,494.4722900390625,17.299999237060547
2024-03-01,,178.22000122070312,5.333301544189453,35.3939094543457,378.2362365722656,38.60321044921875,20.07490921020508,136.0157928466797,409.2190246582031,82.22872924804688,42.68999862670898,440.7422790527344,499.1145324707031,17.829999923706055
2024-03-04,,177.5800018310547,5.484243869781494,35.411869049072266,377.1922607421875,38.517391204833984,19.55254554748535,132.25689697265625,408.6478271484375,85.18492126464844,41.630001068115234,439.1696166992188,498.5792846679688,18.709999084472656
2024-03-05,,174.1199951171875,5.375229358673096,34.46910858154297,373.2872619628906,38.174072265625,19.0391902923584,131.5824737548828,396.563232421875,85.91552734375,41.40999984741211,431.2866821289063,493.5964050292969,18.200000762939453
2024-03-06,,173.50999450683594,6.079628467559815,36.70480728149414,374.2441101074219,38.72719192504883,20.58826446533203,130.32286071777344,396.01171875,88.64997100830078,41.84999847412109,433.996826171875,496.09759521484375,18.670000076293945
2024-03-07,,176.82000732421875,6.331199645996094,35.98651123046875,375.47174072265625,38.96560287475586,20.642305374145508,133.27847290039062,402.9551696777344,92.6167221069336,39.29999923706055,440.58404541015625,501.0220336914063,18.31999969482422
2024-03-08,,175.35000610351562,6.274161338806152,35.824893951416016,375.027099609375,38.92744827270508,20.3450984954834,134.30003356933594,400.0793151855469,87.47863006591797,39.61000061035156,434.2242431640625,498.0148010253906,17.649999618530273
2024-03-11,,171.9600067138672,5.959176063537598,34.91804504394531,375.4426879882813,39.01327896118164,19.61559295654297,136.54148864746094,398.4049987792969,85.72562408447266,39.02000045776367,432.6120910644531,497.5866088867188,17.34000015258789
2024-03-12,,175.38999938964844,6.223082542419434,35.90570068359375,377.7334899902344,39.44241714477539,20.525222778320312,137.36465454101562,409.0023193359375,91.86116027832033,39.369998931884766,438.8135986328125,502.9393615722656,17.639999389648438
2024-03-13,,176.55999755859375,6.665763854980469,37.89896774291992,378.1492309570313,39.31844329833984,21.885164260864254,138.64407348632812,408.8251037597656,90.83674621582033,39.15999984741211,435.4407958984375,502.1510009765625,18.11000061035156
2024-03-14,,178.75,6.444423198699951,37.33331298828125,377.0376586914063,39.11817932128906,21.0385799407959,141.9269561767578,418.7920837402344,87.8943862915039,39.15999984741211,434.3429870605469,501.1582946777344,18.0
2024-03-15,,174.4199981689453,6.6742777824401855,39.05721282958984,374.9671020507813,38.87976837158203,21.47088050842285,140.02272033691406,410.1251220703125,87.7874526977539,39.63999938964844,429.1799926757813,497.717041015625,18.059999465942383
2024-03-18,,174.47999572753906,6.853053092956543,40.969669342041016,375.67431640625,38.94652557373047,22.31746482849121,146.4694366455078,411.0115051269531,88.40512084960938,42.52999877929688,433.2732238769531,500.6750793457031,19.26000022888184
2024-03-19,,175.89999389648438,6.7508955001831055,40.879878997802734,378.7457580566406,38.75579452514648,21.94820976257324,145.8247528076172,415.0397033691406,89.34757995605469,41.90999984741211,434.352783203125,503.4573974609375,18.96999931335449
2024-03-20,,178.14999389648438,6.972235202789307,43.277191162109375,382.7086181640625,39.1944694519043,22.821815490722656,147.520751953125,418.8019409179688,90.3210220336914,43.65999984741211,439.5027465820313,508.1139831542969,19.36000061035156
2024-03-21,,178.14999389648438,7.091419696807861,45.51287460327149,385.3827209472656,39.24215316772461,23.38020133972168,146.39010620117188,422.8793640136719,91.38343048095705,43.400001525878906,441.5825500488281,509.7932739257813,20.190000534057617
2024-03-22,,178.8699951171875,7.210603713989258,46.45563888549805,382.2628784179688,38.96560287475586,23.488279342651367,149.53411865234375,422.2588806152344,94.2358169555664,43.68000030517578,442.087646484375,508.82666015625,20.26000022888184
2024-03-25,,179.7100067138672,7.210603713989258,46.76988983154297,380.7319641113281,38.99420547485352,23.55132102966309,148.83984375,416.4677429199219,94.94840240478516,42.83000183105469,440.4832458496094,507.4209289550781,20.3700008392334
2024-03-26,,178.3000030517578,7.082906246185303,45.602664947509766,380.6351623535156,38.96560287475586,23.110013961791992,149.43492126464844,415.2760314941406,92.50879669189452,42.54999923706055,439.05706787109375,506.4837036132813,19.799999237060547
2024-03-27,,179.8300018310547,7.236142635345459,46.39278411865234,385.19873046875,39.032352447509766,23.55132102966309,149.63327026367188,415.0594177246094,90.1990966796875,43.5,440.5525817871094,510.7401123046875,20.1200008392334
2024-03-28,,180.3800048828125,7.2191162109375,43.25923156738281,385.3924865722656,39.17539978027344,22.89386367797852,149.6927947998047,414.360107421875,90.30503845214844,43.13999938964844,439.740478515625,510.6424560546875,19.799999237060547
2024-04-01,,180.97000122070312,7.176550388336182,44.12117767333984,383.03802490234375,39.24215316772461,23.22709083557129,154.21542358398438,418.1518859863281,90.31202697753906,42.709999084472656,440.6714172363281,509.754150390625,19.6299991607666
2024-04-02,,180.69000244140625,6.878591537475586,42.343406677246094,379.4530029296875,39.36612319946289,22.443552017211918,153.29302978515625,415.0692138671875,89.40155029296875,41.7400016784668,436.8682861328125,506.5130310058594,19.90999984741211
2024-04-03,,182.41000366210935,7.465997219085693,45.33330535888672,379.0946044921875,39.39473724365234,23.50628662109375,153.6500701904297,414.09417724609375,88.913818359375,43.77999877929688,437.8488464355469,507.06939697265625,20.63999938964844
2024-04-04,,180.0,7.346812725067139,44.66888046264648,374.01751708984375,39.25168991088867,23.236099243164062,149.2960662841797,411.5630187988281,85.85653686523438,43.52000045776367,431.15380859375,500.8800659179688,20.229999542236328
2024-04-05,,185.07000732421875,7.806520938873291,45.89896011352539,376.7691955566406,39.33751678466797,24.65008544921875,151.2499237060547,419.0875549316406,87.95836639404297,46.59999847412109,436.2344970703125,506.11273193359375,21.040000915527344
2024-04-08,,185.19000244140625,7.823546886444092,45.85406875610352,377.0017395019531,39.595001220703125,24.974308013916016,153.58067321777344,418.1715698242188,87.08385467529297,46.040000915527344,436.3632507324219,506.395751953125,21.709999084472656
2024-04-09,,185.6699981689453,7.81503438949585,46.3838119506836,376.7497253417969,39.86201095581055,25.811885833740234,155.31629943847656,419.8360595703125,85.30583953857422,46.5,437.9775390625,506.9815673828125,21.75
2024-04-10,,185.9499969482422,7.576666831970215,45.26147079467773,372.554443359375,39.31844329833984,25.98300552368164,154.86009216308594,416.86175537109375,86.98991394042969,45.650001525878906,434.1546630859375,501.9051208496094,21.459999084472656
2024-04-11,,189.0500030517578,7.670310497283935,46.45563888549805,372.5836181640625,39.55685043334961,26.811580657958984,158.10330200195312,421.4611206054688,90.5648956298828,46.119998931884766,441.08734130859375,505.6929931640625,21.61000061035156
2024-04-12,,186.1300048828125,7.397891998291016,46.20423126220703,368.0587463378906,38.65089416503906,26.667482376098636,156.43704223632812,415.5223083496094,88.13626861572266,45.18000030517578,434.0556335449219,498.7128601074219,21.170000076293945
2024-04-15,,183.6199951171875,6.929670810699463,42.61276626586914,365.5783386230469,38.4029541015625,24.857223510742188,153.590576171875,407.38720703125,85.95248413085938,42.45000076293945,426.91497802734375,492.46490478515625,20.209999084472656
2024-04-16,,183.32000732421875,6.972235202789307,43.124549865722656,366.2275390625,37.89752578735352,25.010330200195312,153.1343231201172,408.3128967285156,87.36568450927734,42.06999969482422,426.95458984375,491.5667114257813,20.25
2024-04-17,,181.27999877929688,6.836026191711426,43.17842864990234,365.7140502929688,37.86891555786133,24.929275512695312,154.19557189941406,405.61431884765625,83.98759460449219,42.02000045776367,421.7451171875,488.6575622558594,19.46999931335449
2024-04-18,,179.22000122070312,6.8700785636901855,43.37595748901367,366.0918884277344,38.0214958190918,25.24449157714844,154.7311248779297,398.1587524414063,84.62324523925781,41.88999938964844,419.3385314941406,487.6520385742188,19.06999969482422
2024-04-19,,174.6300048828125,7.295734405517578,44.73173141479492,368.183837890625,37.86891555786133,25.631759643554688,152.82688903808594,393.0866088867188,76.15702056884766,43.08000183105469,410.6627502441406,483.3956909179688,19.34000015258789
2024-04-22,,177.22999572753906,7.985296249389648,47.82937240600586,370.6752014160156,38.27898025512695,27.93735694885254,154.99893188476562,394.8988342285156,79.47315216064453,46.25,414.792724609375,487.8472595214844,20.790000915527344
2024-04-23,,179.5399932861328,8.002323150634766,46.75193405151367,373.24420166015625,38.59368133544922,27.49605369567871,156.96270751953125,401.4089050292969,82.37651824951172,45.09999847412109,420.9825744628906,493.6363830566406,20.8700008392334
2024-04-24,,176.58999633789062,7.534101486206055,43.97751998901367,372.6819458007813,38.72719192504883,26.18114471435547,157.82559204101562,402.8763122558594,79.63206481933594,43.56999969482422,422.4087219238281,493.402099609375,20.15999984741211
2024-04-25,,173.6699981689453,7.627744674682617,44.06731033325195,369.2696228027344,38.813018798828125,26.55940055847168,154.72122192382812,393.00787353515625,82.58539581298828,43.86000061035156,420.3685302734375,491.5276794433594,20.239999771118164
2024-04-26,,179.6199951171875,7.87462568283081,46.13240432739258,370.61712646484375,39.26122283935547,27.649158477783203,170.54049682617188,400.1777648925781,87.6855239868164,44.040000915527344,426.85552978515625,496.1843872070313,21.170000076293945
2024-04-29,,180.9600067138672,7.985296249389648,47.72163391113281,372.0615234375,39.64268112182617,28.153507232666016,164.7880401611328,396.1693420410156,87.70751190185547,44.84000015258789,428.5887145996094,497.9415893554688,21.479999542236328
2024-04-30,,175.0,8.138531684875488,48.62847518920898,366.5649108886719,39.08957290649414,29.207239151000977,161.44564819335938,383.4446105957031,86.35327911376953,44.369998931884766,420.5072021484375,490.0535888671875,21.959999084472656
2024-05-01,,179.0,8.240689277648926,49.08638381958008,367.3016662597656,39.127716064453125,29.153200149536133,162.5167999267578,388.9698486328125,82.99415588378906,45.38999938964844,417.4666748046875,488.4623107910156,22.07999992370605
2024-05-02,,184.72000122070312,8.172584533691406,50.37931823730469,370.5395202636719,40.13856887817383,28.720903396606445,165.25416564941406,391.8259887695313,85.76860046386719,46.560001373291016,422.7949523925781,493.0310974121094,22.36000061035156
2024-05-03,,186.2100067138672,8.930251121520996,54.06955337524414,374.940673828125,40.500953674316406,30.90941429138184,165.86911010742188,400.51263427734375,88.7389144897461,48.7400016784668,431.2924499511719,499.1423645019531,23.3799991607666
2024-05-06,,188.6999969482422,9.679405212402344,57.64305877685547,376.5693054199219,40.53909683227539,33.142967224121094,166.72207641601562,407.2886047363281,92.08802032470705,49.59999847412109,436.0165710449219,504.2969665527344,23.8799991607666
2024-05-07,,188.75999450683597,9.372933387756348,56.95170211791992,376.8504028320313,40.31022644042969,32.10724639892578,169.84619140625,403.1521301269531,90.50292205810548,49.84999847412109,436.0859375,504.8533630371094,24.030000686645508
2024-05-08,,188.0,9.517655372619627,57.88548278808594,378.53717041015625,40.31976318359375,32.467491149902344,167.9915771484375,404.333984375,90.36100769042967,49.4900016784668,435.8283996582031,504.9022216796875,24.459999084472656
2024-05-09,,189.5,9.49211597442627,56.897830963134766,381.9494934082031,40.44373321533203,31.981151580810547,168.5667724609375,406.0870971679688,88.69694519042969,49.0099983215332,436.7791748046875,507.8114318847656,24.3799991607666
2024-05-10,,187.47999572753903,9.279288291931152,56.02690124511719,383.0934448242188,40.529563903808594,31.49482536315918,167.26751708984375,408.4705200195313,89.82730102539062,47.09000015258789,437.8092041015625,508.4654846191406,22.780000686645508
2024-05-13,,186.57000732421875,9.168619155883787,55.012306213378906,382.3955078125,40.8347282409668,31.206626892089844,167.75352478027344,407.4659118652344,90.34801483154295,45.93999862670898,438.8193359375,508.5338439941406,22.780000686645508
2024-05-14,,187.07000732421875,9.568734169006348,56.70029830932617,383.481201171875,41.0540657043457,31.94513320922852,168.9436798095703,410.2630004882813,91.30448150634766,47.5099983215332,441.6419982910156,510.8670959472656,23.020000457763672
2024-05-15,,185.9900054931641,9.90074634552002,60.06729888916016,387.0680847167969,41.49273300170898,33.178985595703125,171.09588623046875,417.4360046386719,94.57662200927734,48.790000915527344,448.5448913574219,517.193115234375,23.90999984741211
2024-05-16,,183.6300048828125,9.798588752746582,58.40625,387.0001525878906,41.57856369018555,32.97184371948242,172.75218200683594,415.3739013671875,94.3057861328125,48.310001373291016,447.6337585449219,516.1289672851562,23.63999938964844
2024-05-17,,184.6999969482422,9.756022453308104,58.34339904785156,388.29534912109375,41.7597541809082,33.0258903503418,174.61679077148438,414.6042785644531,92.42682647705078,47.88999938964844,447.4159240722656,516.8709106445312,23.440000534057617
2024-05-20,,183.5399932861328,9.960336685180664,59.43878555297852,386.499267578125,41.60717391967773,33.57526779174805,175.46975708007812,419.6658935546875,94.72654724121094,48.869998931884766,450.5356140136719,517.466552734375,23.770000457763672
2024-05-21,,183.1499938964844,9.636838912963867,58.04710006713867,387.1593322753906,41.34969329833984,32.58457946777344,176.3921356201172,423.3164978027344,95.33219909667967,47.27000045776367,451.4170837402344,518.7354736328125,23.530000686645508
2024-05-22,,183.1300048828125,9.109026908874512,54.48257064819336,385.1011657714844,41.21617889404297,30.242958068847656,174.9341583251953,424.7767639160156,94.89645385742188,45.02999877929688,451.3279113769531,517.2418823242188,21.770000457763672
2024-05-23,,181.0500030517578,8.189610481262207,51.14249801635742,379.2760925292969,40.9110221862793,27.910341262817383,172.12738037109375,421.3037109375,103.74046325683594,44.36000061035156,449.2976684570313,513.4639282226562,21.350000381469727
2024-05-24,,180.75,8.376899719238281,52.345645904541016,379.2566223144531,41.02545166015625,29.24326515197754,173.55557250976562,424.4215698242188,106.40895080566406,45.720001220703125,453.54638671875,516.8612060546875,21.01000022888184
2024-05-28,,182.1499938964844,8.479055404663086,53.25248718261719,377.2760925292969,40.96823501586914,29.783632278442383,174.95399475097656,424.5794677734375,113.83676147460938,47.65999984741211,455.259765625,517.2223510742188,22.25
2024-05-29,,182.0200042724609,8.70890998840332,55.622859954833984,373.3732299804688,40.35791015625,30.77431869506836,174.45809936523438,423.44476318359375,114.7602310180664,48.52999877929688,452.0509033203125,513.6005859375,22.459999084472656
2024-05-30,,179.32000732421875,9.662379264831545,59.30411911010742,370.3634948730469,40.24346923828125,33.21501541137695,170.69918823242188,409.1382446289063,110.43767547607422,50.209999084472656,447.20794677734375,510.193359375,23.90999984741211
2024-05-31,,176.44000244140625,9.611300468444824,59.51960754394531,376.2372131347656,39.85248565673828,32.28736877441406,171.08596801757812,409.5920715332031,109.5711669921875,49.34999847412109,446.3760070800781,514.8402709960938,23.209999084472656
2024-06-03,,178.33999633789062,9.517655372619627,58.55888748168945,374.9847717285156,40.2720832824707,32.06221389770508,171.75048828125,408.0035400390625,114.93513488769533,47.45000076293945,448.7727661132813,515.2601318359375,22.100000381469727
2024-06-04,,179.33999633789062,8.768502235412598,54.796817779541016,376.21783447265625,39.709434509277344,29.936742782592773,172.3654022216797,410.5195617675781,116.37133026123048,44.18999862670898,450.0008544921875,515.8361206054688,20.280000686645508
2024-06-05,,181.27999877929688,8.742962837219238,53.87201690673828,377.2080993652344,40.34837341308594,29.945749282836918,173.97210693359375,418.3536071777344,122.3709487915039,44.369998931884766,459.07269287109375,521.9668579101562,20.809999465942383
2024-06-06,,185.0,8.215149879455566,51.55551528930664,377.9847412109375,40.54863739013672,28.378664016723636,175.28128051757812,418.8567810058594,120.92975616455078,43.720001220703125,458.9142456054688,521.9571533203125,20.100000381469727
2024-06-07,,184.3000030517578,8.325819969177246,51.24126434326172,377.1692810058594,40.09088897705078,28.522764205932617,173.0299072265625,418.19580078125,120.81981658935548,43.45000076293945,458.5082092285156,521.3226318359375,20.020000457763672
2024-06-10,,187.05999755859372,8.795004844665527,53.387168884277344,377.9460144042969,40.32929992675781,30.04979515075684,173.77459716796875,422.162109375,121.72130584716795,46.16999816894531,460.3602600097656,522.933349609375,20.82999992370605
2024-06-11,,187.22999572753903,8.598769187927246,51.196380615234375,376.6644287109375,40.19486999511719,29.21356201171875,175.3732452392578,426.9079284667969,120.85174560546876,44.63999938964844,463.5195617675781,524.1927490234375,20.270000457763672
2024-06-12,,186.88999938964844,8.8931245803833,53.58470153808594,376.392578125,40.5981559753418,30.849666595458984,176.5349578857422,435.1761474609375,125.13965606689452,45.209999084472656,469.5906372070313,528.4979248046875,20.670000076293945
2024-06-13,,183.8300018310547,9.54427719116211,56.565616607666016,375.6061706542969,40.50213623046875,31.994945526123047,173.9235382080078,435.6892395019531,129.5475311279297,47.11000061035156,472.1359252929688,529.5620727539062,21.170000076293945
2024-06-14,,183.66000366210935,9.34803867340088,56.98761749267578,375.1983337402344,40.55014801025391,31.62227249145508,175.54205322265625,436.666015625,131.8164520263672,47.27999877929688,474.5821838378906,529.8843994140625,20.8799991607666
2024-06-17,,184.05999755859372,9.116122245788574,57.294219970703125,377.2566223144531,40.80941009521485,30.96782875061035,175.9888916015625,442.3886413574219,130.91688537597656,45.150001525878906,480.3956909179688,534.1015625,20.440000534057617
2024-06-18,,182.80999755859372,9.339119911193848,58.33778381347656,377.8003845214844,41.183895111083984,31.65863037109375,173.85403442382812,440.3857421875,135.5146484375,45.59000015258789,480.5443115234375,535.45849609375,21.01000022888184
2024-06-20,,186.1000061035156,8.563090324401855,54.30206680297852,380.6449890136719,41.11668014526367,29.995256423950195,175.0554962158203,439.7542724609375,130.71697998046875,43.630001068115234,476.8402099609375,534.0039672851562,20.76000022888184
2024-06-21,,189.0800018310547,8.375771522521973,53.11074447631836,380.7850646972656,40.9726448059082,29.77238655090332,178.36199951171875,443.7798461914063,126.50900268554688,43.970001220703125,475.5626525878906,533.2880249023438,20.299999237060547
2024-06-24,,185.57000732421875,8.32225227355957,53.33238220214844,383.3538513183594,40.9726448059082,29.90239143371582,177.95489501953125,441.697998046875,118.05307006835938,44.40999984741211,470.1485290527344,531.5545654296875,20.770000457763672
2024-06-25,,186.33999633789065,8.384692192077637,53.97884368896485,380.47369384765625,40.87662506103516,30.310997009277344,182.73092651367188,444.9342346191406,126.02922058105467,44.38999938964844,475.5249938964844,533.6015014648438,20.81999969482422
2024-06-26,,193.6100006103516,8.134934425354004,52.57511520385742,380.687744140625,40.79020309448242,28.667293548583984,182.5820159912109,446.1280822753906,126.3390884399414,43.72999954223633,476.5069580078125,534.2674560546875,20.280000686645508
2024-06-27,,197.8500061035156,8.482810974121094,53.47091293334961,380.99908447265625,40.81901168823242,29.382349014282227,184.1011962890625,446.8089294433594,123.93022918701172,45.619998931884766,477.7369689941406,535.109619140625,20.71999931335449
2024-06-28,,193.25,8.250893592834473,52.94451522827149,380.5806884765625,40.89582824707031,28.379409790039062,180.86419677734372,440.9876098632813,123.48046112060548,44.2599983215332,475.2571105957031,533.0039672851562,20.1200008392334
2024-07-01,,197.1999969482422,7.715700149536133,48.93650817871094,380.9018249511719,40.99184799194336,25.69563102722168,181.6982879638672,450.6371154785156,124.2401123046875,42.68999862670898,478.0445251464844,534.1009521484375,19.34000015258789
2024-07-02,,200.0,7.894098281860352,50.617279052734375,382.6824645996094,41.11668014526367,26.10423469543457,183.9324188232422,453.153076171875,122.61087799072266,43.27999877929688,483.0637817382813,537.6952514648438,20.01000022888184
2024-07-03,,197.58999633789065,7.920857429504394,51.34685134887695,382.23486328125,41.72161865234375,26.466405868530277,184.5082855224609,454.6231994628906,128.21817016601562,44.630001068115234,487.0911865234375,540.0948486328125,20.149999618530277
2024-07-05,,200.0,7.894098281860352,50.03547668457031,383.0814514160156,41.89446258544922,26.42926025390625,189.25457763671875,461.3226318359375,125.76936340332033,45.09000015258789,492.16998291015625,543.209228515625,20.07999992370605
2024-07-08,,199.2899932861328,8.233054161071777,50.96821594238281,382.8478698730469,41.90406036376953,26.4942626953125,187.6956329345703,460.0202331542969,128.13819885253906,46.29999923706055,493.3404846191406,543.8360595703125,20.549999237060547
2024-07-09,,199.33999633789065,8.482810974121094,51.24526596069336,382.3419494628906,42.07690048217773,26.772857666015625,187.6459808349609,453.4096374511719,131.3166961669922,46.27000045776367,493.7670593261719,544.3648681640625,20.729999542236328
2024-07-10,,199.7899932861328,8.679046630859375,51.753196716308594,386.5454711914063,42.31695556640625,27.40433883666992,189.8304443359375,460.0301208496094,134.84500122070312,46.5,498.9153442382813,549.7515869140625,21.049999237060547
2024-07-11,,195.0500030517578,8.589849472045898,50.51569747924805,386.9054260253906,42.56661605834961,26.930727005004883,184.2600860595703,448.63421630859375,127.33860778808594,46.70000076293945,487.9740295410156,545.01123046875,21.1299991607666
2024-07-12,,194.4900054931641,8.500650405883789,49.59219741821289,389.5228576660156,42.73945236206055,26.614990234375,183.7636260986328,447.4994812011719,129.177734375,46.880001068115234,490.84075927734375,548.4490356445312,21.290000915527344
2024-07-15,,192.72000122070312,8.27638053894043,48.234642028808594,391.5077819824219,42.28815078735352,25.46346473693848,185.2133026123047,447.9041137695313,128.37811279296875,45.400001525878906,492.1600646972656,549.9573364257812,20.989999771118164
2024-07-16,,193.0200042724609,8.548506736755371,50.02624130249024,398.6109619140625,42.52820587158203,26.56855583190918,182.6217041015625,443.5232849121094,126.29910278320312,46.0,492.34857177734375,553.2186279296875,20.63999938964844
2024-07-17,,187.92999267578125,8.041789054870605,48.4008674621582,400.8196716308594,41.83684921264648,25.500612258911133,179.74217224121094,437.6033325195313,117.93313598632812,44.79999923706055,477.8956909179688,545.4618530273438,19.8700008392334
2024-07-18,,183.75,7.947953224182129,48.6409797668457,395.7502746582031,41.44315719604492,25.53775978088379,176.43568420410156,434.4953308105469,121.0316390991211,44.79999923706055,475.6340637207031,541.2700805664062,19.90999984741211
2024-07-19,,183.1300048828125,8.163776397705078,50.617279052734375,392.26904296875,41.03986358642578,26.19709587097168,176.40589904785156,431.2788696289063,117.8731689453125,46.13999938964844,471.418212890625,537.6755981445312,20.190000534057617
2024-07-22,,182.5500030517578,8.11685848236084,50.66020584106445,393.4371948242188,41.38554000854492,26.262104034423828,180.3876037597656,437.0311279296875,123.48046112060548,46.54999923706055,478.4412841796875,543.2191162109375,20.15999984741211
2024-07-23,,186.41000366210935,8.604808807373047,52.42486953735352,392.7947082519531,41.02066040039063,27.39504814147949,180.5067596435547,438.9156188964844,122.53091430664062,48.09000015258789,476.7550048828125,542.3670654296875,20.46999931335449
2024-07-24,,180.8300018310547,8.27638053894043,49.7540283203125,388.10247802734375,40.4253158569336,26.63356208801269,171.4114227294922,423.1784057617188,114.1949462890625,46.869998931884766,459.6535949707031,530.0756225585938,19.690000534057617
2024-07-25,,179.85000610351562,8.079322814941406,48.49491500854492,388.9007873535156,40.26208114624024,26.34568214416504,166.0991668701172,412.81842041015625,112.22589111328124,45.63999938964844,454.584716796875,527.3138427734375,19.68000030517578
2024-07-26,,182.5,8.22007942199707,49.486942291259766,395.2089538574219,40.67498016357422,26.932239532470703,165.82113647460938,419.5968017578125,113.00550842285156,46.060001373291016,459.2468872070313,533.2194213867188,19.979999542236328
2024-07-29,,183.1999969482422,8.013638496398926,48.4662971496582,394.76123046875,40.54054641723633,26.22875022888184,168.3332977294922,421.0373229980469,111.53621673583984,45.36000061035156,460.16943359375,533.5328979492188,19.299999237060547
2024-07-30,,181.7100067138672,8.032405853271484,48.323219299316406,396.61077880859375,40.35810470581055,25.68686866760254,169.08792114257812,417.2781372070313,103.68000793457033,44.0,453.8506774902344,530.8296508789062,18.950000762939453
2024-07-31,,186.97999572753903,8.614192962646484,50.383583068847656,397.6622009277344,41.24150848388672,27.540660858154297,170.32908630371094,412.7691040039063,116.96358489990234,45.43000030517578,467.2817687988281,539.4581298828125,19.940000534057617
2024-08-01,,184.07000732421875,8.464054107666016,49.248477935791016,392.5416259765625,40.52133941650391,26.97026634216309,169.55462646484375,411.5456237792969,109.1573715209961,45.27999877929688,455.9635314941406,531.8190307617188,19.3700008392334
2024-08-02,,167.89999389648438,7.79047155380249,45.06097030639648,386.6033630371094,39.94520950317383,25.335124969482425,165.4835662841797,403.0406494140625,107.21829986572266,42.72999954223633,445.1412658691406,521.9173583984375,18.13999938964844
2024-08-05,,161.02000427246094,7.800421237945557,44.39326095581055,376.5568237304688,38.8121452331543,25.297101974487305,158.1258544921875,389.8785705566406,100.4015884399414,41.970001220703125,431.8688659667969,506.7171325683594,18.059999465942383
2024-08-06,,161.92999267578125,8.228251457214355,45.78591537475586,379.6233520507813,39.03300094604492,26.666051864624023,157.1726531982422,394.2791137695313,104.19976043701172,43.130001068115234,435.9954223632813,511.3888854980469,18.450000762939453
2024-08-07,,162.77000427246094,8.088956832885742,45.05142974853516,377.4913940429688,39.27305603027344,27.25546264648437,157.8180694580078,393.1147766113281,98.86233520507812,44.209999084472656,431.273681640625,507.97076416015625,19.030000686645508
2024-08-08,,165.8000030517578,8.845120429992676,49.09585952758789,384.0625,40.16606140136719,31.153175354003903,160.88624572753906,397.3179931640625,104.91941833496094,48.79999923706055,444.466796875,519.7136840820312,19.780000686645508
2024-08-09,,166.94000244140625,9.203302383422852,50.44081497192383,384.67584228515625,40.38691329956055,32.550655364990234,162.5146484375,400.6035461425781,104.69951629638672,50.9900016784668,446.7879028320313,522.00537109375,20.57999992370605
2024-08-12,,166.8000030517578,9.402292251586914,52.16732406616211,383.3323974609375,40.52133941650391,32.550655364990234,161.14439392089844,401.383056640625,108.96746826171876,51.83000183105469,447.7500915527344,522.27978515625,21.440000534057617
2024-08-13,,170.22999572753906,9.551536560058594,54.208614349365234,387.245849609375,40.9726448059082,32.71226119995117,163.00119018554688,408.4870300292969,116.08402252197266,51.70000076293945,458.8599853515625,530.868896484375,21.59000015258789
2024-08-14,,170.10000610351562,9.889819145202637,55.67757415771485,389.48486328125,40.75179672241211,33.691436767578125,159.23793029785156,411.2990112304688,118.02310943603516,51.86000061035156,459.0088195800781,532.543701171875,21.600000381469727
2024-08-15,,177.58999633789062,10.357446670532228,56.54560089111328,395.1213073730469,41.20309829711914,33.73897171020508,160.16140747070312,416.1621398925781,122.80079650878906,52.790000915527344,470.6048278808594,541.671630859375,21.780000686645508
2024-08-16,,177.05999755859375,10.088809967041016,55.66813278198242,396.2778930664063,41.68321228027344,33.43475341796875,161.80967712402344,413.6316833496094,124.51996612548828,52.52000045776367,471.2099609375,542.8860473632812,21.670000076293945
2024-08-19,,178.22000122070312,10.34749698638916,56.81907653808594,398.5868835449219,42.08650588989258,33.62404251098633,165.4934844970703,416.65631103515625,129.9373321533203,52.869998931884766,477.3997497558594,548.0767822265625,21.790000915527344
2024-08-20,,178.8800048828125,10.257951736450195,56.74038314819336,398.0511169433594,41.760032653808594,33.740516662597656,165.9998779296875,419.8885192871094,127.18868255615234,52.59999847412109,476.39788818359375,547.1856079101562,21.63999938964844
2024-08-21,,180.11000061035156,9.99926471710205,55.107421875,398.469970703125,41.92326354980469,32.87662506103516,164.67926025390625,419.2361755371094,128.4380645751953,51.59000015258789,478.619873046875,549.0660400390625,21.1200008392334
2024-08-22,,176.1300048828125,9.392343521118164,51.654598236083984,396.9989013671875,41.40474319458008,32.14862060546875,162.6437530517578,410.7454833984375,123.68036651611328,50.56999969482422,471.0313720703125,544.7567138671875,20.68000030517578
2024-08-23,,177.0399932861328,9.631132125854492,52.67765808105469,401.2369079589844,42.09610748291016,33.662872314453125,164.45089721679688,411.9710998535156,129.30763244628906,51.13999938964844,476.1399230957031,550.544921875,21.06999969482422
2024-08-26,,175.5,9.27294921875,51.87101745605469,402.10394287109375,41.74082565307617,32.79896926879883,164.98709106445312,408.7092895507813,126.39905548095705,50.810001373291016,471.5174865722656,549.232421875,21.31999969482422
2024-08-27,,173.1199951171875,9.412242889404297,51.89068984985352,402.2696228027344,41.79843521118164,33.91524124145508,163.51751708984375,409.0552368164063,128.23817443847656,51.5,472.926025390625,549.9866943359375,21.59000015258789
2024-08-28,,170.8000030517578,9.412242889404297,51.67427444458008,400.759521484375,41.5391731262207,34.157901763916016,161.700439453125,405.8527221679688,125.54946899414062,51.970001220703125,467.5595397949219,546.7938232421875,21.729999542236328
2024-08-29,,172.1199951171875,9.949517250061035,54.83198547363281,403.263427734375,41.558380126953125,36.57488250732422,160.63800048828125,408.3435668945313,117.5333251953125,53.0,466.8751220703125,546.8427734375,22.440000534057617
2024-08-30,,178.5,10.188304901123049,57.8126220703125,405.5042724609375,41.644798278808594,38.02118682861328,162.22671508789062,412.3170776367188,119.3124771118164,54.41999816894531,472.4399719238281,552.06298828125,23.700000762939453
2024-09-03,,176.25,10.37734603881836,59.61281204223633,399.6975708007813,40.81901168823242,39.10833740234375,156.2491912841797,404.70611572265625,107.9479522705078,54.86000061035156,458.0962219238281,540.7020263671875,23.25
2024-09-04,,173.3300018310547,11.41209602355957,63.4394416809082,399.8632507324219,40.80941009521485,41.00114440917969,155.34561157226562,404.17236328125,106.1588134765625,56.68000030517578,456.9058532714844,539.5952758789062,24.040000915527344
2024-09-05,,177.88999938964844,11.24295425415039,62.3671989440918,397.9536437988281,40.86702346801758,40.75847625732422,156.1300506591797,403.6682434082031,107.15833282470705,56.66999816894531,457.3324890136719,538.282958984375,23.920000076293945
2024-09-06,,171.38999938964844,10.94446849822998,61.05886459350586,394.0662536621094,40.11804962158203,39.87516784667969,149.85464477539062,397.05560302734375,102.78044891357422,56.18000030517578,445.0816955566406,529.2235717773438,23.350000381469727
2024-09-09,,175.39999389648438,11.00416660308838,62.80002975463867,398.5284423828125,40.45412826538086,41.04967498779297,147.856201171875,401.0290832519531,106.41869354248048,57.7599983215332,450.8053283691406,535.1488647460938,23.270000457763672
2024-09-10,,179.5500030517578,10.675830841064451,60.50798797607422,397.7587890625,40.30049514770508,40.33137893676758,147.80648803710938,409.4111022949219,108.04788970947266,57.22999954223633,454.97161865234375,537.4797973632812,22.71999931335449
2024-09-11,,184.5200042724609,10.874821662902832,62.95742416381836,398.7427368164063,40.5981559753418,41.8941535949707,150.29212951660156,418.1488952636719,116.8536605834961,58.68999862670898,464.8514404296875,542.9937133789062,22.81999969482422
2024-09-12,,187.0,11.034013748168944,64.43299102783203,401.3733215332031,40.93423843383789,42.20476913452149,153.80186462402344,422.0630798339844,119.0927734375,58.9900016784668,469.41448974609375,547.5675659179688,23.11000061035156
2024-09-13,,186.4900054931641,11.28275203704834,66.65617370605469,404.2668762207031,41.12628173828125,43.73843383789063,156.55596923828125,425.611572265625,119.0527801513672,59.13999938964844,471.5174865722656,550.4273071289062,23.309999465942383
2024-09-16,,184.88999938964844,11.272802352905272,66.14464569091797,406.6441345214844,41.26071548461914,43.02985000610352,157.1525115966797,426.3529052734375,116.73370361328124,58.7599983215332,469.434326171875,551.2401733398438,23.8700008392334
2024-09-17,,186.8800048828125,11.28275203704834,68.4170150756836,406.52728271484375,41.30872344970703,43.81608963012695,158.40530395507812,430.1188659667969,115.54417419433594,58.56999969482422,469.6822814941406,551.4655151367188,23.649999618530277
2024-09-18,,186.42999267578125,11.690681457519531,69.70567321777344,405.4847717285156,41.16468811035156,44.77705383300781,158.89248657226562,425.8290710449219,113.3250503540039,59.43999862670898,467.6488037109375,549.8299560546875,23.559999465942383
2024-09-19,,189.8699951171875,11.979217529296877,73.61100769042969,410.5704956054688,42.03849029541016,45.718597412109375,161.20909118652344,433.6179504394531,117.82327270507812,62.40999984741211,479.472900390625,559.2125244140625,24.26000022888184
2024-09-20,,191.6000061035156,11.79017734527588,72.85354614257812,410.9692077636719,41.95207214355469,45.26239013671875,162.65077209472656,430.2374877929688,115.95401763916016,61.86000061035156,478.5603332519531,558.2457885742188,23.649999618530277
2024-09-23,,193.8800048828125,11.511590003967283,70.58116912841797,411.496826171875,42.27854919433594,44.29172134399414,160.92076110839844,428.497802734375,116.21392059326172,59.97999954223633,479.8288269042969,559.6408081054688,22.8799991607666
2024-09-24,,193.9600067138672,11.362348556518556,68.07271575927734,412.4934997558594,43.718875885009766,43.0589599609375,161.35821533203125,424.2080078125,120.82209014892578,60.18000030517578,482.1433410644531,561.2420654296875,22.75
2024-09-25,,192.52999877929688,10.8549222946167,65.65278625488281,409.5523071289063,43.25797271728516,41.86504364013672,160.56283569335938,427.114013671875,123.4610366821289,59.400001525878906,482.5903625488281,560.0042724609375,22.350000381469727
2024-09-26,,191.16000366210935,10.68578052520752,64.37397003173828,411.9952087402344,44.84233856201172,41.94268798828125,161.79568481445312,426.3232421875,123.99082946777344,58.2400016784668,486.2161254882813,562.2244873046875,22.059999465942383
2024-09-27,,187.97000122070312,10.864871978759766,65.35768127441406,413.29486083984375,44.75592041015625,42.49597930908203,163.00869750976562,423.0712585449219,121.35187530517578,58.619998931884766,483.5141906738281,561.4090576171875,21.68000030517578
2024-09-30,,186.3300018310547,10.317648887634276,62.46556854248047,413.46099853515625,44.03575134277344,40.85554122924805,164.89781188964844,425.3248901367188,121.39186096191406,60.040000915527344,484.8253784179688,563.6588134765625,21.209999084472656
2024-10-01,,185.1300048828125,10.43704319000244,64.21656799316406,411.87799072265625,44.35262680053711,41.16615295410156,166.03125,415.8260192871094,116.95362091064452,61.02999877929688,478.0705871582031,558.6092529296875,21.670000076293945
2024-10-02,,184.75999450683597,10.397244453430176,63.94113540649414,412.2786560058594,45.22642517089844,40.709938049316406,164.90773010253906,412.3072204589844,118.8028793334961,59.97999954223633,478.74609375,558.8450927734375,21.690000534057617
2024-10-03,,181.9600067138672,11.034013748168944,66.13480377197266,410.3927307128906,44.68870544433594,42.13682556152344,164.90773010253906,411.72406005859375,122.80130004882812,62.119998931884766,478.3884582519531,557.823486328125,22.36000061035156
2024-10-04,,186.50999450683597,11.073812484741213,66.84307861328125,413.7443542480469,45.10159683227539,42.214481353759766,166.10084533691406,411.2495727539063,124.87047576904295,63.060001373291016,484.0804138183594,562.892578125,22.239999771118164
2024-10-07,,180.8000030517578,10.755427360534668,64.49200439453125,410.0311279296875,45.4760856628418,41.27293014526367,162.04428100585938,404.8049926757813,127.66936492919922,61.02000045776367,478.8951110839844,557.8037719726562,21.979999542236328
2024-10-08,,182.72000122070312,11.262852668762209,67.8464584350586,411.1940002441406,44.35262680053711,42.88424301147461,163.4362335205078,409.9152221679688,132.83731079101562,61.72999954223633,486.0472106933594,563.0792236328125,22.100000381469727
2024-10-09,,185.1699981689453,11.650884628295898,69.5876235961914,415.3469543457031,44.11256790161133,45.21385955810547,160.93069458007812,412.6333923339844,132.597412109375,63.790000915527344,489.8716430664063,566.9793090820312,23.59000015258789
2024-10-10,,186.6499938964844,11.879721641540527,72.00755310058594,414.96588134765625,44.19898986816406,46.533966064453125,161.14944458007812,411.0321044921875,134.75656127929688,63.66999816894531,489.3153381347656,565.987060546875,24.25
2024-10-11,,188.82000732421875,12.287652969360352,73.61100769042969,418.9429016113281,44.51586151123047,48.31029510498047,162.3027801513672,411.5065612792969,134.74656677246094,64.97000122070312,490.0802001953125,569.3763427734375,24.8799991607666
2024-10-14,,187.5399932861328,11.959320068359377,72.97158813476562,421.0536193847656,44.33341979980469,47.98997116088867,164.01290893554688,414.2939758300781,138.01527404785156,64.87999725341797,494.1927185058594,574.032958984375,25.25
2024-10-15,,187.69000244140625,11.979217529296877,73.74871826171875,417.7801208496094,43.39240264892578,48.19381713867188,164.5100555419922,413.8985900878906,131.54783630371094,65.5999984741211,487.5869445800781,569.5728759765625,25.739999771118164
2024-10-16,,186.88999938964844,11.28275203704834,69.14495086669922,420.8874816894531,43.72848510742188,47.40756988525391,164.2117462158203,411.3088684082031,135.66619873046875,64.36000061035156,487.6465148925781,572.0484619140625,24.8799991607666
2024-10-17,,187.52999877929688,11.262852668762209,70.0401382446289,422.5780334472656,43.6612663269043,47.38815689086914,161.99456787109375,411.9019470214844,136.87571716308594,67.8499984741211,487.9842529296875,572.0975341796875,25.020000457763672
2024-10-18,,188.9900054931641,11.501641273498535,71.56488800048828,422.9093933105469,44.09336471557617,49.13536071777344,162.48175048828125,413.3253173828125,137.94529724121094,67.62999725341797,491.1828308105469,574.2982177734375,25.0
2024-10-21,,189.07000732421875,11.601136207580566,71.66325378417969,419.7129821777344,43.786094665527344,49.14506530761719,163.12803649902344,413.9381103515625,143.6530303955078,67.66000366210938,492.1265563964844,573.35498046875,24.8700008392334
2024-10-22,,189.6999969482422,11.531490325927734,71.24026489257812,419.6542663574219,43.69007110595703,49.057708740234375,164.19186401367188,422.5672302246094,143.53309631347656,67.66000366210938,492.6629638671875,573.0504760742188,24.81999969482422
2024-10-23,,184.7100067138672,11.272802352905272,69.7942123413086,415.5976867675781,43.430809020996094,48.31029510498047,161.84542846679688,419.69085693359375,139.50466918945312,66.55999755859375,485.1134643554688,567.8142700195312,24.299999237060547
2024-10-24,,186.3800048828125,12.307552337646484,75.5882568359375,414.2486877441406,43.36360168457031,51.37761688232422,161.78575134277344,419.8193664550781,140.35433959960938,68.18000030517578,489.0471801757813,569.0423583984375,25.11000061035156
2024-10-25,,187.8300018310547,13.382100105285645,78.11640167236328,411.6680908203125,43.32518768310547,52.30945587158203,164.3211212158203,423.1997985839844,141.48388671875,68.61000061035156,492.0272521972656,568.8458862304688,25.649999618530277
2024-10-28,,188.38999938964844,13.740283012390137,77.82128143310547,414.53216552734375,43.51723098754883,52.52300643920898,165.76280212402344,421.6578369140625,140.4643096923828,67.0,492.106689453125,570.6043701171875,25.51000022888184
2024-10-29,,190.8300018310547,13.790029525756836,77.67372131347656,412.99749755859375,43.3828010559082,51.96001052856445,168.70578002929688,426.9558715820313,141.19400024414062,66.4000015258789,496.83502197265625,571.52783203125,24.84000015258789
2024-10-30,,192.72999572753903,13.501493453979492,76.75887298583984,412.2643432617188,42.96030807495117,50.72726440429688,173.45835876464844,427.5291442871094,139.28475952148438,66.73999786376953,493.0801696777344,569.798828125,24.549999237060547
2024-10-31,,186.3999938964844,13.700484275817873,76.95561981201172,408.2761535644531,42.68183898925781,51.173770904541016,170.12759399414062,401.65185546875,132.70738220214844,66.93000030517578,480.6334838867188,558.62890625,24.51000022888184
2024-11-01,,197.92999267578125,13.710433959960938,74.41764831542969,410.9642028808594,42.720252990722656,50.40694427490234,170.3065643310547,405.6253662109375,135.34632873535156,66.0199966430664,484.1896362304688,560.9866943359375,25.3700008392334
2024-11-04,,195.77999877929688,13.640787124633787,73.86676788330078,408.64752197265625,42.96030807495117,50.23221969604492,168.26832580566406,403.7374572753906,135.99607849121094,65.72000122070312,482.7791137695313,559.7782592773438,26.59000015258789
2024-11-05,,199.5,14.02881908416748,74.20122528076172,412.8019409179688,43.54603958129883,50.27105331420898,168.76547241210938,406.7027282714844,139.8545379638672,67.69000244140625,488.9378662109375,566.5470581054688,27.489999771118164
2024-11-06,,207.08999633789065,15.212810516357422,80.83142852783203,427.3962097167969,43.00831604003906,53.32866668701172,175.49658203125,415.3218688964844,145.55227661132812,69.2300033569336,502.218994140625,580.6346435546875,28.25
2024-11-07,,210.0500030517578,15.690387725830078,80.34941101074219,427.5526428222656,43.95893096923828,53.15393829345703,179.71226501464844,420.5111999511719,148.82098388671875,69.41999816894531,510.12603759765625,585.1241455078125,29.31999969482422
2024-11-08,,208.17999267578125,15.292407035827637,77.93932342529297,430.2113952636719,42.87388610839844,52.24150848388672,177.32603454589844,417.6546325683594,147.5714874267578,70.16000366210938,510.7221374511719,587.65869140625,29.239999771118164
2024-11-11,,206.83999633789065,15.491397857666016,77.83111572265625,433.0460815429688,42.54740905761719,52.2318115234375,179.31454467773438,413.1770324707031,145.20240783691406,71.06999969482422,510.4241943359375,588.21875,29.84000015258789
2024-11-12,,208.91000366210935,15.680438995361328,78.48036193847656,429.5076293945313,41.74082565307617,53.14423370361328,180.5772399902344,418.1389770507813,148.23118591308594,71.69000244140625,509.5002746582031,586.3914184570312,29.790000915527344
2024-11-13,,214.1000061035156,16.09832000732422,78.25411987304688,429.9181823730469,41.47195816040039,53.41601943969727,177.85301208496094,420.2839050292969,146.21200561523438,73.97000122070312,508.8446960449219,586.6763305664062,30.90999984741211
2024-11-14,,211.47999572753903,15.959025382995604,77.75242614746094,427.8556518554688,41.24150848388672,53.10540390014648,174.57192993164062,421.9543762207031,146.70181274414062,75.83999633789062,505.3083190917969,582.9039916992188,32.2599983215332
2024-11-15,,202.6100006103516,16.167964935302734,78.73612976074219,424.9956665039063,41.24150848388672,54.63907241821289,171.4996795654297,410.2018127441406,141.9237060546875,76.37999725341797,493.2688903808594,575.4378051757812,32.38999938964844
2024-11-18,,201.6999969482422,17.59074592590332,83.0447769165039,424.68255615234375,41.71201705932617,57.424896240234375,174.2935333251953,410.95306396484375,140.09442138671875,80.0199966430664,496.6959838867188,577.7954711914062,34.939998626708984
2024-11-19,,204.6100006103516,17.152965545654297,79.5329360961914,423.3621826171875,41.68321228027344,55.357364654541016,177.0973358154297,412.9595947265625,146.95172119140625,79.41000366210938,500.1130981445313,579.9075927734375,35.54999923706055
2024-11-20,,202.8800048828125,17.481300354003906,80.46746063232422,424.7803955078125,41.63520050048828,55.96888732910156,174.96961975097656,410.6861267089844,145.83216857910156,81.88999938964844,499.8250122070313,580.1040649414062,37.16999816894531
2024-11-21,,198.3800048828125,16.31720542907715,78.70661926269531,429.3579406738281,41.54877853393555,54.28963088989258,166.66758728027344,408.9132995605469,146.6118621826172,82.27999877929688,501.62298583984375,583.21826171875,37.470001220703125
2024-11-22,,197.1199951171875,16.466449737548828,79.59195709228516,433.4562072753906,41.558380126953125,53.85282897949219,163.8140411376953,413.0037231445313,141.8937225341797,84.93000030517578,502.4276123046875,585.02587890625,40.02999877929688
2024-11-25,,201.4499969482422,16.416702270507812,79.44440460205078,437.75982666015625,41.587188720703125,53.88194274902344,166.6874542236328,414.7765808105469,135.96609497070312,82.62999725341797,503.2222900390625,587.0103759765625,39.2599983215332
2024-11-26,,207.8600006103516,16.804733276367188,82.43487548828125,439.0509643554688,41.41434860229492,55.066162109375,168.14901733398438,423.888427734375,136.86573791503906,83.93000030517578,505.9241638183594,590.0753784179688,40.02999877929688
2024-11-27,,205.7400054931641,16.27741050720215,80.70355224609375,437.9359130859375,41.47195816040039,54.46434783935547,168.25840759277344,418.9363403320313,135.2863311767578,84.19999694824219,501.9408264160156,588.2874145507812,39.709999084472656
2024-11-29,,207.88999938964844,16.496299743652344,83.51696014404297,440.2345275878906,41.5391731262207,54.78467178344727,167.97999572753906,419.4018249511719,138.19520568847656,85.58999633789062,506.3513488769531,591.9420166015625,40.29999923706055
2024-12-02,,210.7100067138672,17.292259216308594,86.25167083740234,438.91400146484375,41.702415466308594,57.49283981323242,170.5054168701172,426.8497924804688,138.5750274658203,86.93000030517578,511.8643798828125,593.0029907226562,40.220001220703125
2024-12-03,,213.44000244140625,17.152965545654297,83.19233703613281,438.0826721191406,41.78883361816406,56.40569305419922,170.3562774658203,427.0676574707031,140.20440673828125,87.0999984741211,513.4338989257812,593.2779541015625,40.150001525878906
2024-12-04,,218.16000366210935,16.2276611328125,81.57905578613281,441.0658874511719,41.89446258544922,54.47405624389648,173.36886596679688,433.2280578613281,145.08245849609375,86.05999755859375,519.781494140625,596.9619140625,38.380001068115234
2024-12-05,,220.5500030517578,16.645540237426758,84.52033996582031,438.8455810546875,42.17292022705078,56.52217483520508,171.6488037109375,438.3782043457031,145.0124969482422,87.0199966430664,518.341064453125,595.9795532226562,38.459999084472656
2024-12-06,,227.02999877929688,17.182815551757812,85.20894622802734,437.35882568359375,42.10570526123047,57.191932678222656,173.70693969726562,439.3191223144531,142.3933563232422,87.41999816894531,522.9800415039062,597.1094360351562,38.869998931884766
2024-12-09,,226.08999633789065,17.33205795288086,84.53018188476562,435.3341369628906,42.96990585327149,56.57070159912109,174.56297302246094,441.74560546875,138.7645263671875,87.86000061035156,518.9073486328125,594.0345458984375,40.5099983215332
2024-12-10,,225.0399932861328,16.536096572875977,82.78901672363281,433.974609375,42.27854919433594,56.25038528442383,184.31787109375,439.0813903808594,135.0257568359375,86.7300033569336,517.1390991210938,592.1875610351562,40.650001525878906
2024-12-11,,230.25999450683597,17.302209854125977,89.19296264648438,432.8204040527344,42.45138549804688,59.958343505859375,194.50079345703125,444.6871643066406,139.2643585205078,90.51000213623048,526.397216796875,596.7655639648438,43.119998931884766
2024-12-12,,228.97000122070312,17.26241111755371,88.12071990966797,430.6294860839844,42.24013900756836,59.7739143371582,191.07662963867188,445.251708984375,137.29501342773438,89.66000366210938,522.9999389648438,593.6906127929688,43.959999084472656
2024-12-13,,227.4600067138672,17.133066177368164,91.46533966064452,429.7492065429688,42.27854919433594,60.49221420288086,188.94647216796875,442.983642578125,134.20602416992188,89.38999938964844,527.003173828125,593.57275390625,44.560001373291016
2024-12-16,,232.92999267578125,19.122970581054688,105.0897216796875,428.7711181640625,42.048095703125,65.77266693115234,195.7550048828125,447.2622375488281,131.9567413330078,91.79000091552734,534.59228515625,596.1072998046875,44.58000183105469
2024-12-17,,231.1499938964844,19.113019943237305,104.52899932861328,426.0324096679688,41.9475212097168,66.70451354980469,194.52069091796875,450.1047058105469,130.3472900390625,90.69000244140624,532.2381591796875,593.6513061523438,44.880001068115234
2024-12-18,,220.5200042724609,17.33205795288086,95.86251831054688,414.9309997558594,40.97108840942383,61.47259140014648,187.5330047607422,433.1983642578125,128.86778259277344,85.6500015258789,513.0366821289062,575.9583740234375,41.68999862670898
2024-12-19,,223.2899932861328,16.794782638549805,93.68851470947266,415.2341918945313,41.1077880859375,59.50212478637695,187.6424865722656,432.8417663574219,130.63717651367188,84.97000122070312,510.7518615722656,575.7815551757812,41.41999816894531
2024-12-20,,224.9199981689453,18.20761489868164,95.1247329711914,420.3673706054688,41.27378463745117,61.72496795654297,190.52914428710935,432.41595458984375,134.65586853027344,85.91999816894531,515.2120361328125,582.697265625,42.02000045776367
2024-12-23,,225.05999755859372,18.386707305908203,96.14778900146484,420.710693359375,41.50812911987305,61.2590446472168,193.73434448242188,431.078857421875,139.62425231933594,86.66999816894531,520.2315673828125,586.1865844726562,42.43999862670898
2024-12-24,,229.0500030517578,19.361757278442383,98.41032409667967,424.2518310546875,41.63506317138672,62.96742630004883,195.20751953125,435.1197204589844,140.174072265625,88.20999908447266,527.285888671875,592.7020874023438,42.790000915527344
2024-12-26,,227.0500030517578,19.461254119873047,99.7678451538086,424.9482727050781,41.48860168457031,62.82183074951172,194.69989013671875,433.9114379882813,139.88417053222656,88.11000061035156,526.9276123046875,592.7415771484375,43.060001373291016
2024-12-27,,223.75,19.58064842224121,98.59723663330078,421.7994995117188,41.30307769775391,62.41414260864258,191.87294006347656,426.4040832519531,136.96510314941406,88.38999938964844,519.9231567382812,586.5020751953125,42.63999938964844
2024-12-30,,221.3000030517578,18.953828811645508,95.7346420288086,417.650146484375,40.97108840942383,60.9775505065918,190.3599395751953,420.7586975097656,137.4449462890625,87.76000213623047,513.0081787109375,579.80908203125,42.369998931884766
2024-12-31,,219.38999938964844,18.96377944946289,95.18375396728516,417.3853149414063,40.83438873291016,60.49221420288086,188.4288787841797,417.4606323242188,134.2460174560547,87.94000244140625,508.6502990722656,577.6997680664062,42.5099983215332
2025-01-02,,220.22000122070312,21.660099029541016,107.39159393310548,415.71771240234375,40.77580261230469,66.78215789794922,188.55825805664065,414.568603515625,138.2646942138672,93.05999755859376,507.6553955078125,576.2803344726562,44.59999847412109
2025-01-03,,224.19000244140625,22.147624969482425,108.95569610595705,419.0137634277344,41.15661239624024,68.06343841552734,190.90740966796875,419.2928466796875,144.4226837158203,93.54000091552734,515.9632568359375,583.4857788085938,44.060001373291016
2025-01-06,,227.6100006103516,23.15252494812012,111.98551177978516,418.9842529296875,41.30307769775391,69.02442169189453,195.9640350341797,423.749755859375,149.38104248046875,94.13999938964844,521.8931884765625,586.8469848632812,45.0099983215332
2025-01-07,,222.1100006103516,22.84408950805664,113.96277618408205,417.2185363769531,41.01014709472656,70.10185241699219,194.59039306640625,418.322265625,140.09408569335938,94.77999877929688,512.5803833007812,580.2132568359375,46.02999877929688
2025-01-08,,222.1300048828125,22.3366641998291,111.17887115478516,418.0032958984375,40.81485748291016,68.91764068603516,193.05747985839844,420.49127197265625,140.06410217285156,92.68000030517578,512.6699829101562,581.06103515625,45.31999969482422
2025-01-10,,218.94000244140625,23.3017692565918,111.98551177978516,411.3329772949219,40.1215934753418,69.94654846191406,191.1562347412109,414.9350280761719,135.86549377441406,94.87999725341795,504.6307067871094,572.1896362304688,45.84999847412109
2025-01-13,,218.4600067138672,21.56060218811035,105.25695037841795,414.8937683105469,39.84819412231445,66.06387329101562,190.1309814453125,413.1919250488281,133.18637084960938,89.58000183105469,503.0089416503906,573.0768432617188,44.5099983215332
2025-01-14,,217.75999450683597,22.973434448242188,112.72329711914062,417.0419616699219,40.29735565185547,68.3643569946289,188.7872009277344,411.6864929199219,131.71682739257812,93.22000122070312,502.5313415527344,573.8653564453125,45.0
2025-01-15,,223.3500061035156,23.25202178955078,113.23483276367188,423.9967651367188,40.82462692260742,69.52915954589844,194.6501007080078,422.2244873046875,136.1953887939453,92.41999816894533,514.0927124023438,584.303955078125,45.0
2025-01-16,,220.66000366210935,22.605300903320312,109.8115234375,423.3297729492188,40.77580261230469,67.84989166259766,192.02224731445312,420.5110473632813,133.52626037597656,89.01000213623047,510.4909973144531,583.1802368164062,43.81999969482422
2025-01-17,,225.94000244140625,21.779491424560547,102.74848175048828,426.5896301269531,41.098026275634766,65.1029052734375,195.09800720214844,424.91845703125,137.66490173339844,86.01000213623047,519.1072998046875,589.035400390625,42.709999084472656
2025-01-21,,230.7100067138672,23.21222305297852,107.50963592529295,431.8689880371094,41.53742218017578,68.1022720336914,197.13861083984372,424.3935546875,140.78387451171875,89.11000061035156,522.15185546875,594.4270629882812,43.34999847412109
2025-01-22,,235.00999450683597,23.530607223510746,106.98827362060548,433.0269165039063,41.56671524047852,68.78174591064453,197.4571228027344,441.9239196777344,147.02186584472656,87.94999694824219,528.8279418945312,597.7686767578125,43.02000045776367
2025-01-23,,235.4199981689453,22.784393310546875,103.60430908203124,437.05023193359375,41.66435623168945,66.87923431396484,197.0689239501953,442.4289855957031,147.17178344726562,86.83999633789062,529.952392578125,601.03125,41.959999084472656
2025-01-24,,234.8500061035156,22.426210403442383,102.65995025634766,435.8138427734375,41.93775939941406,66.2288818359375,199.2886657714844,439.8044128417969,142.57327270507812,85.63999938964844,526.95751953125,599.2767333984375,40.959999084472656
2025-01-27,,235.4199981689453,21.09297561645508,96.0887680053711,438.7577209472656,41.17613983154297,62.87035751342773,190.92730712890625,430.39544677734375,118.38121032714844,82.83999633789062,511.6153564453125,590.7997436523438,39.619998931884766
2025-01-28,,238.1499938964844,21.27206420898437,96.25599670410156,440.0236206054688,41.47883224487305,63.96720886230469,194.4012451171875,442.9143371582031,128.94775390625,81.30000305175781,519.1768798828125,595.8760986328125,38.86000061035156
2025-01-29,,237.07000732421875,22.72469711303711,100.24986267089844,438.8165893554688,41.48860168457031,66.37447357177734,194.5107421875,438.0909729003906,123.65948486328124,87.26000213623047,518.201904296875,593.204833984375,40.0
2025-01-30,,234.63999938964844,22.48590850830078,99.95474243164062,440.4259338378906,42.191627502441406,67.26748657226562,199.9456024169922,411.0130004882813,124.60916900634766,89.75,520.41064453125,596.3885498046875,40.47999954223633
2025-01-31,,237.67999267578125,21.739694595336918,97.8299331665039,437.0600891113281,41.71318054199219,65.5008773803711,203.0811309814453,411.0823364257813,120.03067016601562,89.43000030517578,519.6544799804688,593.2147216796875,39.470001220703125
2025-02-03,,237.4199981689453,21.40140914916992,94.3279266357422,435.9610290527344,41.41048431396485,63.26832580566406,200.303955078125,406.9820556640625,116.62179565429688,85.0199966430664,515.4956665039062,589.2225341796875,38.47999954223633
2025-02-04,,242.05999755859372,21.102924346923828,94.67222595214844,437.1974182128906,42.15257263183594,63.50128936767578,205.43028259277344,408.4181213378906,118.61113739013672,86.43000030517578,521.823486328125,593.17529296875,39.31999969482422
2025-02-05,,236.1699981689453,20.91388320922852,91.15055084228516,440.27874755859375,42.045166015625,61.83174133300781,190.4495391845703,409.3293151855469,124.78911590576172,83.0,524.1915283203125,595.580322265625,38.560001373291016
2025-02-06,,238.8300018310547,22.25707054138184,97.55449676513672,438.9931640625,42.22092819213867,64.69522857666016,190.71829223632807,411.83502197265625,128.63784790039062,86.2300033569336,526.9276123046875,597.650390625,39.33000183105469
2025-02-07,,229.1499938964844,20.963632583618164,91.79979705810548,434.8324890136719,42.18186569213867,61.72496795654297,184.4870758056641,405.8232116699219,129.79745483398438,80.66999816894531,520.2813110351562,592.1797485351562,37.790000915527344
2025-02-10,,233.13999938964844,20.615398406982425,93.84590911865234,436.4614868164063,42.68960952758789,61.19109725952149,185.61187744140625,408.2695617675781,133.52626037597656,80.66000366210938,526.5794067382812,596.2012939453125,38.0
2025-02-11,,232.75999450683597,19.05332565307617,87.99283599853516,437.7665710449219,42.52361679077149,56.89102935791016,184.4671936035156,407.4970397949219,132.7565155029297,77.26000213623047,525.3257446289062,596.6547241210938,36.09999847412109
2025-02-12,,228.92999267578125,19.30206298828125,89.28150177001953,435.33294677734375,42.75796127319336,56.38627624511719,182.7650604248047,405.1200256347656,131.09706115722656,78.16000366210938,525.6341552734375,594.7327270507812,36.2599983215332
2025-02-13,,230.3699951171875,20.068174362182617,90.68820190429688,438.8951110839844,43.0313606262207,57.30841445922852,185.28341674804688,406.6056213378906,135.24566650390625,80.56999969482422,533.1958618164062,601.0115356445312,37.13999938964844
2025-02-14,,228.67999267578125,20.16767120361328,90.66853332519533,437.45257568359375,43.36334991455078,57.07545471191406,184.3775787353516,404.515869140625,138.8045196533203,80.81999969482422,535.4345092773438,600.98193359375,37.220001220703125
2025-02-18,,226.6499938964844,19.680145263671875,91.14071655273438,437.5802307128906,43.636749267578125,57.5025520324707,182.9243011474609,405.7142639160156,139.35433959960938,81.11000061035156,536.6483154296875,602.7464599609375,37.15999984741211
2025-02-19,,226.6300048828125,19.759740829467773,89.3306884765625,438.3161926269531,43.56840133666992,57.8034553527832,184.4174041748047,410.7951049804688,139.18438720703125,80.8499984741211,536.797607421875,604.1658325195312,37.11000061035156
2025-02-20,,222.8800048828125,20.227367401123047,92.22279357910156,434.1161804199219,43.9687385559082,59.25946044921875,183.71067810058597,412.968505859375,140.06410217285156,81.47000122070312,534.5191650390625,601.65234375,38.38999938964844
2025-02-21,,216.5800018310547,19.252315521240234,88.2092514038086,426.6658630371094,43.84180068969727,57.191932678222656,178.83323669433594,405.1086120605469,134.38595581054688,80.51000213623047,523.4254150390625,591.3616333007812,37.060001373291016
2025-02-24,,212.7100067138672,18.784687042236328,86.56645965576172,427.0393371582031,43.168060302734375,56.43481063842773,178.42510986328125,400.9306335449219,130.23733520507812,79.31999969482422,517.2467041015625,588.6705322265625,36.380001068115234
2025-02-25,,212.8000030517578,18.844385147094727,85.07122039794922,428.6117248535156,43.197357177734375,55.95918655395508,174.61273193359375,394.876953125,126.58851623535156,77.0,510.7297973632813,585.7430419921875,35.41999816894531
2025-02-26,,214.3500061035156,18.923980712890625,86.49760437011719,426.8525695800781,43.62698745727539,57.36665344238281,171.93511962890625,396.6930847167969,131.23699951171875,77.08999633789062,511.9635314941406,586.0386962890625,35.68000030517578
2025-02-27,,208.7400054931641,17.998676300048828,78.99189758300781,424.8968811035156,42.77749252319336,53.87223815917969,167.72459411621094,389.54779052734375,120.1106414794922,73.44000244140625,497.74560546875,576.6843872070312,34.45000076293945
2025-02-28,,212.27999877929688,18.665292739868164,82.42504119873047,430.8130798339844,42.191627502441406,55.54179763793945,169.49636840820312,393.973876953125,124.87908172607422,76.80999755859375,505.6057739257813,585.6839599609375,35.04999923706055
2025-03-03,,205.0200042724609,18.61554527282715,81.09703826904297,424.6413269042969,41.820587158203125,54.90114974975586,166.24143981933594,385.5384521484375,114.02263641357422,76.33000183105469,494.5418701171875,575.4227905273438,34.290000915527344
2025-03-04,,203.8000030517578,18.26731300354004,80.51663970947266,418.23382568359375,42.17210006713867,54.16344451904297,170.13345336914062,385.6575317382813,115.9520034790039,75.70999908447266,493.0494384765625,568.611572265625,33.5
2025-03-05,,208.3600006103516,18.923980712890625,84.38262176513672,423.0492858886719,43.43169784545898,56.63865280151367,172.22378540039062,397.9732666015625,117.2615737915039,77.80999755859375,499.4768676757813,574.7229614257812,34.13999938964844
2025-03-06,,200.6999969482422,18.43645477294922,81.33312225341797,418.55804443359375,43.15829849243164,55.15352630615234,171.55685424804688,393.8746948242188,110.53378295898438,77.9000015258789,485.7365417480469,564.5209350585938,33.40999984741211
2025-03-07,,199.25,18.734939575195312,83.86125946044922,420.87738037109375,43.37311172485352,55.93977355957031,173.05992126464844,390.3218383789063,112.65309143066406,79.11000061035156,489.3084411621094,567.6849975585938,33.38999938964844
2025-03-10,,194.5399932861328,17.133066177368164,78.89352416992188,412.2586364746094,42.33809661865234,52.52300643920898,165.2968292236328,377.2717590332031,106.94496154785156,74.72000122070312,470.3446350097656,552.5643920898438,31.559999465942383
2025-03-11,,196.58999633789065,17.342008590698242,80.29039764404297,407.5904846191406,42.68960952758789,52.7947883605957,163.47315979003906,377.5595703125,108.72438049316406,75.9000015258789,469.2203063964844,547.9708862304688,31.88999938964844
2025-03-12,,198.88999938964844,18.486202239990234,83.635009765625,406.8140563964844,42.923954010009766,56.08537292480469,166.53256225585938,380.3581237792969,115.71273803710938,80.45999908447266,474.5134582519531,550.8787841796875,33.88999938964844
2025-03-13,,193.88999938964844,18.08822059631348,81.27410888671875,401.7332153320313,42.74819564819336,55.46413803100586,162.1975860595703,375.8922729492188,115.55277252197266,78.66000366210938,465.9767761230469,543.5352783203125,33.709999084472656
2025-03-14,,197.9499969482422,18.87423324584961,83.84159088134766,408.1997680664063,43.52934265136719,57.6772689819336,164.91815185546875,385.6079406738281,121.6413345336914,82.44000244140625,477.2396240234375,554.7625122070312,35.779998779296875
2025-03-17,,195.7400054931641,18.327009201049805,81.74628448486328,411.9833984375,44.27143096923828,56.590118408203125,163.72227478027344,385.7468566894531,119.50183868408205,80.23999786376953,480.3338928222656,559.0404663085938,36.18000030517578
2025-03-18,,192.82000732421875,17.540998458862305,76.68017578125,409.3495788574219,44.046852111816406,53.20248031616211,160.11480712890625,380.606201171875,115.40280151367188,75.9000015258789,472.1454772949219,552.998046875,33.790000915527344
2025-03-19,,195.5399932861328,18.70509147644043,81.5888900756836,413.1725158691406,44.15426254272461,56.027130126953125,163.32366943359375,384.8735961914063,117.4923095703125,79.94999694824219,478.4634094238281,559.0206909179688,35.47999954223633
2025-03-20,,194.9499969482422,18.336959838867188,78.58857727050781,412.8777770996094,43.74415588378906,54.70701599121094,162.23744201660156,383.9010009765625,118.50206756591795,79.5,476.8416748046875,557.4041748046875,35.529998779296875
2025-03-21,,196.2100067138672,18.923980712890625,80.98882293701172,413.174072265625,43.52934265136719,56.84249114990234,163.42333984375,388.2874145507813,117.6722640991211,82.37999725341797,478.4136657714844,557.5880126953125,36.52999877929688
2025-03-24,,203.25999450683597,18.91403007507324,79.87722778320312,418.9538879394531,43.72462844848633,56.04654312133789,167.10057067871094,390.0935668945313,121.38140106201172,82.4800033569336,488.91217041015625,567.5736083984375,36.16999816894531
2025-03-25,,205.7100067138672,19.799537658691406,83.23168182373047,419.2788696289063,43.597694396972656,57.22106170654297,169.9706268310547,392.1578063964844,120.66156768798828,84.06999969482422,491.7021484375,568.93798828125,37.66999816894531
2025-03-26,,201.1300048828125,19.48115348815918,81.4708480834961,417.7132873535156,43.33405685424805,56.08537292480469,164.4896240234375,387.0072326660156,113.7332000732422,81.87999725341797,482.6545104980469,562.1458740234375,37.25
2025-03-27,,201.3600006103516,19.04337310791016,78.864013671875,416.4431457519531,43.54887008666992,54.765254974365234,161.67938232421875,387.6125793457031,111.40375518798828,80.80000305175781,479.9043273925781,560.6529541015625,37.369998931884766
2025-03-28,,192.72000122070312,18.63544464111328,77.1031723022461,409.235595703125,42.73843383789063,54.14402770996094,153.79672241210938,375.9220581054688,109.6441650390625,79.44999694824219,467.2695007324219,549.3623046875,36.0
2025-03-31,,190.25999450683597,18.02852439880371,74.2799301147461,413.4300842285156,42.67008590698242,52.8724479675293,154.1056365966797,372.5379943847656,108.35446166992188,77.19999694824219,467.2496032714844,553.0501098632812,35.040000915527344
2025-04-01,,192.1699981689453,18.25736427307129,75.44070434570312,413.14453125,42.806785583496094,53.59075164794922,156.52723693847656,379.2863464355469,110.1240463256836,78.7699966430664,471.01611328125,554.6121826171875,35.5
2025-04-02,,196.00999450683597,18.42650413513184,75.49971771240234,415.5470886230469,42.86537170410156,53.57133483886719,156.4973602294922,379.2367248535156,110.39398193359376,78.22000122070312,474.4538269042969,558.1219482421875,35.5
2025-04-03,,178.41000366210938,17.769838333129883,73.39459228515625,398.9952392578125,41.95729064941406,52.0473747253418,150.19920349121094,370.2752990722656,101.77601623535156,74.73999786376953,449.0545959472656,530.6172485351562,33.54999923706055
2025-04-04,,171.0,15.720236778259276,66.63650512695312,377.333251953125,39.62361526489258,46.82516479492188,145.0968780517578,357.1061706542969,94.28778076171876,68.58000183105469,421.1643371582031,499.5533447265625,30.0
2025-04-07,,175.25999450683594,14.864577293395996,63.82308578491211,373.7393493652344,38.149200439453125,43.98110580444336,146.24290466308594,355.14117431640625,97.6169891357422,64.66000366210938,422.1806945800781,498.66357421875,28.489999771118164
2025-04-08,,170.66000366210938,14.934224128723145,64.27559661865234,370.6968078613281,37.61216354370117,44.33053588867188,144.20001220703125,351.8662414550781,96.27731323242188,62.84999847412109,414.577880859375,490.8531188964844,27.15999984741211
2025-04-09,,191.1000061035156,16.47640037536621,72.85354614257812,399.8420715332031,40.21923828125,50.63990020751953,158.1615753173828,387.5232543945313,114.30306243896484,69.56999969482422,464.3399658203125,542.4021606445312,29.59000015258789
2025-04-10,,181.22000122070312,15.978923797607422,70.33524322509766,389.6018371582031,39.525970458984375,47.4852294921875,152.29193115234375,378.4527282714844,107.5446548461914,65.05999755859375,444.590576171875,518.6346435546875,27.57999992370605
2025-04-11,,184.8699951171875,17.700191497802734,77.56550598144531,395.7361450195313,40.76604080200195,52.29004287719727,156.5970001220703,385.4988098144531,110.90386199951172,69.58999633789062,452.78131103515625,527.888427734375,30.030000686645508
2025-04-14,,182.1199951171875,20.25721740722656,89.51758575439453,399.1921691894531,41.1370849609375,59.62831497192383,158.5203399658203,384.8636474609375,110.68391418457033,76.91000366210938,455.850341796875,533.0098266601562,33.130001068115234
2025-04-15,,179.58999633789062,19.779638290405277,87.19603729248047,397.5084838867188,41.098026275634766,57.78403854370117,155.76988220214844,382.7994689941406,112.1735610961914,75.22000122070312,456.3585205078125,531.5169067382812,31.84000015258789
2025-04-16,,174.3300018310547,20.127872467041016,88.75029754638672,390.6751403808594,40.61957550048828,58.279083251953125,152.8001708984375,368.7867126464844,104.46538543701172,76.2699966430664,442.5976867675781,519.7023315429688,32.4900016784668
2025-04-17,,172.61000061035156,20.16767120361328,89.82254028320312,385.5395812988281,40.93203353881836,60.1330680847168,150.63766479492188,364.9858093261719,101.46607971191406,78.25,442.51800537109375,520.44384765625,33.08000183105469
2025-04-21,,167.32000732421875,19.70004272460937,87.42229461669922,375.9444580078125,40.92226791381836,58.70618438720703,147.1597137451172,356.3916015625,96.88717651367188,74.62000274658203,431.5671081542969,508.0558776855469,31.81999969482422
2025-04-22,,173.17999267578125,20.67509651184082,91.65223693847656,386.0419921875,41.53742218017578,61.074615478515625,150.94659423828125,364.0331115722656,98.86669921875,77.30000305175781,442.8966674804688,521.2743530273438,33.0
2025-04-23,,180.6000061035156,21.29196548461914,93.3442153930664,390.0219421386719,42.015872955322266,62.501502990722656,154.81320190429688,371.5455932617188,102.68580627441406,77.31999969482422,452.9407043457031,529.3516845703125,32.650001525878906
2025-04-24,,186.5399932861328,20.8641357421875,91.33745574951172,395.0165710449219,42.50408554077149,61.38523483276367,158.7296142578125,384.35748291015625,106.40492248535156,76.05000305175781,465.6851501464844,540.4940185546875,32.2400016784668
2025-04-25,,188.9900054931641,21.09297561645508,92.26213836669922,395.0559387207031,42.42597198486328,61.55024719238281,161.40036010742188,388.8729553222656,110.98385620117188,76.38999938964844,470.8765869140625,544.3992919921875,32.0
2025-04-28,,187.6999969482422,20.60544776916504,90.12749481201172,396.2873840332031,42.50408554077149,60.43397521972656,160.0550079345703,388.1881713867188,108.7043914794922,74.02999877929688,470.7271423339844,544.6068115234375,31.450000762939453
2025-04-29,,187.38999938964844,20.714893341064453,88.98638153076172,399.18359375,42.62126159667969,59.67685317993164,159.60658264160156,391.04632568359375,108.99431610107422,73.52999877929688,473.8360290527344,548.0375366210938,31.1299991607666
2025-04-30,,184.4199981689453,20.107973098754883,87.0779800415039,400.2967834472656,42.72866821289063,58.6285285949707,158.2512664794922,392.2570495605469,108.8943328857422,70.98999786376953,473.7762451171875,548.2550048828125,29.799999237060547
2025-05-01,,190.1999969482422,19.540851593017575,83.87109375,401.36077880859375,42.71890258789063,56.96867370605469,160.7426300048828,422.16802978515625,111.58370208740234,70.25,479.964111328125,552.1405029296875,29.239999771118164
2025-05-02,,189.97999572753903,19.38165664672852,81.84465026855469,406.8971862792969,43.93944549560547,56.4542236328125,163.46319580078125,431.9729919433594,114.47303009033205,71.22000122070312,487.0886535644531,560.3365478515625,29.09000015258789
2025-05-05,,186.3500061035156,19.003576278686523,81.38230895996094,406.1287841796875,44.27143096923828,55.66798400878906,163.64259338378906,432.8562316894531,113.7931900024414,68.93000030517578,484.198974609375,557.1234741210938,28.100000381469727
2025-05-06,,185.00999450683597,19.56074905395508,84.84496307373047,402.1685485839844,44.09567642211914,56.58041000366211,162.66595458984375,430.0179443359375,113.51325988769533,71.44999694824219,479.6950988769531,552.4667358398438,30.18000030517578
2025-05-07,,188.7100067138672,19.789588928222656,84.99252319335938,404.9367980957031,43.58792495727539,56.63865280151367,150.85691833496094,430.0576477050781,117.0324249267578,71.6500015258789,481.5783386230469,554.7902221679688,30.270000457763672
2025-05-08,,192.0800018310547,19.928882598876957,85.53356170654297,407.7247314453125,43.55863571166992,56.716304779052734,153.7469024658203,434.841064453125,117.34236145019533,72.36000061035156,486.5505981445313,558.6558227539062,30.84000015258789
2025-05-09,,193.05999755859372,20.297014236450195,86.63532257080078,406.2864379882813,43.8515625,57.08516311645508,152.22218322753906,435.3967895507813,116.62252044677734,75.44000244140625,486.2317199707031,557.9440307617188,32.70000076293945
2025-05-12,,208.63999938964844,21.222318649291992,91.1603775024414,417.9207763671875,44.7987060546875,59.85157012939453,157.91244506835938,445.84674072265625,122.97103118896484,81.26000213623047,506.0408935546875,576.3826293945312,35.529998779296875
2025-05-13,,211.3699951171875,21.829240798950195,91.48500061035156,415.2412109375,44.87681579589844,60.6378173828125,158.97872924804688,445.7276916503906,129.89938354492188,83.7300033569336,513.7533569335938,580.1890258789062,35.90999984741211
2025-05-14,,210.25,22.04812812805176,92.8622055053711,414.2954711914063,45.21857070922852,60.87077331542969,164.79855346679688,449.4988098144531,135.30810546875,84.0999984741211,516.8323364257812,580.9304809570312,36.2400016784668
2025-05-15,,205.1699981689453,21.29196548461914,90.62918090820312,417.1819152832031,45.19903945922852,59.977760314941406,163.3934326171875,450.512939453125,134.79823303222656,82.30000305175781,517.4003295898438,583.7679443359375,35.77000045776367
2025-05-16,,205.58999633789065,21.311864852905277,90.9636459350586,420.5260009765625,45.16974639892578,60.20101547241211,165.61573791503906,451.6463623046875,135.36810302734375,82.2699966430664,519.6522216796875,587.465576171875,35.880001068115234
2025-05-19,,206.16000366210935,22.237171173095703,94.96734619140624,421.9950256347656,45.267391204833984,61.83174133300781,165.9645233154297,456.2197570800781,135.53805541992188,85.06999969482422,520.1505126953125,588.108154296875,36.90999984741211
2025-05-20,,204.07000732421875,21.869035720825195,93.73770141601562,420.9400634765625,45.21857070922852,61.75408935546875,163.4133758544922,455.5238342285156,134.34832763671875,84.76000213623047,518.4166870117188,586.130859375,36.5
2025-05-21,,201.1199951171875,21.7098445892334,91.42598724365234,412.836181640625,45.10139846801758,60.074825286865234,167.97755432128906,449.9561462402344,131.76895141601562,81.44999694824219,511.21240234375,576.2540893554688,35.93000030517578
2025-05-22,,203.1000061035156,21.17257308959961,91.48500061035156,412.9051513671875,44.95493316650391,60.50192260742188,170.27955627441406,452.2329406738281,132.7987060546875,81.48999786376953,512.1690063476562,576.4814453125,36.119998931884766
2025-05-23,,200.9900054931641,21.54070472717285,92.78350830078124,410.4503479003906,45.14045333862305,61.01637268066406,167.88784790039062,447.5799865722656,131.25906372070312,82.36000061035156,507.4259338378906,572.5465087890625,36.52000045776367
2025-05-27,,206.0200042724609,20.91388320922852,90.45211029052734,417.86419677734375,45.03304672241211,59.56037139892578,172.30255126953125,458.02923583984375,135.4680633544922,81.27999877929688,519.3632202148438,584.4501342773438,36.56999969482422
2025-05-28,,204.72000122070312,20.68504524230957,88.30762481689453,415.4684448242188,44.82799530029297,58.81294631958008,171.76441955566406,454.718505859375,134.7782440185547,81.4000015258789,517.0614624023438,581.06884765625,36.959999084472656
2025-05-29,,205.6999969482422,19.530900955200195,83.31038665771484,416.4938049316406,44.99399566650391,56.46393203735352,171.26612854003906,456.0308837890625,139.15721130371094,78.19000244140625,518.077880859375,583.3626098632812,36.2599983215332
2025-05-30,,205.00999450683597,19.56074905395508,83.13331604003906,416.8783264160156,44.44718933105469,56.347450256347656,171.1465606689453,457.7011413574219,135.09817504882812,76.66999816894531,517.2608032226562,582.7100830078125,35.380001068115234
2025-06-02,,206.6499938964844,18.754838943481445,80.97898864746094,417.7261352539063,44.7694091796875,54.97880554199219,168.44593811035156,459.3018798828125,137.34764099121094,75.16999816894531,521.34619140625,585.992431640625,34.619998931884766
2025-06-03,,205.7100067138672,18.85433578491211,80.62484741210938,419.9937133789063,44.87681579589844,55.2021484375,165.6057586669922,460.2961120605469,141.1867218017578,76.66999816894531,525.4215698242188,589.3341064453125,35.31999969482422
2025-06-04,,207.22999572753903,17.481300354003906,74.71275329589844,418.9387817382813,45.43338394165039,52.5395736694336,167.46929931640625,461.1908874511719,141.88656616210938,71.62999725341797,526.8863525390625,589.1759643554688,33.61000061035156
2025-06-05,,207.91000366210935,17.32210922241211,74.74227905273438,417.9825134277344,45.667728424072266,53.03697204589844,167.62876892089844,464.9788818359375,139.95703125,73.62999725341797,522.9205322265625,586.3285522460938,33.880001068115234
2025-06-06,,213.57000732421875,17.86933135986328,75.25379943847656,422.33013916015625,45.81419372558594,53.95376205444336,173.07984924316406,467.6632995605469,141.6865997314453,74.30999755859375,528.0322875976562,592.3495483398438,34.27000045776367
2025-06-09,,216.97999572753903,17.62059211730957,74.59471893310547,422.3104553222656,46.20476531982422,52.68586730957031,175.69395446777344,470.0196228027344,142.59640502929688,73.0,528.8095703125,592.8834228515625,33.709999084472656
2025-06-10,,217.6100006103516,18.277263641357425,77.14251708984375,423.5428161621094,46.46840286254883,55.91412353515625,178.19833374023438,468.2001953125,143.92608642578125,76.0199966430664,532.3070068359375,596.2449340820312,36.290000915527344
2025-06-11,,213.1999969482422,17.8394832611084,75.53907775878906,423.532958984375,46.663692474365234,54.81202697753906,176.9511260986328,469.8903503417969,142.80625915527344,75.80999755859375,530.5133666992188,594.54443359375,35.91999816894531
2025-06-12,,213.2400054931641,18.665292739868164,76.67034149169922,424.4103393554688,46.74180221557617,54.75351333618164,175.30484008789062,476.104248046875,144.9759063720703,76.5,531.7589111328125,596.9072875976562,36.209999084472656
2025-06-13,,212.1000061035156,17.82953453063965,72.98143768310547,416.83880615234375,45.99971771240234,53.31981658935547,174.27716064453125,472.2168273925781,141.9464111328125,74.4800033569336,525.0828247070312,590.23388671875,36.290000915527344
2025-06-16,,216.1000061035156,17.242511749267578,72.1944580078125,420.2598571777344,46.56364440917969,53.15401458740234,176.3724365234375,476.3727111816406,144.66595458984375,73.77999877929688,532.38671875,595.8494262695312,35.47999954223633
2025-06-17,,214.82000732421875,17.0733699798584,71.74195861816406,417.1345520019531,45.952392578125,53.00771713256836,175.5542755126953,475.279052734375,144.09603881835938,73.27999877929688,527.1952514648438,590.7578735351562,35.43000030517578
2025-06-18,,212.5200042724609,16.934078216552734,71.59439849853516,416.8683776855469,45.94253158569336,52.81265258789063,172.93020629882812,477.4663391113281,145.455810546875,73.19999694824219,527.1055908203125,590.6688232421875,35.279998779296875
2025-06-20,,209.69000244140625,16.516197204589844,69.26300811767578,416.9860229492188,45.67634582519531,50.71575546264648,166.2652130126953,474.6427612304688,143.8260955810547,70.80000305175781,524.9533081054688,589.2816772460938,34.68000030517578
2025-06-23,,208.47000122070312,16.21771240234375,67.93499755859375,420.9012451171875,46.05097961425781,49.126007080078125,164.81846618652344,483.1930541992188,144.1460418701172,70.62000274658203,530.3511352539062,595.1021728515625,33.790000915527344
2025-06-24,,212.7700042724609,17.351957321166992,72.15511322021484,425.913818359375,47.2439079284668,51.37895965576172,166.3949432373047,487.2793273925781,147.87539672851562,72.2300033569336,538.4612426757812,601.6764526367188,34.349998474121094
2025-06-25,,211.9900054931641,16.854482650756836,69.88274383544922,424.9943542480469,47.28334426879883,50.39390182495117,170.29612731933594,489.4268493652344,154.28436279296875,69.88999938964844,539.8377685546875,602.0135498046875,33.060001373291016
2025-06-26,,217.1199951171875,16.794782638549805,70.61068725585938,429.018310546875,47.59883117675781,50.6669921875,173.1497039794922,494.5769653320313,154.99423217773438,70.31999969482422,544.8854370117188,606.7236938476562,33.380001068115234
2025-06-27,,223.3000030517578,16.894277572631836,70.42377471923828,433.0422668457031,47.4115104675293,50.39390182495117,178.12847900390625,493.07568359375,157.72378540039062,70.31999969482422,546.7509765625,609.7380981445312,33.33000183105469
2025-06-30,,219.38999938964844,16.376903533935547,69.0662612915039,435.6622619628906,47.55939865112305,49.14551544189453,175.83364868164062,494.5372009277344,157.96376037597656,69.37999725341797,550.292236328125,612.6533203125,31.450000762939453
2025-07-01,,220.4600067138672,16.12816619873047,68.28913116455078,439.854248046875,47.64812850952149,48.75539779663086,175.44451904296875,489.2081298828125,153.2745361328125,68.7699966430664,545.6536254882812,612.455078125,31.450000762939453
2025-07-02,,219.9199981689453,16.2276611328125,68.36782836914062,439.6763000488281,47.85516357421875,49.1357650756836,178.2382354736328,488.2536926269531,157.22386169433594,70.04000091552734,549.4542236328125,615.2315063476562,32.040000915527344
2025-07-03,,223.41000366210935,16.2873592376709,68.85968780517578,443.0180358886719,48.07205581665039,49.75020217895508,179.12623596191406,495.9589538574219,159.3135223388672,71.95999908447266,554.8610229492188,620.0804443359375,32.279998779296875
2025-07-07,,223.47000122070312,15.401851654052734,65.29865264892578,438.974365234375,47.39179229736328,47.1558952331543,176.3923797607422,494.8453979492188,158.21371459960938,69.05999755859375,550.6813354492188,615.4595336914062,30.899999618530277
2025-07-08,,219.3600006103516,16.257511138916016,69.7942123413086,437.3726806640625,47.68756103515625,49.4380989074707,173.9678497314453,493.7517395019531,159.97341918945312,74.83000183105469,550.9905395507812,615.1224365234375,33.04999923706055
2025-07-09,,222.5399932861328,15.988873481750488,69.04659271240234,439.4884643554688,47.60869216918945,48.745643615722656,176.2227783203125,500.6019592285156,162.85293579101562,70.62999725341797,554.8909912109375,618.8110961914062,31.90999984741211
2025-07-10,,222.25999450683597,15.461548805236816,66.96112823486328,441.446044921875,47.736854553222656,47.50701141357422,177.22052001953125,498.5836791992188,164.07273864746094,70.56999969482422,554.0929565429688,620.5562744140625,31.799999237060547
2025-07-11,,225.0200042724609,14.58599090576172,64.6985855102539,438.5491943359375,47.5791130065918,45.936767578125,179.7847442626953,500.4130554199219,164.89259338378906,68.5199966430664,552.8460083007812,618.3748168945312,30.96999931335449
2025-07-14,,225.69000244140625,14.655637741088867,64.51168823242188,439.5477294921875,47.64812850952149,45.63442611694336,181.1516571044922,500.1147766113281,164.04273986816406,71.0199966430664,554.8511352539062,619.5548095703125,31.07999992370605
2025-07-15,,226.3500061035156,15.023770332336426,65.17076873779297,435.16790771484375,47.9931869506836,46.287879943847656,181.59066772460935,502.8986206054688,170.671630859375,72.44999694824219,555.3598022460938,616.9072875976562,31.61000061035156
2025-07-16,,223.19000244140625,14.735234260559082,62.18029022216797,437.3528747558594,48.21994400024414,45.23455429077149,182.55848693847656,502.6997375488281,171.34152221679688,70.33999633789062,555.9284057617188,618.9697265625,30.809999465942383
2025-07-17,,223.8800048828125,15.10336685180664,64.43299102783203,440.1805114746094,48.49599075317383,46.53170776367188,183.1671142578125,508.7446594238281,172.97125244140625,70.91999816894531,560.4274291992188,622.7576293945312,30.90999984741211
2025-07-18,,226.1300048828125,15.003870964050291,63.87774658203125,438.42095947265625,48.38754653930664,46.053810119628906,184.64378356933597,507.1041870117188,172.38136291503906,71.30999755859375,559.8887329101562,622.301513671875,30.729999542236328
2025-07-21,,229.3000030517578,14.854628562927246,64.37261962890625,438.5989990234375,48.70302963256836,45.91726303100586,189.6724548339844,507.1141052246094,171.35153198242188,69.9800033569336,562.7916259765625,623.4815063476562,30.59000015258789
2025-07-22,,227.47000122070312,14.655637741088867,65.28317260742188,440.1024169921875,48.73260498046875,46.62923812866211,190.90966796875,502.3517761230469,167.00225830078125,69.66999816894531,559.8787231445312,623.5707397460938,30.530000686645508
2025-07-23,,228.2899932861328,15.222760200500488,67.30224609375,445.2951049804688,49.22555160522461,48.0336799621582,189.8021697998047,502.9483337402344,170.75161743164062,72.36000061035156,562.4325561523438,628.875732421875,32.290000915527344
2025-07-24,,232.22999572753903,15.690387725830078,69.0243911743164,442.2289123535156,48.9593620300293,49.79896926879883,191.7377777099609,507.9293823242188,173.7111358642578,73.97000122070312,563.6295776367188,629.083984375,32.400001525878906
2025-07-25,,231.44000244140625,15.809782028198242,70.95438385009766,444.11810302734375,48.81147384643555,50.491432189941406,192.7455139160156,510.74310302734375,173.47117614746094,74.3499984741211,564.9862670898438,631.7413940429688,33.15999984741211
2025-07-28,,232.7899932861328,15.670489311218262,69.301513671875,443.4454956054688,48.48613357543945,49.74044799804688,192.1468811035156,509.5400390625,176.7206268310547,74.61000061035156,566.7518920898438,631.5828247070312,33.22999954223633
2025-07-29,,231.00999450683597,16.39680290222168,72.55775451660156,441.6058044433594,48.50585174560547,51.60000991821289,195.30975341796875,509.6096496582031,175.4808349609375,78.80999755859375,565.8740844726562,629.9169311523438,34.810001373291016
2025-07-30,,230.19000244140625,16.27741050720215,71.25129699707031,439.9045715332031,48.15092849731445,50.90548324584961,196.08799743652344,510.2757568359375,179.24021911621094,77.98999786376953,566.6322631835938,629.1236572265625,33.88999938964844
2025-07-31,,234.1100006103516,15.77993392944336,69.18274688720703,436.5120239257813,47.874881744384766,49.36971282958984,191.4683990478516,530.4187622070312,177.84043884277344,76.05000305175781,563.6295776367188,626.763671875,33.540000915527344
2025-08-01,,214.75,15.15311336517334,67.01521301269531,430.9632568359375,47.519962310791016,47.843727111816406,188.70465087890625,521.0830078125,173.69113159179688,74.20999908447266,552.5267944335938,616.4907836914062,33.11000061035156
2025-08-04,,211.6499938964844,15.650588989257812,68.68787384033203,436.9867858886719,48.01290512084961,48.225215911865234,194.6013336181641,532.54638671875,179.9700927734375,74.62999725341797,562.7217407226562,625.8612670898438,33.47999954223633
2025-08-05,,213.75,16.31720542907715,72.09257507324219,436.3241271972656,48.15092849731445,49.83924865722656,194.23216247558597,524.701904296875,178.23037719726562,77.5199966430664,558.9011840820312,622.688232421875,35.099998474121094
2025-08-06,,222.30999755859372,17.103219985961914,74.9331283569336,437.14501953125,48.377685546875,51.97172164916992,195.64898681640625,521.908203125,179.3901824951172,82.66000366210938,565.9339599609375,627.4578247070312,36.20000076293945
2025-08-07,,223.1300048828125,16.66543960571289,73.27037048339844,434.9195861816406,48.78189849853516,50.47507858276367,196.07801818847656,517.8319091796875,180.73995971679688,77.20999908447266,567.8492431640625,626.9322509765625,35.77000045776367
2025-08-08,,222.69000244140625,16.436601638793945,70.68714904785156,437.0955505371094,48.742462158203125,49.90772247314453,200.96697998046875,519.0249633789062,182.6696319580078,74.70999908447266,573.146240234375,631.82080078125,34.290000915527344
2025-08-11,,221.3000030517578,16.625640869140625,71.64720153808594,435.2064514160156,48.60443878173828,50.2011833190918,200.5479431152344,518.7565307617188,182.0297393798828,75.58000183105469,571.4503784179688,630.5713500976562,34.29999923706055
2025-08-12,,221.47000122070312,16.66543960571289,72.45877838134766,439.825439453125,49.19597625732422,51.0620002746582,202.88267517089844,526.183349609375,183.1295623779297,76.08999633789062,578.6328125,637.284423828125,33.95000076293945
2025-08-13,,224.55999755859372,16.38685417175293,71.41956329345703,444.51373291015625,49.78750991821289,51.00330352783203,201.5057830810547,517.5734252929688,181.559814453125,76.22000122070312,578.922119140625,639.4659423828125,33.75
2025-08-14,,230.97999572753903,15.83963108062744,69.08377838134766,444.2565307617188,49.1762580871582,48.36216735839844,202.4835662841797,519.4623413085938,181.98974609375,74.27999877929688,578.4732666015625,639.5254516601562,32.689998626708984
2025-08-15,,231.02999877929688,15.82968044281006,68.054443359375,444.885986328125,49.23540878295898,47.2078971862793,203.44140625,517.1657104492188,180.4200134277344,74.31999969482422,575.9295043945312,638.0281372070312,32.970001220703125
2025-08-18,,231.4900054931641,16.12816619873047,70.1526870727539,444.4109191894531,49.52132034301758,48.15674591064453,203.0423126220703,514.1134033203125,181.9797515869141,74.98999786376953,575.699951171875,637.8893432617188,33.7400016784668
2025-08-19,,228.00999450683597,14.864577293395996,65.02584075927734,444.64849853515625,49.11710357666016,45.70146942138672,201.11666870117188,506.8258056640625,175.61080932617188,70.87999725341797,567.88916015625,634.4286499023438,31.96999931335449
2025-08-20,,223.80999755859372,14.854628562927246,65.8374252319336,444.7177429199219,49.04809188842773,45.26128005981445,198.8717193603516,502.7991943359375,175.370849609375,70.95999908447266,564.5173950195312,632.742919921875,31.40999984741211
2025-08-21,,221.9499969482422,14.06861686706543,65.60978698730469,443.3222961425781,48.93964385986328,45.10477066040039,199.30075073242188,502.15185546875,174.95091247558594,71.22000122070312,561.9038696289062,630.2044677734375,31.670000076293945
2025-08-22,,228.83999633789065,13.740283012390137,64.86748504638672,451.9225158691406,49.91567611694336,44.28307723999024,205.62648010253903,505.1295166015625,177.96043395996094,70.48999786376953,570.5725708007812,639.8823852539062,31.75
2025-08-25,,227.94000244140625,12.72543239593506,59.38433074951172,448.389404296875,49.62976837158203,41.0843620300293,208.02110290527344,502.17181396484375,179.78012084960938,66.33999633789062,568.9265747070312,637.0662231445312,30.100000381469727
2025-08-26,,228.7100067138672,12.79507827758789,58.89936065673828,449.7947082519531,49.50160217285156,40.6441764831543,206.67413330078125,499.96099853515625,181.7397918701172,67.8499984741211,571.2109985351562,639.733642578125,30.709999084472656
2025-08-27,,229.1199951171875,12.257803916931152,56.840702056884766,451.3188171386719,49.205833435058594,38.9518928527832,207.01336669921875,504.6415100097656,181.56982421875,66.30000305175781,572.0888671875,641.1912841796875,30.31999969482422
2025-08-28,,231.6000061035156,12.516491889953612,58.87956619262695,452.0709838867188,49.39315032958984,38.922550201416016,211.16400146484372,507.5295104980469,180.1400604248047,67.88999938964844,575.6701049804688,643.4620361328125,30.84000015258789
2025-08-29,,229.0,12.18815803527832,57.3355712890625,451.3782043457031,49.15653991699219,38.56905746459961,212.43115234375,504.59173583984375,174.1510467529297,67.52999877929688,569.0064697265625,639.6245727539062,30.46999931335449
2025-09-02,,225.33999633789065,12.287652969360352,57.57310485839844,448.9237976074219,49.11710357666016,38.76544189453125,210.8746795654297,503.0282287597656,170.75161743164062,65.88999938964844,564.238037109375,634.884765625,30.3799991607666
2025-09-03,,225.9900054931641,12.138410568237305,55.9499397277832,448.5774536132813,49.304420471191406,37.744266510009766,230.1412353515625,503.2572937011719,170.59165954589844,65.91999816894531,568.67724609375,638.3255615234375,29.549999237060547
2025-09-04,,235.67999267578125,12.416996955871582,57.622596740722656,452.3283081054688,49.14667892456055,39.26621627807617,231.7775421142578,505.866455078125,171.63148498535156,68.01000213623047,573.8245849609375,643.660400390625,30.81999969482422
2025-09-05,,232.3300018310547,12.26775360107422,58.30551528930664,450.2895812988281,49.73821640014648,39.37422561645508,234.47146606445312,492.9501647949219,166.9922637939453,67.97000122070312,574.652587890625,641.7960815429688,30.82999992370605
2025-09-08,,235.83999633789065,9.27294921875,44.61742782592773,451.487060546875,50.19172668457031,30.095258712768555,233.72247314453125,496.1369018554688,168.2820281982422,56.619998931884766,577.4556884765625,643.3728637695312,26.100000381469727
2025-09-09,,238.2400054931641,9.203302383422852,43.72666549682617,453.27838134765625,50.4677734375,29.574851989746094,239.30490112304688,496.3460388183594,170.7316131591797,58.790000915527344,579.0917358398438,644.8601684570312,26.82999992370605
2025-09-10,,230.3300018310547,9.750526428222656,46.93341445922852,451.2199096679688,50.81283950805664,31.489559173583984,238.84552001953125,498.29791259765625,177.300537109375,62.20000076293945,579.28125,646.724365234375,28.63999938964844
2025-09-11,,229.9499969482422,9.541586875915527,45.70613861083984,457.1480102539063,51.5522575378418,30.70403861999512,240.0438995361328,498.9352722167969,177.1505584716797,62.16999816894531,582.6530151367188,652.0987548828125,28.200000762939453
2025-09-12,,228.1499938964844,8.96451473236084,43.350563049316406,454.5748291015625,51.52267837524414,29.407930374145508,240.4733123779297,507.7884521484375,177.80047607421875,59.47999954223633,585.2266235351562,651.8805541992188,27.07999992370605
2025-09-15,,231.42999267578125,8.715777397155762,42.0144157409668,455.3171081542969,51.89731597900391,28.65186882019043,251.2686462402344,513.225830078125,177.73048400878906,59.22999954223633,590.2344360351562,655.3511962890625,26.690000534057617
2025-09-16,,234.0500030517578,8.904817581176758,43.400047302246094,454.0404052734375,52.28181457519531,29.70249938964844,250.8192596435547,506.9320068359375,174.86080932617188,61.75,589.735595703125,654.4488525390625,27.709999084472656
2025-09-17,,231.6199951171875,8.845120429992676,42.98435592651367,456.4948120117188,52.508567810058594,29.02499008178711,249.19146728515625,507.9079284667969,170.27130126953125,60.060001373291016,588.5585327148438,653.6357421875,27.239999771118164
2025-09-18,,231.22999572753903,8.268048286437988,40.01514434814453,457.8506774902344,52.38040542602539,26.805891036987305,251.6880798339844,506.3444519042969,176.2206573486328,56.54999923706055,593.8655395507812,656.6898193359375,24.40999984741211
2025-09-19,,231.47999572753903,8.148653984069824,38.86704635620117,459.4664306640625,52.2620964050293,25.971275329589844,254.3744354248047,515.78515625,176.6505889892578,57.43999862670898,597.8856201171875,659.9423217773438,23.8700008392334
2025-09-22,,227.6300048828125,9.800273895263672,46.72557067871094,460.1909484863281,52.51842880249024,31.450279235839844,252.1874084472656,512.319580078125,183.58984375,63.709999084472656,601.4251098632812,663.0645141601562,26.920000076293945
2025-09-23,,220.7100067138672,10.0390625,47.3491096496582,459.39691162109375,52.54800415039063,30.93969345092773,251.31858825683597,507.1212463378906,178.410400390625,64.79000091552734,597.4302978515625,659.4551391601562,27.450000762939453
2025-09-24,,220.2100067138672,10.108708381652832,48.75453567504883,457.560791015625,52.37054443359375,32.343807220458984,246.80471801757807,508.0373840332031,176.9505615234375,66.1500015258789,595.3329467773438,657.3569946289062,27.729999542236328
2025-09-25,,218.1499938964844,9.213252067565918,46.82454681396485,455.9827575683594,52.064918518066406,29.97743225097656,245.4565277099609,504.9303283691406,177.67050170898438,63.93999862670898,592.7662963867188,654.3242797851562,26.770000457763672
2025-09-26,,219.77999877929688,8.79537296295166,44.874759674072266,458.8114013671875,51.96632766723633,29.044626235961918,246.2055206298828,509.3419799804688,178.17044067382812,61.880001068115234,595.203125,658.072998046875,26.049999237060547
2025-09-29,,222.1699981689453,8.865018844604492,44.2710189819336,459.565673828125,52.43955612182617,28.936616897583008,243.71890258789065,512.4689331054688,181.83004760742188,60.400001525878906,597.9595947265625,659.9224243164062,25.350000381469727
2025-09-30,,219.57000732421875,8.277997016906738,41.856056213378906,460.2603759765625,52.6465950012207,27.18850326538086,242.77020263671875,515.8051147460938,186.55950927734372,60.060001373291016,599.5974731445312,662.4082641601562,24.290000915527344
2025-10-01,,220.6300048828125,8.01931095123291,39.96565628051758,460.7765502929688,53.0606689453125,26.27103805541992,244.5677490234375,517.557861328125,187.21945190429688,58.25,602.4737548828125,664.6654663085938,23.56999969482422
2025-10-02,,222.41000366210935,8.228251457214355,41.46016311645508,461.6201477050781,53.3071403503418,27.573246002197266,245.356689453125,513.604248046875,188.8692626953125,60.61000061035156,604.9505615234375,665.4309692382812,23.809999465942383
2025-10-03,,219.50999450683597,8.277997016906738,42.63795471191406,464.0021667480469,53.464881896972656,28.303272247314453,245.0171356201172,515.20751953125,187.59939575195312,60.79999923706055,602.4038696289062,665.421142578125,24.149999618530277
2025-10-06,,220.8999938964844,8.32774543762207,43.103126525878906,463.3372192382813,53.71135711669922,28.40192413330078,250.0902404785156,526.3811645507812,185.5196228027344,60.52000045776367,606.9280395507812,667.8074951171875,24.6200008392334
2025-10-07,,221.77999877929688,7.919815540313721,42.09359359741211,462.4736633300781,53.29728317260742,27.425268173217773,245.42657470703125,521.8101196289062,185.01968383789065,59.9900016784668,603.732177734375,665.3316040039062,23.989999771118164
2025-10-08,,225.22000122070312,8.277997016906738,43.42974090576172,462.5729370117188,53.72121810913086,27.97772026062012,244.2881317138672,522.676513671875,189.0892333984375,61.04999923706055,610.6532592773438,669.2990112304688,24.399999618530277
2025-10-09,,227.7400054931641,9.680878639221191,51.01114273071289,460.022216796875,53.16911697387695,34.03495407104492,241.2023162841797,520.2366943359375,192.54885864257807,65.56999969482422,609.9141845703125,667.3600463867188,26.59000015258789
2025-10-10,,216.3699951171875,9.14360523223877,50.476680755615234,451.45697021484375,51.20719146728516,32.68341827392578,236.24905395507807,508.8440551757813,183.139892578125,63.459999084472656,588.741455078125,649.32275390625,26.420000076293945
2025-10-13,,220.07000732421875,9.919668197631836,52.565032958984375,457.2233581542969,52.69588851928711,33.798187255859375,243.8187713623047,511.9212341308594,188.29933166503903,67.87999725341797,601.2353515625,659.2860107421875,27.649999618530277
2025-10-14,,216.38999938964844,9.36249542236328,50.33811950683594,459.2381591796875,52.22266387939453,31.775819778442383,245.11700439453125,511.4432373046875,180.01022338867188,63.93999862670898,597.2305297851562,658.4805908203125,26.049999237060547
2025-10-15,,215.57000732421875,9.481889724731444,52.45615768432617,459.2381591796875,53.08038711547852,32.81166458129883,250.6894378662109,511.3038024902344,179.8102569580078,65.91999816894531,601.445068359375,661.4039916992188,26.530000686645508
2025-10-16,,214.47000122070312,9.53163719177246,52.28790664672852,456.1117858886719,53.42544555664063,32.76233673095703,251.1188507080078,509.4913330078125,181.7900390625,64.80999755859375,599.2179565429688,656.899658203125,26.3799991607666
2025-10-17,,213.0399932861328,9.342596054077148,52.92133712768555,458.46978759765625,53.41558837890625,32.05204772949219,252.95635986328125,511.4532470703125,183.19989013671875,63.59000015258789,603.1528930664062,660.62841796875,26.059999465942383
2025-10-20,,216.47999572753903,9.36249542236328,52.20872497558594,463.6721801757813,54.14514923095703,31.657440185546875,256.2019348144531,514.6498413085938,182.6199493408203,60.22999954223633,610.7530517578125,667.499267578125,25.1200008392334
2025-10-21,,222.02999877929688,9.372445106506348,52.70359420776367,465.8564453125,53.543758392333984,31.68703269958496,250.1202087402344,515.5162963867188,181.14010620117188,59.29999923706055,610.5933227539062,667.4892578125,24.709999084472656
2025-10-22,,217.9499969482422,9.471940994262695,54.83153533935547,462.4411010742188,53.49446105957031,32.57490158081055,251.3485412597656,518.3843994140625,180.2602081298828,60.2400016784668,604.7108764648438,664.0191040039062,24.75
2025-10-23,,221.08999633789065,10.058961868286133,57.60280227661133,463.9402770996094,53.96768951416016,34.3703727722168,252.7366485595703,518.404296875,182.13999938964844,62.470001220703125,609.7943725585938,667.9566650390625,26.88999938964844
2025-10-24,,224.2100067138672,10.058961868286133,56.89019012451172,468.8250122070313,54.32260894775391,34.95241928100586,259.5674133300781,521.441650390625,186.23953247070312,62.619998931884766,616.305908203125,673.4155883789062,26.950000762939453
2025-10-27,,226.97000122070312,14.158162117004396,78.2982406616211,471.9425048828125,54.92400360107422,48.47761535644531,268.9046630859375,529.3189697265625,191.46897888183597,77.48999786376953,627.2818603515625,681.3603515625,33.36000061035156
2025-10-28,,229.25,14.765082359313965,81.73263549804688,473.7295837402344,54.9042854309082,51.69367218017578,267.1071472167969,539.8252563476562,201.0079345703125,78.13999938964844,632.1055908203125,683.1700439453125,33.849998474121094
2025-10-29,,230.3000030517578,15.431700706481934,84.53359985351562,472.9551696777344,55.21976852416992,54.30794906616211,274.197509765625,539.307373046875,207.01727294921875,82.45999908447266,634.9519653320312,683.4981689453125,34.970001220703125
2025-10-30,,222.8600006103516,15.093417167663574,83.97933959960938,471.60491943359375,54.64795303344727,53.05506896972656,281.09814453125,523.582763671875,202.8677215576172,80.9800033569336,625.2444458007812,675.98095703125,34.59000015258789
2025-10-31,,244.22000122070312,16.48634910583496,89.53177642822266,472.2602233886719,54.5197868347168,58.33295440673828,280.8085327148437,515.6656494140625,202.4677734375,85.80000305175781,628.2605590820312,678.1983642578125,36.43000030517578
2025-11-03,,254.0,17.0733699798584,89.94747161865234,470.0759582519531,54.86485290527344,60.10780715942383,283.3350830078125,514.888916015625,206.85728454589844,88.58000183105469,631.2666625976562,679.4711303710938,37.060001373291016
2025-11-04,,249.32000732421875,16.774885177612305,88.69049835205078,467.52435302734375,53.8592414855957,58.59497833251953,277.1634826660156,512.2001342773438,198.66818237304688,87.4800033569336,618.4531860351562,671.4169921875,36.22999954223633
2025-11-05,,250.1999969482422,17.023622512817383,87.97789001464844,469.7185363769531,54.34232711791992,58.50598907470703,283.9242858886719,505.0597839355469,195.18858337402344,87.44000244140625,622.47802734375,673.7437133789062,37.02000045776367
2025-11-06,,243.0399932861328,16.337106704711914,86.53286743164062,465.916015625,53.9381103515625,56.90416717529297,284.3637084960937,495.04144287109375,188.05935668945312,87.0999984741211,610.8829345703125,666.514892578125,36.52000045776367
2025-11-07,,244.41000366210935,15.700336456298828,85.33528137207031,466.4918518066406,53.78036880493164,54.86728286743164,278.4516906738281,494.7626037597656,188.1293487548828,86.51000213623047,608.9553833007812,667.1710815429688,36.2599983215332
2025-11-10,,248.3999938964844,15.541145324707031,84.14759826660156,470.4234619140625,54.72682189941406,55.272682189941406,289.7064208984375,503.9045715332031,199.0281524658203,87.20999908447266,622.4280395507812,677.5819091796875,37.209999084472656
2025-11-11,,249.1000061035156,15.421751022338867,83.5042724609375,475.9734191894531,54.78597640991211,54.57065582275391,290.9147644042969,506.573486328125,193.1387939453125,87.62000274658203,620.7702026367188,679.1329956054688,37.52000045776367
2025-11-12,,244.1999969482422,15.590892791748049,85.39466094970703,479.2994079589844,54.79583740234375,54.76840591430664,286.3210144042969,509.0233154296875,193.7787322998047,89.05999755859375,620.2808227539062,679.5108642578125,37.90999984741211
2025-11-13,,237.5800018310547,15.202861785888672,82.29679107666016,471.3368225097656,54.15501022338867,52.99849319458008,278.19207763671875,501.205810546875,186.8394775390625,86.95999908447266,607.6171875,668.2350463867188,37.2400016784668
2025-11-14,,234.69000244140625,15.521245956420898,81.99986267089844,468.4179382324219,54.18458557128906,52.21735763549805,276.0350036621094,508.0672607421875,190.1491241455078,90.06999969482422,608.0765380859375,668.125732421875,38.66999816894531
2025-11-17,,232.8699951171875,15.411800384521484,79.0009536743164,462.9772033691406,53.543758392333984,50.88250732421875,284.63330078125,505.3883972167969,186.5795135498047,87.7699966430664,602.8832397460938,661.901123046875,38.47999954223633
2025-11-18,,222.5500030517578,15.32225513458252,77.79347229003906,457.99322509765625,53.277565002441406,50.31890487670898,283.8943176269531,491.74517822265625,181.340087890625,88.87999725341797,595.542724609375,656.3428344726562,38.65999984741211
2025-11-19,,222.69000244140625,15.342154502868652,78.38731384277344,458.4499206542969,53.09024429321289,49.15214920043945,292.4127502441406,485.1027526855469,186.49951171875,89.30999755859375,599.09814453125,658.87841796875,38.66999816894531
2025-11-20,,217.13999938964844,14.665587425231934,75.903076171875,454.816162109375,52.360687255859375,47.88651657104492,289.05731201171875,477.3404846191406,180.6201629638672,87.44000244140625,584.9163818359375,648.8355712890625,37.0099983215332
2025-11-21,,220.69000244140625,13.8795747756958,73.95329284667969,459.832275390625,52.35082626342773,45.62221145629883,299.2534484863281,471.04486083984375,178.86036682128906,85.38999938964844,589.3107299804688,655.2987670898438,35.70000076293945
2025-11-24,,226.27999877929688,13.919373512268066,72.98333740234375,461.6912231445313,52.90292739868164,46.27480697631836,318.14776611328125,472.9205932617188,182.52996826171875,86.29000091552734,604.3812866210938,664.9437866210938,35.290000915527344
2025-11-25,,229.6699981689453,14.307405471801758,75.70512390136719,468.3913269042969,53.09024429321289,48.34135055541992,323.0011901855469,475.90374755859375,177.80047607421875,85.86000061035156,608.1065063476562,671.1981811523438,35.34000015258789
2025-11-26,,229.16000366210935,15.83963108062744,81.36642456054688,471.5425720214844,53.47474670410156,50.506778717041016,319.5159606933594,484.3943786621094,180.24020385742188,88.77999877929688,613.4796142578125,675.8318481445312,36.060001373291016
2025-11-28,,233.22000122070312,15.978923797607422,84.8998031616211,474.3558044433594,53.55361557006836,52.96883010864258,319.74560546875,490.88958740234375,176.98056030273438,90.66999816894533,618.4531860351562,679.5208129882812,36.81999969482422
2025-12-01,,233.8800048828125,15.939126014709473,83.2865219116211,470.5186767578125,53.51417922973633,52.05774688720703,314.4627990722656,485.6315612792969,179.90025329589844,90.20999908447266,616.3758544921875,676.4185180664062,36.43000030517578
2025-12-02,,234.4199981689453,15.78988265991211,81.81181335449219,472.4471740722656,53.53389739990234,50.659889221191406,315.38153076171875,488.8841552734375,181.4400787353516,89.36000061035156,621.1996459960938,677.67138671875,36.11000061035156
2025-12-03,,232.3800048828125,16.794782638549805,87.19599914550781,476.5726013183594,53.573333740234375,52.49395751953125,319.1963806152344,476.64208984375,179.57028198242188,92.2699966430664,622.7177124023438,680.0180053710938,37.25
2025-12-04,,229.1100006103516,16.605743408203125,87.3741455078125,476.234619140625,53.5634765625,51.33403015136719,317.1890869140625,479.7449951171875,183.37008666992188,91.1500015258789,622.138427734375,680.51513671875,36.63999938964844
2025-12-05,,229.52999877929688,16.496299743652344,85.23631286621094,477.18896484375,53.96768951416016,49.63876724243164,320.8341064453125,482.0597229003906,182.40013122558597,90.45999908447266,624.6751708984375,681.8078002929688,35.790000915527344
2025-12-08,,226.88999938964844,16.38685417175293,85.16703033447266,475.3200378417969,53.84938049316406,49.55945587158203,313.49932861328125,489.9018249511719,185.5399627685547,90.66000366210938,623.4767456054688,679.7594604492188,35.939998626708984
2025-12-09,,227.9199981689453,16.29730796813965,85.88953399658203,473.6003112792969,53.760650634765625,48.67711639404297,316.85693359375,490.8995361328125,184.95999145507807,89.5,624.2457275390625,679.1727294921875,35.72999954223633
2025-12-10,,231.77999877929688,16.70524024963379,89.0171127319336,478.5011291503906,54.36204528808594,49.7478141784668,319.9847412109375,477.4701843261719,183.77005004882807,90.87000274658205,626.8024291992188,683.6771850585938,36.06999969482422
2025-12-11,,230.27999877929688,16.91417694091797,88.53213500976562,484.9825439453125,54.105712890625,48.508583068847656,312.210205078125,482.3690185546875,180.92019653320312,89.88999938964844,624.7750854492188,685.26806640625,35.54999923706055
2025-12-12,,226.19000244140625,16.774885177612305,86.07759094238281,482.5271301269531,53.47474670410156,47.99305725097656,309.07244873046875,477.4402770996094,175.01052856445312,88.41000366210938,612.8304443359375,677.9000244140625,35.029998779296875
2025-12-15,,222.5399932861328,17.033573150634766,87.44342041015625,482.2985229492188,53.31700134277344,49.44048690795898,308.003173828125,473.73870849609375,176.28045654296875,89.41000366210938,609.75439453125,676.8758544921875,35.11000061035156
2025-12-16,,222.55999755859372,16.605743408203125,85.53323364257812,479.1274108886719,52.97999954223633,49.58919525146485,306.3543395996094,475.3051452636719,177.71038818359375,88.4000015258789,610.9628295898438,675.0264282226562,34.13999938964844
2025-12-17,,221.2700042724609,16.874380111694336,84.91959381103516,476.9603271484375,52.59999847412109,49.40083312988281,296.5112609863281,475.0357360839844,170.93075561523438,87.2300033569336,599.6373901367188,667.5986938476562,34.060001373291016
2025-12-18,,226.75999450683597,18.336959838867188,91.5310516357422,477.6661376953125,53.20000076293945,53.43577575683594,302.2472229003906,482.87786865234375,174.1305694580078,89.0,608.3262329101562,672.6399536132812,35.61000061035156
2025-12-19,,227.3500061035156,18.17776679992676,89.10618591308594,479.3437805175781,53.720001220703125,53.70344924926758,306.9439392089844,484.8134460449219,180.98020935058597,89.6500015258789,616.2559814453125,678.7363891601562,35.540000915527344
2025-12-22,,228.42999267578125,18.227514266967773,89.90787506103516,481.6451110839844,54.0099983215332,53.25732421875,309.56207275390625,483.8157348632813,183.6800537109375,88.51000213623047,619.2100219726562,682.96484375,35.5099983215332
2025-12-23,,232.13999938964844,18.157867431640625,89.34371948242188,482.4122619628906,54.310001373291016,53.57456970214844,314.1288757324219,485.7413330078125,189.19976806640625,88.91000366210938,622.1099853515625,686.0863037109375,35.90999984741211
2025-12-24,,232.3800048828125,18.18771743774414,90.07614135742188,485.1817932128906,54.41999816894531,53.81250381469727,313.8690490722656,486.90863037109375,188.59979248046875,89.31999969482422,623.9299926757812,688.4996948242188,36.02000045776367
2025-12-26,,232.5200042724609,18.35685920715332,90.44232940673828,485.2017211914063,54.79999923706055,55.11122131347656,313.2894592285156,486.599365234375,190.51968383789065,89.2300033569336,623.8900146484375,688.4298706054688,35.959999084472656
2025-12-29,,232.07000732421875,18.247413635253903,89.40311431884766,482.7708740234375,54.65999984741211,54.397579193115234,313.33941650390625,485.9907531738281,188.20980834960935,87.68000030517578,620.8699951171875,685.9765625,36.459999084472656
2025-12-30,,232.52999877929688,18.02852439880371,88.86865234375,481.7746276855469,54.880001068115234,53.73165130615234,313.6292419433594,486.3699035644531,187.52984619140625,87.58999633789062,619.4299926757812,685.138916015625,36.08000183105469
2025-12-31,,230.82000732421875,17.978775024414062,89.23485565185547,478.7659606933594,54.709999084472656,53.61237716674805,312.7798156738281,482.5186767578125,186.4899139404297,88.51000213623047,614.3099975585938,680.062744140625,36.15999984741211
