Date,GGAL,YPF,PAM,BBAR,BMA
2020-01-02,12.692641258239746,11.260000228881836,15.84000015258789,4.03918981552124,26.840225219726562
2020-01-03,12.22082805633545,11.15999984741211,15.5,3.8784983158111572,26.102046966552734
2020-01-06,12.352317810058594,11.140000343322754,15.350000381469727,3.9515397548675537,26.448991775512695
2020-01-07,12.274970054626465,10.90999984741211,15.260000228881836,4.002668380737305,26.057754516601562
2020-01-08,12.40645980834961,10.979999542236328,14.949999809265137,4.061101913452148,26.434223175048828
2020-01-09,12.878276824951172,10.989999771118164,15.329999923706055,4.214488506317139,27.19455337524414
2020-01-10,12.661704063415527,10.65999984741211,15.0600004196167,4.199880599975586,26.714736938476562
2020-01-13,12.08160400390625,10.649999618530273,14.390000343322754,4.03918981552124,25.496740341186523
2020-01-14,11.965582847595215,10.640000343322754,14.369999885559082,3.907714366912842,24.83976173400879
2020-01-15,11.470560073852539,10.380000114440918,13.979999542236328,3.725111246109009,23.643903732299805
2020-01-16,11.803153038024902,10.350000381469727,14.199999809265137,3.8492817878723145,24.2861270904541
2020-01-17,12.066133499145508,10.319999694824219,14.949999809265137,3.9734530448913574,24.3968505859375
2020-01-21,11.663928031921387,9.819999694824219,14.270000457763672,3.7762413024902344,23.953943252563477
2020-01-22,11.57884693145752,9.949999809265137,14.579999923706055,3.8784983158111572,24.330421447753906
2020-01-23,11.253992080688477,9.760000228881836,13.899999618530273,3.549812078475952,23.392925262451172
2020-01-24,10.820845603942871,9.65999984741211,13.199999809265137,3.3599045276641846,22.35947608947754
2020-01-27,10.635213851928711,9.369999885559082,13.279999732971191,3.2357337474823,21.953474044799805
2020-01-28,11.176640510559082,9.420000076293945,13.630000114440918,3.3745124340057373,23.14194679260254
2020-01-29,11.145703315734863,9.579999923706055,13.479999542236328,3.316079616546631,22.8466739654541
2020-01-30,11.478293418884277,9.609999656677246,13.65999984741211,3.45485782623291,23.370779037475586
2020-01-31,11.099296569824219,9.390000343322754,13.170000076293945,3.41833758354187,22.639982223510742
2020-02-03,11.74901008605957,9.680000305175781,14.350000381469727,3.579028844833374,24.45591163635254
2020-02-04,11.447355270385742,9.699999809265137,13.520000457763672,3.2941672801971436,23.658674240112305
2020-02-05,11.39321231842041,9.850000381469727,13.640000343322754,3.4621620178222656,23.968706130981445
2020-02-06,11.447355270385742,9.850000381469727,13.819999694824219,3.5205957889556885,23.96132469177246
2020-02-07,11.586579322814941,9.859999656677246,14.029999732971191,3.6155495643615723,24.596160888671875
2020-02-10,11.594315528869629,9.899999618530273,13.800000190734863,3.6228537559509277,24.42637825012207
2020-02-11,11.339072227478027,9.5600004196167,13.430000305175781,3.5132908821105957,23.488889694213867
2020-02-12,11.455093383789062,9.430000305175781,13.460000038146973,3.4402496814727783,24.160634994506836
2020-02-13,10.503721237182617,9.210000038146973,12.869999885559082,3.169996976852417,22.972166061401367
2020-02-14,10.666152000427246,9.479999542236328,12.800000190734863,3.1992127895355225,23.023834228515625
2020-02-18,10.596539497375488,9.479999542236328,12.800000190734863,3.1919093132019043,23.07550811767578
2020-02-19,10.898193359375,9.649999618530273,12.90999984741211,3.2284300327301025,24.212305068969727
2020-02-20,11.068358421325684,9.699999809265137,13.210000038146973,3.3306877613067627,25.024309158325195
2020-02-21,11.207581520080566,9.59000015258789,13.25,3.3452959060668945,25.275287628173828
2020-02-24,10.78990650177002,9.119999885559082,12.890000343322754,3.264950752258301,24.278743743896484
2020-02-25,10.248477935791016,8.5,12.470000267028809,3.0969550609588623,23.341251373291016
2020-02-26,10.287151336669922,8.569999694824219,12.180000305175781,3.1261723041534424,23.481508255004883
2020-02-27,10.078313827514648,8.199999809265137,11.880000114440918,3.075043201446533,21.99776840209961
2020-02-28,9.776660919189453,7.989999771118164,11.850000381469727,2.943568468093872,21.3924560546875
2020-03-02,10.116989135742188,8.039999961853027,13.40999984741211,3.089650869369507,22.248748779296875
2020-03-03,10.024171829223633,8.100000381469727,13.430000305175781,3.0458269119262695,22.130640029907227
2020-03-04,10.495987892150879,8.239999771118164,14.399999618530273,3.264950752258301,23.14933204650879
2020-03-05,10.202068328857422,7.75,13.829999923706055,3.2138218879699707,22.676889419555664
2020-03-06,9.451805114746094,7.300000190734863,13.430000305175781,2.9800891876220703,20.875728607177734
2020-03-09,7.703761100769043,5.260000228881836,11.069999694824219,2.468799114227295,16.904319763183594
2020-03-10,8.55457878112793,6.079999923706055,11.819999694824219,2.7974853515625,19.037670135498047
2020-03-11,7.858455181121826,5.409999847412109,11.0,2.3957579135894775,17.561302185058594
2020-03-12,6.752392292022705,4.650000095367432,10.09000015258789,1.8990764617919922,14.645491600036621
2020-03-13,7.123658657073975,4.5,10.34000015258789,2.125504493713379,15.752765655517578
2020-03-16,5.5225749015808105,3.819999933242798,9.479999542236328,1.9355974197387695,12.822188377380371
2020-03-17,5.909310340881348,3.509999990463257,10.699999809265137,2.0670711994171143,14.261639595031738
2020-03-18,4.702696800231934,2.569999933242798,9.819999694824219,1.8041226863861084,11.97327995300293
2020-03-19,4.718167304992676,3.049999952316284,9.130000114440918,1.6580398082733154,11.19080924987793
2020-03-20,5.267331600189209,3.5,9.369999885559082,1.7529938220977783,12.076626777648926
2020-03-23,4.988881587982178,3.4000000953674316,9.020000457763672,1.709168791770935,11.286772727966309
2020-03-24,5.623127460479736,3.930000066757202,11.020000457763672,1.8698598146438599,12.416189193725586
2020-03-25,5.89384126663208,4.230000019073486,11.630000114440918,1.906380295753479,13.132223129272461
2020-03-26,6.071739196777344,4.130000114440918,11.550000190734863,1.8917720317840576,13.383201599121094
2020-03-27,5.2131876945495605,3.8499999046325684,10.100000381469727,1.6945604085922241,11.589427947998047
2020-03-30,5.205452919006348,4.039999961853027,10.34000015258789,1.7456897497177124,11.92898941040039
2020-03-31,5.4529643058776855,4.170000076293945,11.300000190734863,1.9136849641799927,12.534296035766602
2020-04-01,5.251860618591309,4.070000171661377,10.640000343322754,1.8625556230545044,12.157827377319336
2020-04-02,5.568984031677246,4.360000133514404,10.729999542236328,1.8990764617919922,12.563824653625488
2020-04-03,5.677270412445068,4.360000133514404,10.949999809265137,1.8990764617919922,12.903388023376465
2020-04-06,5.42202615737915,4.260000228881836,10.779999732971191,1.8698598146438599,12.357133865356445
2020-04-07,5.360147953033447,4.130000114440918,10.699999809265137,1.8698598146438599,12.061861038208008
2020-04-08,5.568984031677246,4.230000019073486,10.979999542236328,1.92098867893219,11.89946460723877
2020-04-09,5.483902454376221,4.199999809265137,10.420000076293945,1.8844679594039917,12.231642723083496
2020-04-13,5.282800197601318,4.0,10.350000381469727,1.8041226863861084,11.818262100219727
2020-04-14,5.507106304168701,4.0,10.25,1.8625556230545044,12.150444030761719
2020-04-15,5.862902641296387,3.9600000381469727,10.6899995803833,1.906380295753479,12.80742359161377
2020-04-16,5.785555839538574,3.9000000953674316,10.680000305175781,1.9429008960723877,12.770513534545898
2020-04-17,5.669536113739014,3.880000114440918,10.069999694824219,2.0232467651367188,12.098772048950195
2020-04-20,5.661801338195801,3.7699999809265137,9.949999809265137,2.0670711994171143,12.312844276428223
2020-04-21,5.298269748687744,3.450000047683716,9.619999885559082,1.8844679594039917,11.50822639465332
2020-04-22,5.159045219421387,3.509999990463257,9.850000381469727,1.789514422416687,11.242483139038086
2020-04-23,4.872860908508301,3.509999990463257,9.760000228881836,1.70186448097229,11.212956428527832
2020-04-24,4.718167304992676,3.299999952316284,9.600000381469727,1.6799522638320923,10.710993766784668
2020-04-27,4.586677074432373,3.299999952316284,9.34000015258789,1.7164726257324219,10.445246696472168
2020-04-28,5.398821830749512,3.759999990463257,9.890000343322754,1.9429008960723877,12.135679244995117
2020-04-29,5.785555839538574,4.059999942779541,10.220000267028809,2.147416830062866,12.91815185546875
2020-04-30,5.507106304168701,3.8399999141693115,10.319999694824219,1.906380295753479,12.039717674255371
2020-05-01,5.128106594085693,3.5399999618530273,9.380000114440918,1.789514422416687,11.242483139038086
2020-05-04,5.460698127746582,3.7100000381469727,9.890000343322754,1.979421854019165,11.884699821472168
2020-05-05,5.336943626403809,3.6600000858306885,9.989999771118164,1.9136849641799927,11.685389518737793
2020-05-06,5.607657432556152,3.609999895095825,10.170000076293945,2.0232467651367188,12.091389656066895
2020-05-07,6.064004898071289,3.8499999046325684,10.420000076293945,2.191241979598999,13.265095710754395
2020-05-08,6.265108108520508,4.050000190734863,10.75,2.30810809135437,13.663713455200195
2020-05-11,6.814271450042725,4.110000133514404,11.40999984741211,2.563753366470337,14.424038887023926
2020-05-12,6.752392292022705,4.269999980926514,11.199999809265137,2.5783610343933105,14.793129920959473
2020-05-13,6.133616924285889,3.819999933242798,10.40999984741211,2.432278633117676,13.48654842376709
2020-05-14,6.5435566902160645,4.070000171661377,11.210000038146973,2.519928216934204,14.128764152526855
2020-05-15,6.497148513793945,4.139999866485596,10.930000305175781,2.468799114227295,13.818729400634766
2020-05-18,6.876148700714111,4.340000152587891,11.6899995803833,2.636794090270996,14.291168212890625
2020-05-19,6.56675910949707,4.389999866485596,11.350000381469727,2.4468865394592285,13.641568183898926
2020-05-20,6.77559757232666,4.389999866485596,11.029999732971191,2.5272326469421387,14.084476470947266
2020-05-21,7.2551493644714355,4.619999885559082,12.039999961853027,2.6440985202789307,15.140073776245117
2020-05-22,7.355700492858887,4.71999979019165,11.819999694824219,2.69522762298584,15.354146957397461
2020-05-26,7.371169090270996,4.929999828338623,11.420000076293945,2.717139959335327,15.464874267578125
2020-05-27,7.471721172332764,5.289999961853027,11.069999694824219,2.709836006164551,15.213894844055176
2020-05-28,6.829740524291992,4.909999847412109,10.729999542236328,2.549144744873047,14.37975025177002
2020-05-29,6.19549560546875,5.039999961853027,10.359999656677246,2.3154125213623047,12.667171478271484
2020-06-01,6.59769868850708,5.090000152587891,10.729999542236328,2.432278633117676,13.46440315246582
2020-06-02,7.262883186340332,5.429999828338623,11.270000457763672,2.731748580932617,15.117928504943848
2020-06-03,7.858455181121826,5.71999979019165,11.350000381469727,2.9800891876220703,16.210433959960938
2020-06-04,7.87392520904541,5.78000020980835,11.170000076293945,2.8997433185577393,15.915159225463867
2020-06-05,8.020883560180664,5.739999771118164,11.40999984741211,2.987393617630005,15.988981246948242
2020-06-08,8.894906997680664,6.570000171661377,12.079999923706055,3.3087761402130127,17.679412841796875
2020-06-09,8.330273628234863,6.440000057220459,11.699999809265137,3.0823473930358887,16.372835159301758
2020-06-10,8.399884223937988,6.269999980926514,11.319999694824219,3.075043201446533,16.284252166748047
2020-06-11,7.719229698181152,5.699999809265137,10.520000457763672,2.7682690620422363,14.822653770446777
2020-06-12,8.314803123474121,6.059999942779541,10.859999656677246,2.972784996032715,15.900396347045898
2020-06-15,8.067291259765625,5.789999961853027,10.539999961853027,2.8851354122161865,15.427962303161621
2020-06-16,8.036354064941406,5.800000190734863,10.609999656677246,2.8705270290374756,15.457490921020508
2020-06-17,7.781109809875488,5.739999771118164,10.40999984741211,2.7974853515625,14.601202964782715
2020-06-18,7.216475009918213,5.349999904632568,9.720000267028809,2.5564489364624023,13.781821250915527
2020-06-19,7.90486478805542,5.570000171661377,10.140000343322754,2.717139959335327,14.807889938354492
2020-06-22,7.618679523468018,5.380000114440918,9.859999656677246,2.6587066650390625,14.224730491638184
2020-06-23,7.920334339141846,5.559999942779541,10.220000267028809,2.709836006164551,14.630727767944336
2020-06-24,7.765641212463379,5.460000038146973,10.180000305175781,2.7536606788635254,14.564294815063477
2020-06-25,8.252925872802734,5.769999980926514,10.9399995803833,2.972784996032715,15.324623107910156
2020-06-26,7.897129058837891,5.699999809265137,10.510000228881836,2.8267018795013428,14.505237579345703
2020-06-29,7.989943027496338,5.849999904632568,10.649999618530273,2.8851354122161865,14.579057693481445
2020-06-30,7.502658843994141,5.75,10.489999771118164,2.7390527725219727,13.69324016571045
2020-07-01,7.556802272796631,5.809999942779541,10.779999732971191,2.8047895431518555,13.848258018493652
2020-07-02,7.131394386291504,5.800000190734863,10.390000343322754,2.6514034271240234,13.33153247833252
2020-07-06,8.7556791305542,6.239999771118164,11.649999618530273,3.206517219543457,16.32854461669922
2020-07-07,8.423089981079102,6.019999980926514,11.220000267028809,3.0458269119262695,15.383671760559082
2020-07-08,8.531373977661133,6.199999809265137,11.460000038146973,3.089650869369507,15.65679931640625
2020-07-09,8.1369047164917,6.190000057220459,10.979999542236328,2.8997433185577393,15.007201194763184
2020-07-10,8.794354438781738,6.300000190734863,11.359999656677246,3.075043201446533,15.848725318908691
2020-07-13,8.771150588989258,6.199999809265137,11.5,3.0969550609588623,15.988981246948242
2020-07-14,8.717007637023926,6.329999923706055,11.479999542236328,3.0458269119262695,15.83396053314209
2020-07-15,9.03412914276123,6.510000228881836,11.6899995803833,3.155388593673706,16.616432189941406
2020-07-16,8.902641296386719,6.519999980926514,11.460000038146973,3.0969550609588623,16.225200653076172
2020-07-17,8.686068534851074,6.409999847412109,11.050000190734863,3.0020017623901367,15.819201469421387
2020-07-20,8.423089981079102,6.409999847412109,11.020000457763672,2.943568468093872,15.250799179077148
2020-07-21,8.786619186401367,6.489999771118164,11.579999923706055,3.060434341430664,15.878257751464844
2020-07-22,9.513681411743164,6.639999866485596,12.300000190734863,3.2357337474823,17.14792251586914
2020-07-23,9.645171165466309,6.809999942779541,12.289999961853027,3.3379921913146973,17.29555892944336
2020-07-24,9.645171165466309,6.659999847412109,12.279999732971191,3.316079616546631,17.369375228881836
2020-07-27,9.877213478088379,6.639999866485596,12.039999961853027,3.3745124340057373,17.64250946044922
2020-07-28,9.451805114746094,6.480000019073486,11.520000457763672,3.2503421306610107,16.845273971557617
2020-07-29,9.52915096282959,6.46999979019165,11.420000076293945,3.2430379390716553,17.015052795410156
2020-07-30,9.374457359313965,6.329999923706055,11.15999984741211,3.169996976852417,16.210433959960938
2020-07-31,9.281639099121094,6.230000019073486,10.9399995803833,3.023913621902466,15.708470344543457
2020-08-03,10.263949394226074,6.659999847412109,12.140000343322754,3.27225399017334,17.332469940185547
2020-08-04,10.093783378601074,6.809999942779541,12.229999542236328,3.301470994949341,17.14792251586914
2020-08-05,9.784396171569824,6.71999979019165,11.619999885559082,3.1334762573242188,16.476177215576172
2020-08-06,9.815333366394043,6.5,11.59000015258789,3.089650869369507,16.365453720092773
2020-08-07,9.93908977508545,6.440000057220459,11.529999732971191,3.089650869369507,16.4466552734375
2020-08-10,9.621966361999512,6.239999771118164,11.229999542236328,3.023913621902466,16.20305633544922
2020-08-11,9.173354148864746,5.900000095367432,11.020000457763672,2.8267018795013428,15.324623107910156
2020-08-12,8.863966941833496,5.570000171661377,10.550000190734863,2.7025318145751953,14.527383804321289
2020-08-13,8.918109893798828,5.659999847412109,11.0,2.6879234313964844,14.911232948303223
2020-08-14,8.794354438781738,5.71999979019165,11.149999618530273,2.6514034271240234,14.940765380859375
2020-08-17,8.345741271972656,5.440000057220459,10.779999732971191,2.468799114227295,14.099237442016602
2020-08-18,8.24519157409668,5.440000057220459,10.880000114440918,2.4249744415283203,13.951605796813965
2020-08-19,8.020883560180664,5.46999979019165,10.890000343322754,2.468799114227295,13.75229263305664
2020-08-20,7.928069114685059,5.46999979019165,10.90999984741211,2.4103662967681885,13.612038612365723
2020-08-21,7.8197832107543945,5.349999904632568,10.989999771118164,2.4249744415283203,13.449642181396484
2020-08-24,7.781109809875488,5.400000095367432,11.029999732971191,2.403061866760254,13.552987098693848
2020-08-25,7.866191864013672,5.550000190734863,11.1899995803833,2.4468865394592285,13.715389251708984
2020-08-26,7.765641212463379,5.559999942779541,11.4399995803833,2.3665411472320557,13.530838966369629
2020-08-27,7.657351493835449,5.380000114440918,11.510000228881836,2.351933240890503,13.198659896850586
2020-08-28,8.198782920837402,5.710000038146973,11.989999771118164,2.5564489364624023,14.165677070617676
2020-08-31,7.989943027496338,5.579999923706055,11.489999771118164,2.4614951610565186,13.988511085510254
2020-09-01,8.044088363647461,5.639999866485596,11.779999732971191,2.5126240253448486,13.885167121887207
2020-09-02,7.8197832107543945,5.539999961853027,11.760000228881836,2.4249744415283203,13.922075271606445
2020-09-03,7.951271057128906,5.519999980926514,11.90999984741211,2.4614951610565186,14.298548698425293
2020-09-04,7.87392520904541,5.420000076293945,11.960000038146973,2.4761033058166504,13.973749160766602
2020-09-08,7.935802459716797,5.440000057220459,11.930000305175781,2.5053200721740723,13.929459571838379
2020-09-09,7.951271057128906,5.409999847412109,11.960000038146973,2.468799114227295,13.833497047424316
2020-09-10,7.928069114685059,5.159999847412109,11.899999618530273,2.468799114227295,13.826114654541016
2020-09-11,7.533599853515625,5.170000076293945,11.829999923706055,2.403061866760254,13.287239074707031
2020-09-14,7.123658657073975,5.059999942779541,11.460000038146973,2.3300204277038574,12.881244659423828
2020-09-15,7.092721462249756,5.119999885559082,11.479999542236328,2.293499708175659,12.740988731384277
2020-09-16,6.466208457946777,4.849999904632568,10.729999542236328,2.1328091621398926,11.914224624633789
2020-09-17,6.094944953918457,4.550000190734863,10.649999618530273,2.0378549098968506,11.353209495544434
2020-09-18,6.079474925994873,4.460000038146973,10.720000267028809,2.0232467651367188,11.308918952941895
2020-09-21,5.878373146057129,4.130000114440918,10.619999885559082,1.9429008960723877,10.866011619567871
2020-09-22,5.607657432556152,3.880000114440918,10.430000305175781,1.8698598146438599,10.40833854675293
2020-09-23,5.306004047393799,3.6600000858306885,9.550000190734863,1.7602978944778442,9.86208438873291
2020-09-24,5.901576519012451,3.8399999141693115,10.140000343322754,1.92098867893219,10.80695915222168
2020-09-25,5.723677635192871,3.680000066757202,10.329999923706055,1.92098867893219,10.718377113342285
2020-09-28,5.592188358306885,3.7200000286102295,10.34000015258789,1.9136849641799927,10.578119277954102
2020-09-29,5.538045883178711,3.609999895095825,10.130000114440918,1.833338737487793,10.40833854675293
2020-09-30,5.5999226570129395,3.569999933242798,10.329999923706055,1.8406435251235962,10.555976867675781
2020-10-01,5.739146709442139,3.6500000953674316,10.579999923706055,1.9355974197387695,10.792192459106445
2020-10-02,5.638596057891846,3.630000114440918,10.779999732971191,1.8990764617919922,10.51906681060791
2020-10-05,5.507106304168701,3.7300000190734863,10.989999771118164,1.950205683708191,10.371431350708008
2020-10-06,5.34467887878418,3.569999933242798,10.369999885559082,1.833338737487793,10.142595291137695
2020-10-07,5.460698127746582,3.6600000858306885,10.460000038146973,1.8406435251235962,10.245939254760742
2020-10-08,5.607657432556152,3.809999942779541,10.649999618530273,1.8771642446517944,10.533827781677246
2020-10-09,5.523167133331299,3.869999885559082,10.829999923706055,1.847947359085083,10.40833854675293
2020-10-12,5.476228713989258,3.7899999618530273,11.270000457763672,1.8406435251235962,10.201648712158203
2020-10-13,5.311940670013428,3.75,11.279999732971191,1.774906039237976,9.89899730682373
2020-10-14,5.171124458312988,3.75,11.529999732971191,1.7676018476486206,9.788268089294434
2020-10-15,5.132008075714111,3.569999933242798,11.550000190734863,1.7676018476486206,9.773504257202148
2020-10-16,5.288473606109619,3.559999942779541,11.760000228881836,1.9136849641799927,9.994958877563477
2020-10-19,5.39017391204834,3.5899999141693115,12.029999732971191,1.9429008960723877,10.209030151367188
2020-10-20,5.171124458312988,3.4600000381469727,12.0,1.8917720317840576,9.729211807250977
2020-10-21,5.077245235443115,3.3399999141693115,11.1899995803833,1.8187309503555298,9.337976455688477
2020-10-22,5.16330099105835,3.450000047683716,11.390000343322754,1.9355974197387695,9.522523880004883
2020-10-23,5.202416896820068,3.609999895095825,11.970000267028809,1.9648133516311646,9.633248329162598
2020-10-26,5.257178783416748,3.609999895095825,12.390000343322754,1.906380295753479,9.559432983398438
2020-10-27,4.975545406341553,3.319999933242798,11.800000190734863,1.789514422416687,9.020560264587402
2020-10-28,4.787787914276123,3.0999999046325684,11.09000015258789,1.6945604085922241,8.666234970092773
2020-10-29,4.936428546905518,3.259999990463257,11.3100004196167,1.7602978944778442,8.887686729431152
2020-10-30,4.897313117980957,3.2200000286102295,11.800000190734863,1.774906039237976,8.806488990783691
2020-11-02,5.429289817810059,3.319999933242798,12.140000343322754,1.9867265224456787,9.699687004089355
2020-11-03,5.515344619750977,3.5199999809265137,12.34000015258789,2.0159428119659424,9.729211807250977
2020-11-04,5.491873741149902,3.5,12.359999656677246,1.92098867893219,9.478232383728027
2020-11-05,5.88303279876709,3.740000009536743,12.640000343322754,2.0743753910064697,10.334521293640137
2020-11-06,5.953442573547363,3.7300000190734863,13.050000190734863,2.0816798210144043,10.356667518615723
2020-11-09,6.328955173492432,4.139999866485596,13.029999732971191,2.2423713207244873,11.0874662399292
2020-11-10,6.884401321411133,4.75,13.140000343322754,2.439582586288452,12.08400821685791
2020-11-11,6.493241310119629,4.579999923706055,13.75,2.3446288108825684,11.582045555114746
2020-11-12,6.188137054443359,4.320000171661377,12.970000267028809,2.147416830062866,10.80695915222168
2020-11-13,6.461948871612549,4.570000171661377,13.380000114440918,2.30810809135437,11.279390335083008
2020-11-16,6.548004150390625,4.690000057220459,13.600000381469727,2.3592374324798584,11.323683738708496
2020-11-17,6.73576021194458,4.920000076293945,13.649999618530273,2.373845100402832,11.604190826416016
2020-11-18,6.407186508178711,4.739999771118164,13.229999542236328,2.220458745956421,11.0874662399292
2020-11-19,6.516712665557861,4.78000020980835,13.020000457763672,2.2496750354766846,11.153901100158691
2020-11-20,6.352424144744873,4.760000228881836,13.270000457763672,2.256978988647461,11.035792350769043
2020-11-23,6.501065254211426,5.0,13.899999618530273,2.2423713207244873,11.19080924987793
2020-11-24,6.900047779083252,5.329999923706055,14.0,2.3957579135894775,12.172589302062988
2020-11-25,6.8531084060668945,5.190000057220459,14.0600004196167,2.4176700115203857,12.157827377319336
2020-11-27,7.095627307891846,5.400000095367432,14.079999923706055,2.563753366470337,12.519533157348633
2020-11-30,6.73576021194458,5.03000020980835,14.09000015258789,2.337324619293213,11.788737297058105
2020-12-01,6.931340217590332,5.269999980926514,14.149999618530273,2.432278633117676,12.032336235046387
2020-12-02,7.134744167327881,5.340000152587891,14.180000305175781,2.549144744873047,12.490006446838379
2020-12-03,7.017396926879883,5.130000114440918,14.420000076293945,2.5053200721740723,12.32022476196289
2020-12-04,7.103451728820801,5.289999961853027,14.050000190734863,2.6075778007507324,12.438332557678223
2020-12-07,7.001750946044922,5.25,14.130000114440918,2.549144744873047,12.231642723083496
2020-12-08,6.821816444396973,5.159999847412109,13.800000190734863,2.4468865394592285,11.936372756958008
2020-12-09,6.876576900482178,5.139999866485596,13.510000228881836,2.403061866760254,11.958518028259277
2020-12-10,7.338146209716797,5.539999961853027,14.380000114440918,2.5126240253448486,12.534296035766602
2020-12-11,7.033039093017578,5.449999809265137,14.229999542236328,2.403061866760254,12.150444030761719
2020-12-14,6.8922247886657715,5.389999866485596,14.149999618530273,2.3446288108825684,11.921606063842773
2020-12-15,7.087803840637207,5.510000228881836,14.239999771118164,2.388453960418701,12.268555641174316
2020-12-16,7.07215690612793,5.480000019073486,14.390000343322754,2.3811495304107666,12.187352180480957
2020-12-17,6.96263313293457,5.480000019073486,14.640000343322754,2.3665411472320557,12.05448055267334
2020-12-18,6.8296380043029785,5.389999866485596,14.399999618530273,2.337324619293213,11.759208679199219
2020-12-21,6.626236915588379,5.190000057220459,13.720000267028809,2.2642836570739746,11.404882431030273
2020-12-22,6.610589027404785,5.010000228881836,13.609999656677246,2.30810809135437,11.30153751373291
2020-12-23,6.798346042633057,5.039999961853027,13.380000114440918,2.3154125213623047,11.744444847106934
2020-12-24,6.790523052215576,4.940000057220459,13.279999732971191,2.293499708175659,11.493462562561035
2020-12-28,6.7826995849609375,4.909999847412109,13.1899995803833,2.30810809135437,11.441793441772461
2020-12-29,7.142566204071045,4.929999828338623,13.279999732971191,2.4103662967681885,12.0028076171875
2020-12-30,6.946987152099609,4.900000095367432,13.6899995803833,2.388453960418701,11.692771911621094
2020-12-31,6.837460994720459,4.699999809265137,13.779999732971191,2.3446288108825684,11.493462562561035
2021-01-04,6.477595329284668,4.519999980926514,13.079999923706055,2.20585036277771,10.792192459106445
2021-01-05,6.407186508178711,4.619999885559082,13.0,2.1839377880096436,10.740521430969238
2021-01-06,6.501065254211426,4.650000095367432,12.979999542236328,2.176633596420288,10.910299301147461
2021-01-07,6.508886814117432,4.78000020980835,13.420000076293945,2.162024974822998,10.95459270477295
2021-01-08,6.4306559562683105,4.690000057220459,13.010000228881836,2.169329881668091,10.8364839553833
2021-01-11,6.211607933044434,4.420000076293945,12.619999885559082,2.0670711994171143,10.452629089355469
2021-01-12,6.344601631164551,4.179999828338623,12.680000305175781,2.191241979598999,10.600266456604004
2021-01-13,6.336779594421387,4.090000152587891,12.6899995803833,2.191241979598999,10.437864303588867
2021-01-14,6.469771862030029,4.150000095367432,12.970000267028809,2.2423713207244873,10.69622802734375
2021-01-15,6.258546352386475,3.9600000381469727,12.829999923706055,2.162024974822998,10.334521293640137
2021-01-19,6.0864362716674805,3.940000057220459,13.0,2.140113353729248,10.297613143920898
2021-01-20,6.164669036865234,3.680000066757202,13.260000228881836,2.191241979598999,10.533827781677246
2021-01-21,5.953442573547363,3.25,12.600000381469727,2.1035923957824707,10.253321647644043
2021-01-22,5.851741313934326,3.490000009536743,12.390000343322754,2.0524635314941406,9.86208438873291
2021-01-25,5.773508548736572,3.450000047683716,12.569999694824219,2.0232467651367188,9.876849174499512
2021-01-26,6.0864362716674805,3.740000009536743,13.079999923706055,2.0670711994171143,10.260702133178711
2021-01-27,6.031674861907959,4.050000190734863,13.199999809265137,2.1182010173797607,10.157358169555664
2021-01-28,6.0629682540893555,3.9800000190734863,13.25,2.0670711994171143,10.142595291137695
2021-01-29,5.836095333099365,3.6500000953674316,12.609999656677246,1.9648133516311646,9.832557678222656
2021-02-01,6.149022579193115,4.010000228881836,13.59000015258789,2.0232467651367188,10.061393737792969
2021-02-02,6.0864362716674805,3.9100000858306885,13.119999885559082,2.030550956726074,9.89899730682373
2021-02-03,6.0864362716674805,4.300000190734863,13.130000114440918,2.0816798210144043,9.980194091796875
2021-02-04,6.274193286895752,4.300000190734863,13.4399995803833,2.0962882041931152,10.1795015335083
2021-02-05,6.469771862030029,4.210000038146973,13.40999984741211,2.169329881668091,10.555976867675781
2021-02-08,6.501065254211426,4.510000228881836,13.619999885559082,2.191241979598999,10.747901916503906
2021-02-09,6.469771862030029,4.679999828338623,13.640000343322754,2.2131540775299072,10.858627319335938
2021-02-10,6.36024808883667,4.519999980926514,13.59000015258789,2.1985461711883545,10.725756645202637
2021-02-11,6.493241310119629,4.599999904632568,13.770000457763672,2.2496750354766846,10.998884201049805
2021-02-12,6.477595329284668,4.639999866485596,14.430000305175781,2.20585036277771,10.947211265563965
2021-02-16,6.720114231109619,4.739999771118164,15.039999961853027,2.300804376602173,11.441793441772461
2021-02-17,6.751407146453857,4.800000190734863,14.979999542236328,2.2277631759643555,11.471318244934082
2021-02-18,6.821816444396973,4.630000114440918,14.609999656677246,2.256978988647461,11.323683738708496
2021-02-19,6.751407146453857,4.400000095367432,14.720000267028809,2.286195755004883,11.257246017456055
2021-02-22,6.282015800476074,4.110000133514404,14.470000267028809,2.125504493713379,10.504303932189941
2021-02-23,6.219430923461914,4.099999904632568,14.260000228881836,2.1035923957824707,10.393574714660645
2021-02-24,6.383718490600586,4.460000038146973,14.350000381469727,2.140113353729248,10.733139038085938
2021-02-25,5.984735488891602,4.28000020980835,13.420000076293945,2.0743753910064697,10.17212200164795
2021-02-26,5.82827091217041,4.329999923706055,13.329999923706055,1.979421854019165,10.009721755981445
2021-03-01,5.937795639038086,4.159999847412109,13.380000114440918,1.979421854019165,10.40833854675293
2021-03-02,6.000380516052246,3.9600000381469727,13.270000457763672,1.9648133516311646,10.437864303588867
2021-03-03,5.695277690887451,3.990000009536743,13.270000457763672,1.9575103521347046,10.009721755981445
2021-03-04,5.781332492828369,4.190000057220459,13.510000228881836,1.9867265224456787,9.943285942077637
2021-03-05,5.570106029510498,4.25,13.670000076293945,1.9648133516311646,9.670160293579102
2021-03-08,5.577929496765137,3.950000047683716,13.279999732971191,1.8552515506744385,9.389652252197266
2021-03-09,5.624869346618652,4.079999923706055,13.300000190734863,1.8698598146438599,9.507760047912598
2021-03-10,6.0629682540893555,4.309999942779541,13.880000114440918,2.0159428119659424,10.268084526062012
2021-03-11,6.149022579193115,4.400000095367432,13.970000267028809,2.0962882041931152,10.48953914642334
2021-03-12,6.211607933044434,4.409999847412109,14.289999961853027,2.1035923957824707,10.644556999206543
2021-03-15,6.4306559562683105,4.510000228881836,14.6899995803833,2.2423713207244873,10.95459270477295
2021-03-16,6.258546352386475,4.389999866485596,14.579999923706055,2.1985461711883545,10.799575805664062
2021-03-17,6.313307762145996,4.559999942779541,14.6899995803833,2.1328091621398926,10.925065994262695
2021-03-18,6.102083206176758,4.349999904632568,14.479999542236328,2.0670711994171143,10.474776268005371
2021-03-19,6.195960521697998,4.400000095367432,14.59000015258789,2.0816798210144043,10.555976867675781
2021-03-22,6.1803154945373535,4.389999866485596,14.869999885559082,2.110896110534668,10.69622802734375
2021-03-23,6.164669036865234,4.199999809265137,14.579999923706055,2.1182010173797607,10.75528335571289
2021-03-24,5.984735488891602,4.099999904632568,14.609999656677246,2.0524635314941406,10.371431350708008
2021-03-25,5.945620536804199,4.099999904632568,14.109999656677246,2.0232467651367188,10.046629905700684
2021-03-26,5.984735488891602,4.119999885559082,14.100000381469727,1.979421854019165,10.09830379486084
2021-03-29,5.937795639038086,4.090000152587891,14.520000457763672,1.9940303564071655,10.09830379486084
2021-03-30,6.02385139465332,4.119999885559082,14.779999732971191,2.008639097213745,9.89899730682373
2021-03-31,5.953442573547363,4.110000133514404,14.84000015258789,1.9940303564071655,9.854703903198242
2021-04-01,5.937795639038086,4.239999771118164,14.989999771118164,2.0013341903686523,9.729211807250977
2021-04-05,6.000380516052246,4.150000095367432,14.859999656677246,1.9648133516311646,9.721831321716309
2021-04-06,6.102083206176758,4.380000114440918,15.0,2.0378549098968506,10.024487495422363
2021-04-07,6.078613758087158,4.289999961853027,14.6899995803833,1.979421854019165,9.78088665008545
2021-04-08,6.02385139465332,4.179999828338623,14.609999656677246,2.0232467651367188,9.803030967712402
2021-04-09,5.875211238861084,4.019999980926514,14.420000076293945,1.9721176624298096,9.6553955078125
2021-04-12,5.726571083068848,3.9200000762939453,14.699999809265137,1.928292989730835,9.352741241455078
2021-04-13,5.703099727630615,3.930000066757202,14.1899995803833,1.8844679594039917,9.441323280334473
2021-04-14,5.74221658706665,3.940000057220459,14.15999984741211,1.906380295753479,9.426559448242188
2021-04-15,5.632691383361816,3.8399999141693115,14.170000076293945,1.8625556230545044,9.249394416809082
2021-04-16,5.76568603515625,3.9600000381469727,14.5600004196167,1.9355974197387695,9.596339225769043
2021-04-19,5.8048014640808105,3.9200000762939453,14.600000381469727,1.9355974197387695,9.588959693908691
2021-04-20,5.624869346618652,3.799999952316284,14.300000190734863,1.906380295753479,9.301070213317871
2021-04-21,5.656161308288574,3.859999895095825,14.229999542236328,1.92098867893219,9.389652252197266
2021-04-22,5.624869346618652,3.759999990463257,14.180000305175781,1.8625556230545044,9.271543502807617
2021-04-23,5.632691383361816,3.75,13.850000381469727,1.8625556230545044,9.2567777633667
2021-04-26,5.7969794273376465,3.7799999713897705,13.40999984741211,1.8771642446517944,9.478232383728027
2021-04-27,6.0394978523254395,3.880000114440918,13.449999809265137,1.9648133516311646,10.245939254760742
2021-04-28,6.094259738922119,4.0,13.619999885559082,1.9867265224456787,10.216411590576172
2021-04-29,5.969088554382324,3.990000009536743,13.619999885559082,1.9721176624298096,10.113066673278809
2021-04-30,5.85956335067749,3.7799999713897705,13.420000076293945,1.9136849641799927,9.869467735290527
2021-05-03,5.726571083068848,3.759999990463257,13.359999656677246,1.8552515506744385,9.758742332458496
2021-05-04,5.663984298706055,3.680000066757202,13.350000381469727,1.8625556230545044,9.537285804748535
2021-05-05,5.695277690887451,3.7899999618530273,13.640000343322754,1.8552515506744385,9.552051544189453
2021-05-06,5.836095333099365,3.7699999809265137,13.550000190734863,1.92098867893219,9.611103057861328
2021-05-07,6.172492027282715,3.990000009536743,14.3100004196167,2.0378549098968506,10.504303932189941
2021-05-10,6.211607933044434,4.070000171661377,14.369999885559082,2.110896110534668,10.378811836242676
2021-05-11,6.141198635101318,3.9000000953674316,14.279999732971191,2.0816798210144043,10.120450973510742
2021-05-12,6.016027927398682,4.150000095367432,14.039999961853027,2.0232467651367188,9.965431213378906
2021-05-13,6.227252960205078,4.199999809265137,14.899999618530273,2.0889840126037598,10.548592567443848
2021-05-14,6.56953239440918,4.46999979019165,15.670000076293945,2.20585036277771,11.294151306152344
2021-05-17,6.750923156738281,4.690000057220459,15.050000190734863,2.286195755004883,11.641100883483887
2021-05-18,6.640511512756348,4.690000057220459,14.970000267028809,2.2423713207244873,11.463936805725098
2021-05-19,6.577418327331543,4.550000190734863,14.670000076293945,2.220458745956421,11.404882431030273
2021-05-20,6.743036270141602,4.579999923706055,14.930000305175781,2.30810809135437,11.633719444274902
2021-05-21,6.490665912628174,4.5,14.670000076293945,2.271587371826172,11.176045417785645
2021-05-24,6.411799430847168,4.630000114440918,14.569999694824219,2.2277631759643555,10.969355583190918
2021-05-25,6.388141632080078,4.510000228881836,14.390000343322754,2.154721260070801,10.762665748596191
2021-05-26,6.553757667541504,4.519999980926514,14.609999656677246,2.20585036277771,11.205574035644531
2021-05-27,6.758809566497803,4.559999942779541,14.649999618530273,2.293499708175659,11.286772727966309
2021-05-28,7.003295421600342,4.699999809265137,15.289999961853027,2.4614951610565186,12.098772048950195
2021-06-01,7.184684753417969,4.880000114440918,16.100000381469727,2.563753366470337,12.165210723876953
2021-06-02,7.153139591217041,4.949999809265137,16.530000686645508,2.717139959335327,12.334989547729492
2021-06-03,7.389737606048584,5.150000095367432,16.739999771118164,2.731748580932617,12.748370170593262
2021-06-04,7.831387519836426,5.400000095367432,16.940000534057617,2.7901813983917236,13.006733894348145
2021-06-07,8.05221176147461,5.659999847412109,17.479999542236328,2.87783145904541,13.368441581726074
2021-06-08,7.705203533172607,5.510000228881836,17.420000076293945,2.8047895431518555,13.065788269042969
2021-06-09,8.05221176147461,5.550000190734863,17.420000076293945,3.009305477142334,13.51607608795166
2021-06-10,8.194170951843262,5.71999979019165,17.40999984741211,3.009305477142334,13.545605659484863
2021-06-11,7.81561279296875,5.380000114440918,16.770000457763672,2.841310501098633,13.006733894348145
2021-06-14,7.965458393096924,5.460000038146973,17.040000915527344,2.8997433185577393,13.036261558532715
2021-06-15,7.941800117492676,5.429999828338623,17.06999969482422,2.863223075866699,13.080552101135254
2021-06-16,8.060098648071289,5.5,16.989999771118164,2.8705270290374756,13.272478103637695
2021-06-17,7.81561279296875,5.139999866485596,16.889999389648438,2.782877206802368,12.844332695007324
2021-06-18,7.626336574554443,5.050000190734863,16.600000381469727,2.782877206802368,12.593354225158691
2021-06-21,7.452831268310547,5.039999961853027,16.59000015258789,2.6587066650390625,12.165210723876953
2021-06-22,7.68154239654541,5.210000038146973,16.8799991607666,2.717139959335327,12.482625007629395
2021-06-23,7.555356025695801,5.050000190734863,16.469999313354492,2.6879234313964844,12.120915412902832
2021-06-24,7.523807525634766,5.21999979019165,16.399999618530273,2.636794090270996,12.091389656066895
2021-06-25,7.2556657791137695,4.889999866485596,15.449999809265137,2.5345370769500732,11.655864715576172
2021-06-28,7.224118709564209,4.690000057220459,15.199999809265137,2.5126240253448486,11.582045555114746
2021-06-29,6.940201759338379,4.550000190734863,15.0,2.4249744415283203,11.264629364013672
2021-06-30,6.798243999481201,4.679999828338623,15.170000076293945,2.373845100402832,11.094847679138184
2021-07-01,6.7036027908325195,4.590000152587891,14.890000343322754,2.3300204277038574,10.917683601379395
2021-07-02,6.727262496948242,4.53000020980835,15.119999885559082,2.351933240890503,11.072701454162598
2021-07-06,6.553757667541504,4.340000152587891,15.130000114440918,2.300804376602173,10.725756645202637
2021-07-07,6.545871257781982,4.329999923706055,15.399999618530273,2.286195755004883,10.56335735321045
2021-07-08,6.411799430847168,4.21999979019165,15.630000114440918,2.2277631759643555,10.334521293640137
2021-07-09,6.467005729675293,4.320000171661377,15.880000114440918,2.2788920402526855,10.555976867675781
2021-07-12,6.766696929931641,4.53000020980835,16.329999923706055,2.4249744415283203,11.006266593933105
2021-07-13,6.7036027908325195,4.550000190734863,16.399999618530273,2.4176700115203857,10.998884201049805
2021-07-14,6.735148906707764,4.5,15.770000457763672,2.388453960418701,10.961976051330566
2021-07-15,6.585304260253906,4.340000152587891,15.550000190734863,2.3665411472320557,10.666699409484863
2021-07-16,6.45123291015625,4.21999979019165,15.720000267028809,2.293499708175659,10.40833854675293
2021-07-19,6.261953830718994,4.099999904632568,15.460000038146973,2.220458745956421,10.28285026550293
2021-07-20,6.33293342590332,4.150000095367432,16.239999771118164,2.20585036277771,10.164741516113281
2021-07-21,6.608964920043945,4.389999866485596,16.309999465942383,2.30810809135437,10.740521430969238
2021-07-22,6.40391206741333,4.320000171661377,16.540000915527344,2.220458745956421,10.386194229125977
2021-07-23,6.285614013671875,4.239999771118164,16.100000381469727,2.1985461711883545,10.083540916442871
2021-07-26,6.427573204040527,4.360000133514404,16.3799991607666,2.2350666522979736,10.238557815551758
2021-07-27,6.380253791809082,4.21999979019165,16.610000610351562,2.2788920402526855,10.231175422668457
2021-07-28,6.514325141906738,4.329999923706055,16.649999618530273,2.286195755004883,10.393574714660645
2021-07-29,6.372365951538086,4.380000114440918,16.6200008392334,2.286195755004883,10.378811836242676
2021-07-30,6.159428119659424,4.360000133514404,15.510000228881836,2.2350666522979736,9.965431213378906
2021-08-02,6.143655776977539,4.269999980926514,15.5,2.1985461711883545,9.891613006591797
2021-08-03,6.325048923492432,4.289999961853027,15.5,2.2642836570739746,10.149974822998047
2021-08-04,6.2777276039123535,4.190000057220459,15.25,2.2131540775299072,9.972814559936523
2021-08-05,6.388141632080078,4.389999866485596,15.479999542236328,2.2496750354766846,10.1795015335083
2021-08-06,6.474892616271973,4.429999828338623,15.5,2.2642836570739746,10.231175422668457
2021-08-09,6.467005729675293,4.480000019073486,15.449999809265137,2.2788920402526855,10.312376022338867
2021-08-10,6.743036270141602,4.739999771118164,15.800000190734863,2.4103662967681885,10.8291015625
2021-08-11,6.869222640991211,5.099999904632568,15.699999809265137,2.3957579135894775,10.969355583190918
2021-08-12,6.869222640991211,5.039999961853027,16.239999771118164,2.3957579135894775,10.969355583190918
2021-08-13,6.687831401824951,4.869999885559082,16.600000381469727,2.3592374324798584,10.710993766784668
2021-08-16,6.593191146850586,4.800000190734863,16.170000076293945,2.351933240890503,10.504303932189941
2021-08-17,6.561645030975342,4.769999980926514,15.819999694824219,2.3592374324798584,10.482157707214355
2021-08-18,6.459120273590088,4.599999904632568,15.399999618530273,2.3446288108825684,10.437864303588867
2021-08-19,6.545871257781982,4.400000095367432,15.210000038146973,2.293499708175659,10.555976867675781
2021-08-20,6.743036270141602,4.409999847412109,15.520000457763672,2.388453960418701,10.77742862701416
2021-08-23,7.066388130187988,4.570000171661377,15.9399995803833,2.4907121658325195,11.382735252380371
2021-08-24,7.68154239654541,4.840000152587891,17.15999984741211,2.717139959335327,12.430951118469238
2021-08-25,7.981231212615967,5.0,17.020000457763672,2.841310501098633,12.844332695007324
2021-08-26,7.926027297973633,4.909999847412109,16.850000381469727,2.8705270290374756,12.615497589111328
2021-08-27,8.067983627319336,5.070000171661377,17.489999771118164,3.0166099071502686,13.028877258300781
2021-08-30,8.659478187561035,5.199999809265137,18.469999313354492,3.2430379390716553,14.106622695922852
2021-08-31,8.50174617767334,5.210000038146973,18.209999084472656,3.177300453186035,13.803966522216797
2021-09-01,8.320355415344238,5.039999961853027,17.389999389648438,3.0823473930358887,13.582513809204102
2021-09-02,8.170510292053223,5.050000190734863,17.239999771118164,3.0677380561828613,13.250332832336426
2021-09-03,8.107418060302734,4.940000057220459,16.989999771118164,3.0531303882598877,13.117460250854492
2021-09-07,8.801438331604004,5.320000171661377,18.290000915527344,3.264950752258301,14.018037796020508
2021-09-08,8.738347053527832,5.199999809265137,17.40999984741211,3.1626925468444824,13.700620651245117
2021-09-09,8.533294677734375,5.260000228881836,17.0,3.0823473930358887,13.678476333618164
2021-09-10,8.328239440917969,5.150000095367432,16.649999618530273,3.0458269119262695,13.501313209533691
2021-09-13,9.101128578186035,5.420000076293945,18.459999084472656,3.27225399017334,14.564294815063477
2021-09-14,8.864530563354492,5.349999904632568,17.989999771118164,3.1188676357269287,14.689783096313477
2021-09-15,8.691024780273438,5.349999904632568,17.780000686645508,3.1334762573242188,14.342839241027832
2021-09-16,8.730459213256836,5.349999904632568,18.299999237060547,3.1115639209747314,14.350221633911133
2021-09-17,8.659478187561035,5.179999828338623,17.649999618530273,3.0823473930358887,14.52000617980957
2021-09-20,7.7525224685668945,4.860000133514404,16.610000610351562,2.7025318145751953,12.777897834777832
2021-09-21,7.57901668548584,4.699999809265137,16.700000762939453,2.6440985202789307,12.467862129211426
2021-09-22,7.649994850158691,4.659999847412109,16.889999389648438,2.717139959335327,12.512154579162598
2021-09-23,7.563241958618164,4.630000114440918,16.709999084472656,2.7025318145751953,12.364516258239746
2021-09-24,7.397624969482422,4.53000020980835,16.350000381469727,2.6514034271240234,11.869935035705566
2021-09-27,7.6421074867248535,4.550000190734863,16.56999969482422,2.7536606788635254,12.298080444335938
2021-09-28,7.571129322052002,4.579999923706055,16.6299991607666,2.717139959335327,12.224262237548828
2021-09-29,7.697315692901611,4.53000020980835,17.450000762939453,2.7682690620422363,12.438332557678223
2021-09-30,7.941800117492676,4.659999847412109,17.469999313354492,2.841310501098633,12.541679382324219
2021-10-01,8.075871467590332,4.670000076293945,17.440000534057617,2.8193981647491455,12.785280227661133
2021-10-04,8.004890441894531,4.71999979019165,18.059999465942383,2.7682690620422363,12.394043922424316
2021-10-05,8.131078720092773,4.900000095367432,18.260000228881836,2.8340067863464355,12.600737571716309
2021-10-06,8.067983627319336,4.809999942779541,17.770000457763672,2.8340067863464355,12.541679382324219
2021-10-07,8.067983627319336,4.800000190734863,18.040000915527344,2.775573253631592,12.275934219360352
2021-10-08,8.083758354187012,4.820000171661377,18.149999618530273,2.775573253631592,12.216878890991211
2021-10-11,8.131078720092773,4.769999980926514,19.93000030517578,2.746356964111328,12.194737434387207
2021-10-12,8.162623405456543,4.590000152587891,19.600000381469727,2.746356964111328,12.076626777648926
2021-10-13,8.115303039550781,4.610000133514404,19.610000610351562,2.746356964111328,12.202116012573242
2021-10-14,8.13896369934082,4.539999961853027,19.790000915527344,2.7536606788635254,12.386662483215332
2021-10-15,8.470200538635254,4.579999923706055,19.56999969482422,2.8267018795013428,12.763132095336914
2021-10-18,8.493860244750977,4.53000020980835,19.709999084472656,2.841310501098633,12.637643814086914
2021-10-19,8.612159729003906,4.519999980926514,20.469999313354492,2.87783145904541,12.622881889343262
2021-10-20,9.235200881958008,4.739999771118164,20.889999389648438,3.1334762573242188,13.545605659484863
2021-10-21,8.990715026855469,4.590000152587891,20.600000381469727,3.0312178134918213,13.302002906799316
2021-10-22,8.998603820800781,4.46999979019165,20.110000610351562,3.0166099071502686,13.014115333557129
2021-10-25,9.385045051574707,4.659999847412109,20.440000534057617,3.184605598449707,13.479170799255371
2021-10-26,9.219428062438965,4.639999866485596,20.049999237060547,3.155388593673706,13.073169708251953
2021-10-27,8.683137893676758,4.489999771118164,19.09000015258789,2.9508721828460693,12.327606201171875
2021-10-28,8.793550491333008,4.389999866485596,18.93000030517578,2.943568468093872,12.268555641174316
2021-10-29,8.383448600769043,4.199999809265137,18.329999923706055,2.775573253631592,11.611571311950684
2021-11-01,8.541178703308105,4.349999904632568,18.1200008392334,2.7901813983917236,11.714916229248047
2021-11-02,8.785664558410645,4.170000076293945,17.90999984741211,2.81209397315979,11.818262100219727
2021-11-03,9.26674747467041,4.28000020980835,18.200000762939453,2.9216556549072266,12.386662483215332
2021-11-04,8.94339656829834,4.110000133514404,17.6200008392334,2.8193981647491455,11.951136589050293
2021-11-05,8.998603820800781,4.190000057220459,18.100000381469727,2.7536606788635254,11.906843185424805
2021-11-08,9.37716007232666,4.340000152587891,18.989999771118164,2.8559188842773438,12.401424407958984
2021-11-09,9.52700424194336,4.559999942779541,18.770000457763672,2.9362645149230957,12.57858943939209
2021-11-10,9.574323654174805,4.400000095367432,18.850000381469727,2.972784996032715,12.696698188781738
2021-11-11,9.369272232055664,4.300000190734863,19.09000015258789,2.9362645149230957,12.92553424835205
2021-11-12,9.085355758666992,4.300000190734863,18.540000915527344,2.91435170173645,12.667171478271484
2021-11-15,8.982828140258789,4.25,18.350000381469727,2.8193981647491455,12.593354225158691
2021-11-16,8.280921936035156,4.019999980926514,17.739999771118164,2.629490375518799,11.567282676696777
2021-11-17,7.9339141845703125,3.9700000286102295,17.760000228881836,2.4907121658325195,11.257246017456055
2021-11-18,8.03643798828125,4.099999904632568,18.350000381469727,2.5053200721740723,11.486083030700684
2021-11-19,7.555356025695801,3.869999885559082,17.75,2.337324619293213,10.895538330078125
2021-11-22,7.216232776641846,3.759999990463257,17.3799991607666,2.220458745956421,10.40833854675293
2021-11-23,7.302985668182373,3.7799999713897705,17.75,2.2423713207244873,10.460012435913086
2021-11-24,7.20834493637085,3.6500000953674316,17.440000534057617,2.147416830062866,10.1795015335083
2021-11-26,7.216232776641846,3.430000066757202,16.799999237060547,2.1035923957824707,10.017104148864746
2021-11-29,6.932314395904541,3.390000104904175,16.739999771118164,2.059767484664917,9.78088665008545
2021-11-30,6.845562934875488,3.5799999237060547,16.520000457763672,2.169329881668091,9.795649528503418
2021-12-01,7.4370574951171875,3.6700000762939453,17.770000457763672,2.2423713207244873,10.555976867675781
2021-12-02,7.5159220695495605,3.9600000381469727,18.739999771118164,2.454190969467163,10.792192459106445
2021-12-03,7.232006072998047,3.819999933242798,18.479999542236328,2.256978988647461,10.430485725402832
2021-12-06,7.405511379241943,3.990000009536743,18.81999969482422,2.3154125213623047,10.548592567443848
2021-12-07,7.594788551330566,4.190000057220459,19.040000915527344,2.3300204277038574,10.70361042022705
2021-12-08,7.6578826904296875,4.170000076293945,19.0,2.3592374324798584,10.792192459106445
2021-12-09,7.697315692901611,4.070000171661377,18.90999984741211,2.300804376602173,10.710993766784668
2021-12-10,7.547468662261963,3.990000009536743,18.600000381469727,2.271587371826172,10.48953914642334
2021-12-13,7.176799774169922,3.880000114440918,18.06999969482422,2.162024974822998,10.068777084350586
2021-12-14,7.358190059661865,3.809999942779541,17.950000762939453,2.176633596420288,10.364048957824707
2021-12-15,7.492262840270996,3.819999933242798,18.239999771118164,2.2277631759643555,10.629792213439941
2021-12-16,7.689428806304932,3.9100000858306885,18.93000030517578,2.293499708175659,10.90291976928711
2021-12-17,7.413397789001465,3.809999942779541,18.739999771118164,2.220458745956421,10.585502624511719
2021-12-20,7.452831268310547,3.75,19.010000228881836,2.2496750354766846,10.460012435913086
2021-12-21,7.484376430511475,3.8399999141693115,19.639999389648438,2.2350666522979736,10.56335735321045
2021-12-22,7.523807525634766,3.890000104904175,19.639999389648438,2.2788920402526855,10.5707368850708
2021-12-23,7.6421074867248535,3.9200000762939453,19.729999542236328,2.337324619293213,10.740521430969238
2021-12-27,8.004890441894531,4.070000171661377,20.0,2.4103662967681885,11.183429718017578
2021-12-28,7.57901668548584,4.070000171661377,20.6299991607666,2.3300204277038574,10.688848495483398
2021-12-29,7.7682952880859375,3.990000009536743,20.459999084472656,2.3957579135894775,10.600266456604004
2021-12-30,7.68154239654541,3.9100000858306885,20.8799991607666,2.351933240890503,10.5707368850708
2021-12-31,7.484376430511475,3.819999933242798,21.110000610351562,2.300804376602173,10.349284172058105
2022-01-03,7.649994850158691,4.039999961853027,20.049999237060547,2.3300204277038574,10.533827781677246
2022-01-04,7.594788551330566,4.159999847412109,19.979999542236328,2.271587371826172,10.364048957824707
2022-01-05,7.239892482757568,3.990000009536743,18.959999084472656,2.169329881668091,9.906375885009766
2022-01-06,7.3108720779418945,3.950000047683716,18.75,2.220458745956421,10.017104148864746
2022-01-07,7.397624969482422,4.03000020980835,19.15999984741211,2.2788920402526855,10.327140808105469
2022-01-10,7.3108720779418945,3.9100000858306885,18.670000076293945,2.256978988647461,10.1795015335083
2022-01-11,7.500150680541992,4.090000152587891,18.889999389648438,2.30810809135437,10.386194229125977
2022-01-12,7.547468662261963,4.150000095367432,19.68000030517578,2.3446288108825684,10.511685371398926
2022-01-13,7.508037567138672,4.199999809265137,19.459999084472656,2.3446288108825684,10.666699409484863
2022-01-14,7.484376430511475,4.360000133514404,19.479999542236328,2.403061866760254,10.8364839553833
2022-01-18,7.02695369720459,4.170000076293945,18.440000534057617,2.256978988647461,10.30499267578125
2022-01-19,7.097933769226074,4.090000152587891,18.709999084472656,2.256978988647461,10.423103332519531
2022-01-20,6.979635715484619,3.9800000190734863,18.469999313354492,2.2350666522979736,10.297613143920898
2022-01-21,6.648396968841553,3.8299999237060547,18.579999923706055,2.147416830062866,9.758742332458496
2022-01-24,6.514325141906738,3.7699999809265137,18.6299991607666,2.0743753910064697,9.160812377929688
2022-01-25,6.750923156738281,3.930000066757202,19.1299991607666,2.147416830062866,9.456086158752441
2022-01-26,6.853448867797852,3.950000047683716,19.079999923706055,2.147416830062866,9.559432983398438
2022-01-27,6.845562934875488,3.9700000286102295,18.850000381469727,2.140113353729248,9.448705673217773
2022-01-28,7.5159220695495605,4.25,19.440000534057617,2.3665411472320557,10.30499267578125
2022-01-31,7.634220600128174,4.320000171661377,19.8799991607666,2.4761033058166504,10.651938438415527
2022-02-01,7.634220600128174,4.369999885559082,20.280000686645508,2.432278633117676,10.555976867675781
2022-02-02,7.563241958618164,4.309999942779541,20.020000457763672,2.3665411472320557,10.504303932189941
2022-02-03,7.334532260894775,4.159999847412109,19.440000534057617,2.351933240890503,10.28285026550293
2022-02-04,7.334532260894775,4.099999904632568,19.229999542236328,2.3446288108825684,10.201648712158203
2022-02-07,7.389737606048584,4.130000114440918,18.940000534057617,2.337324619293213,10.28285026550293
2022-02-08,7.366076946258545,4.050000190734863,18.940000534057617,2.3227169513702393,10.238557815551758
2022-02-09,7.318758964538574,4.070000171661377,19.170000076293945,2.286195755004883,10.135210037231445
2022-02-10,7.27932596206665,4.110000133514404,19.010000228881836,2.256978988647461,10.105685234069824
2022-02-11,7.121592998504639,4.190000057220459,20.309999465942383,2.3227169513702393,10.157358169555664
2022-02-14,7.097933769226074,4.090000152587891,19.889999389648438,2.293499708175659,10.002340316772461
2022-02-15,7.232006072998047,4.139999866485596,19.899999618530273,2.3300204277038574,10.1795015335083
2022-02-16,7.665768623352051,4.389999866485596,20.399999618530273,2.5053200721740723,10.666699409484863
2022-02-17,7.4370574951171875,4.320000171661377,20.579999923706055,2.468799114227295,10.371431350708008
2022-02-18,7.634220600128174,4.289999961853027,20.299999237060547,2.563753366470337,10.651938438415527
2022-02-22,8.03643798828125,4.460000038146973,21.079999923706055,2.6221861839294434,11.279390335083008
2022-02-23,7.981231212615967,4.440000057220459,21.079999923706055,2.629490375518799,11.308918952941895
2022-02-24,7.862934112548828,4.309999942779541,20.989999771118164,2.483407974243164,11.072701454162598
2022-02-25,7.799840450286865,4.380000114440918,21.600000381469727,2.5272326469421387,10.998884201049805
2022-02-28,7.468604564666748,4.199999809265137,20.950000762939453,2.3592374324798584,10.651938438415527
2022-03-01,7.610562324523926,4.349999904632568,23.190000534057617,2.293499708175659,10.59288501739502
2022-03-02,7.799840450286865,4.679999828338623,23.559999465942383,2.403061866760254,10.991500854492188
2022-03-03,7.878706455230713,4.550000190734863,24.100000381469727,2.3957579135894775,11.153901100158691
2022-03-04,7.563241958618164,4.340000152587891,23.93000030517578,2.2131540775299072,10.70361042022705
2022-03-07,7.184684753417969,4.079999923706055,23.40999984741211,2.147416830062866,10.526448249816895
2022-03-08,7.397624969482422,4.380000114440918,23.200000762939453,2.2350666522979736,10.858627319335938
2022-03-09,7.847159385681152,4.650000095367432,23.139999389648438,2.3665411472320557,11.434409141540527
2022-03-10,8.123191833496094,4.820000171661377,24.110000610351562,2.454190969467163,11.862552642822266
2022-03-11,7.997003078460693,4.659999847412109,22.850000381469727,2.403061866760254,11.463936805725098
2022-03-14,7.823501110076904,4.5,21.639999389648438,2.3592374324798584,11.198192596435547
2022-03-15,7.831387519836426,4.340000152587891,21.270000457763672,2.3665411472320557,11.176045417785645
2022-03-16,8.004890441894531,4.309999942779541,20.93000030517578,2.468799114227295,11.449173927307129
2022-03-17,8.24937629699707,4.480000019073486,21.510000228881836,2.483407974243164,11.66324520111084
2022-03-18,8.091644287109375,4.380000114440918,21.450000762939453,2.5126240253448486,11.877318382263184
2022-03-21,8.233602523803711,4.570000171661377,22.030000686645508,2.5272326469421387,12.076626777648926
2022-03-22,8.217830657958984,4.53000020980835,22.229999542236328,2.563753366470337,12.194737434387207
2022-03-23,8.099531173706055,4.650000095367432,22.3700008392334,2.5345370769500732,12.172589302062988
2022-03-24,8.556952476501465,4.789999961853027,22.90999984741211,2.6733155250549316,12.519533157348633
2022-03-25,8.438653945922852,4.789999961853027,22.90999984741211,2.629490375518799,12.534296035766602
2022-03-28,8.430768013000488,4.760000228881836,23.059999465942383,2.629490375518799,12.73360538482666
2022-03-29,8.430768013000488,4.809999942779541,22.440000534057617,2.600273847579956,12.667171478271484
2022-03-30,8.541178703308105,4.880000114440918,22.90999984741211,2.6075778007507324,12.652405738830566
2022-03-31,8.517520904541016,4.829999923706055,23.6299991607666,2.592970132827759,12.770513534545898
2022-04-01,8.754117965698242,5.050000190734863,24.06999969482422,2.69522762298584,13.14698600769043
2022-04-04,8.683137893676758,5.309999942779541,23.950000762939453,2.6514034271240234,13.043639183044434
2022-04-05,8.375564575195312,5.190000057220459,23.969999313354492,2.592970132827759,12.73360538482666
2022-04-06,8.28880786895752,5.070000171661377,23.350000381469727,2.5272326469421387,12.541679382324219
2022-04-07,8.131078720092773,5.130000114440918,23.450000762939453,2.498016119003296,12.563824653625488
2022-04-08,8.123191833496094,5.139999866485596,24.149999618530273,2.5053200721740723,12.704076766967773
2022-04-11,7.870819568634033,5.03000020980835,23.540000915527344,2.4103662967681885,12.394043922424316
2022-04-12,7.831387519836426,5.070000171661377,23.739999771118164,2.3227169513702393,12.165210723876953
2022-04-13,7.862934112548828,5.139999866485596,24.15999984741211,2.3227169513702393,12.290698051452637
2022-04-14,7.886592864990234,5.179999828338623,24.889999389648438,2.388453960418701,12.608114242553711
2022-04-18,7.989118576049805,5.230000019073486,24.049999237060547,2.373845100402832,12.549062728881836
2022-04-19,7.981231212615967,5.139999866485596,25.079999923706055,2.4249744415283203,12.57858943939209
2022-04-20,7.918140411376953,5.070000171661377,24.649999618530273,2.4761033058166504,12.497389793395996
2022-04-21,7.500150680541992,4.769999980926514,23.049999237060547,2.3154125213623047,11.781354904174805
2022-04-22,7.302985668182373,4.639999866485596,22.59000015258789,2.2423713207244873,11.449173927307129
2022-04-25,7.334532260894775,4.46999979019165,22.469999313354492,2.2496750354766846,11.338444709777832
2022-04-26,6.995406627655029,4.150000095367432,21.5,2.140113353729248,10.59288501739502
2022-04-27,7.20834493637085,4.190000057220459,22.200000762939453,2.169329881668091,10.8217191696167
2022-04-28,7.318758964538574,4.329999923706055,22.3799991607666,2.220458745956421,10.969355583190918
2022-04-29,7.168910980224609,4.239999771118164,21.56999969482422,2.169329881668091,10.8291015625
2022-05-02,6.932314395904541,4.139999866485596,20.6200008392334,2.0962882041931152,10.504303932189941
2022-05-03,7.224118709564209,4.260000228881836,21.270000457763672,2.2131540775299072,11.043174743652344
2022-05-04,7.326642990112305,4.400000095367432,21.579999923706055,2.271587371826172,11.242483139038086
2022-05-05,7.034841537475586,4.139999866485596,20.559999465942383,2.169329881668091,10.688848495483398
2022-05-06,7.034841537475586,4.119999885559082,20.469999313354492,2.169329881668091,10.629792213439941
2022-05-09,6.845562934875488,3.880000114440918,19.549999237060547,2.0378549098968506,10.135210037231445
2022-05-10,6.987521171569824,3.9200000762939453,20.31999969482422,2.0159428119659424,10.30499267578125
2022-05-11,7.153139591217041,4.059999942779541,20.920000076293945,2.0743753910064697,10.629792213439941
2022-05-12,7.161027908325195,4.039999961853027,20.68000030517578,2.0743753910064697,10.858627319335938
2022-05-13,7.448453426361084,4.25,21.450000762939453,2.147416830062866,11.449173927307129
2022-05-16,7.620909690856934,4.420000076293945,21.649999618530273,2.2642836570739746,11.773972511291504
2022-05-17,7.793364524841309,4.489999771118164,22.270000457763672,2.2788920402526855,11.98066234588623
2022-05-18,7.5962724685668945,4.260000228881836,21.31999969482422,2.191241979598999,11.611571311950684
2022-05-19,7.604485988616943,4.369999885559082,21.520000457763672,2.2350666522979736,11.641100883483887
2022-05-20,7.448453426361084,4.340000152587891,21.479999542236328,2.169329881668091,11.471318244934082
2022-05-23,7.678393363952637,4.5,22.1299991607666,2.271587371826172,11.906843185424805
2022-05-24,7.678393363952637,4.429999828338623,22.940000534057617,2.300804376602173,12.298080444335938
2022-05-25,7.694818019866943,4.5,23.719999313354492,2.2788920402526855,12.194737434387207
2022-05-26,7.711244106292725,4.539999961853027,24.25,2.3227169513702393,12.416189193725586
2022-05-27,7.703031063079834,4.659999847412109,23.959999084472656,2.293499708175659,12.165210723876953
2022-05-31,7.563422679901123,4.5,23.670000076293945,2.2350666522979736,11.751826286315918
2022-06-01,7.390966892242432,4.400000095367432,23.260000228881836,2.162024974822998,11.655864715576172
2022-06-02,7.546998500823975,4.369999885559082,23.299999237060547,2.1839377880096436,11.862552642822266
2022-06-03,7.481301307678223,4.440000057220459,23.559999465942383,2.220458745956421,11.736611366271973
2022-06-06,7.325270175933838,4.360000133514404,22.989999771118164,2.140113353729248,11.435277938842773
2022-06-07,7.275996685028076,4.380000114440918,23.3700008392334,2.125504493713379,11.373464584350586
2022-06-08,7.07069206237793,4.389999866485596,23.0,2.059767484664917,11.025769233703613
2022-06-09,6.495839595794678,4.139999866485596,22.239999771118164,1.92098867893219,10.199030876159668
2022-06-10,6.438354015350342,4.050000190734863,21.149999618530273,1.8844679594039917,10.005866050720215
2022-06-13,5.929198741912842,3.880000114440918,20.399999618530273,1.7676018476486206,9.325931549072266
2022-06-14,5.994896411895752,3.7200000286102295,20.079999923706055,1.8260351419448853,9.511367797851562
2022-06-15,6.167351722717285,3.75,20.709999084472656,1.906380295753479,9.627266883850098
2022-06-16,6.044169902801514,3.5199999809265137,20.18000030517578,1.8625556230545044,9.310479164123535
2022-06-17,6.118078231811523,3.4200000762939453,19.729999542236328,1.8698598146438599,9.271845817565918
2022-06-21,6.060594081878662,3.5399999618530273,20.049999237060547,1.8552515506744385,9.279573440551758
2022-06-22,6.118078231811523,3.4700000286102295,20.489999771118164,1.8990764617919922,9.271845817565918
2022-06-23,5.994896411895752,3.2300000190734863,19.84000015258789,1.833338737487793,8.97050952911377
2022-06-24,5.871712684631348,3.2200000286102295,19.729999542236328,1.8041226863861084,8.82370662689209
2022-06-27,5.863501071929932,3.380000114440918,21.3700008392334,1.8114268779754639,8.839160919189453
2022-06-28,5.830652713775635,3.430000066757202,20.920000076293945,1.8187309503555298,9.117316246032715
2022-06-29,5.8881378173828125,3.3399999141693115,20.739999771118164,1.8187309503555298,9.009142875671387
2022-06-30,5.674621105194092,3.259999990463257,20.479999542236328,1.7456897497177124,8.653721809387207
2022-07-01,5.8799262046813965,3.319999933242798,21.360000610351562,1.789514422416687,8.98596477508545
2022-07-05,5.6171345710754395,3.130000114440918,19.75,1.7310810089111328,8.669175148010254
2022-07-06,5.493951797485352,3.0899999141693115,19.719999313354492,1.6945604085922241,8.615091323852539
2022-07-07,5.493951797485352,3.119999885559082,20.850000381469727,1.6799522638320923,8.754168510437012
2022-07-08,5.4857401847839355,3.1700000762939453,20.959999084472656,1.7383856773376465,8.831432342529297
2022-07-11,5.38719367980957,3.049999952316284,20.690000534057617,1.6726479530334473,8.476011276245117
2022-07-12,5.329708576202393,3.0,20.889999389648438,1.6288232803344727,8.506917953491211
2022-07-13,5.190101623535156,3.009999990463257,21.170000076293945,1.6215189695358276,8.282849311828613
2022-07-14,5.042282581329346,2.930000066757202,20.469999313354492,1.5703903436660767,7.811530113220215
2022-07-15,5.165464401245117,2.9700000286102295,21.040000915527344,1.6142150163650513,8.012417793273926
2022-07-18,5.264011859893799,2.990000009536743,21.079999923706055,1.6799522638320923,8.267395973205566
2022-07-19,5.198313236236572,3.059999942779541,21.260000228881836,1.70186448097229,8.29057502746582
2022-07-20,4.9190993309021,2.990000009536743,20.479999542236328,1.6507354974746704,7.850163459777832
2022-07-21,4.869825839996338,2.9100000858306885,20.1299991607666,1.577694296836853,7.726538181304932
2022-07-22,5.058706760406494,2.9100000858306885,20.43000030517578,1.6964454650878906,8.007742881774902
2022-07-25,5.305072784423828,3.140000104904175,21.280000686645508,1.7889786958694458,8.443964004516602
2022-07-26,5.329708576202393,3.200000047683716,21.459999084472656,1.7658454179763794,8.482912063598633
2022-07-27,5.600712299346924,3.3499999046325684,22.34000015258789,1.8815124034881592,8.958078384399414
2022-07-28,6.068803787231445,3.4800000190734863,23.649999618530273,1.9586235284805298,9.674725532531738
2022-07-29,6.405506134033203,3.7100000381469727,23.950000762939453,2.0665793418884277,10.095365524291992
2022-08-01,6.389080047607422,3.6500000953674316,23.920000076293945,2.0280232429504395,10.071996688842773
2022-08-02,6.430141925811768,3.6600000858306885,22.899999618530273,2.058868169784546,10.149892807006836
2022-08-03,6.421929836273193,3.7200000286102295,23.809999465942383,2.0511562824249268,10.282316207885742
2022-08-04,6.274109840393066,3.6600000858306885,23.68000030517578,1.9971786737442017,9.986310958862305
2022-08-05,6.4137163162231445,3.75,24.110000610351562,2.082000970840454,10.040837287902832
2022-08-08,6.627232551574707,4.0,24.8700008392334,2.1514015197753906,10.593902587890625
2022-08-09,6.3972930908203125,3.9100000858306885,24.3799991607666,2.043445587158203,9.970730781555176
2022-08-10,6.282322883605957,3.9100000858306885,24.200000762939453,2.089712142944336,9.744831085205078
2022-08-11,6.446566104888916,4.090000152587891,24.479999542236328,2.166823625564575,10.188840866088867
2022-08-12,6.627232551574707,4.409999847412109,24.389999389648438,2.2285122871398926,10.399160385131836
2022-08-15,6.824326515197754,4.639999866485596,24.190000534057617,2.259357213973999,10.679587364196777
2022-08-16,6.750417232513428,4.610000133514404,24.059999465942383,2.2285122871398926,10.640641212463379
2022-08-17,6.660083293914795,4.639999866485596,24.190000534057617,2.2362241744995117,10.554954528808594
2022-08-18,6.701143741607666,4.849999904632568,25.239999771118164,2.2664949893951416,10.8856782913208
2022-08-19,6.421929836273193,4.650000095367432,24.219999313354492,2.126779079437256,10.344919204711914
2022-08-22,6.635445594787598,4.769999980926514,24.3799991607666,2.1811137199401855,10.697587966918945
2022-08-23,6.947509288787842,5.170000076293945,24.989999771118164,2.2742574214935303,11.12862777709961
2022-08-24,7.021419048309326,5.300000190734863,26.200000762939453,2.3906867504119873,11.261857032775879
2022-08-25,7.161026954650879,5.579999923706055,26.479999542236328,2.429497003555298,11.3167142868042
2022-08-26,7.1774492263793945,5.510000228881836,26.1299991607666,2.4139726161956787,11.559666633605957
2022-08-29,7.128177642822266,5.880000114440918,25.950000762939453,2.4605445861816406,11.622360229492188
2022-08-30,6.972146034240723,5.510000228881836,24.940000534057617,2.4605445861816406,11.512641906738281
2022-08-31,6.660083293914795,5.489999771118164,24.389999389648438,2.289780855178833,11.058094024658203
2022-09-01,6.807901859283447,5.619999885559082,24.40999984741211,2.3596391677856445,11.332391738891602
2022-09-02,7.013205528259277,5.820000171661377,24.65999984741211,2.4450206756591797,11.68505859375
2022-09-06,7.128177642822266,6.019999980926514,25.18000030517578,2.382925033569336,11.591012001037598
2022-09-07,7.415604591369629,6.599999904632568,26.06999969482422,2.5381641387939453,12.40606689453125
2022-09-08,7.325270175933838,6.769999980926514,25.84000015258789,2.522639751434326,12.31986141204834
2022-09-09,7.818001747131348,6.96999979019165,26.700000762939453,2.61578369140625,13.142749786376953
2022-09-12,7.694818019866943,7.019999980926514,26.760000228881836,2.5769739151000977,13.127076148986816
2022-09-13,7.399178504943848,7.110000133514404,25.979999542236328,2.514878511428833,12.805756568908691
2022-09-14,7.579847812652588,7.300000190734863,26.760000228881836,2.5536882877349854,13.236795425415039
2022-09-15,7.28420877456665,6.670000076293945,25.34000015258789,2.437258720397949,12.797919273376465
2022-09-16,7.259572982788086,6.96999979019165,25.010000228881836,2.4683070182800293,12.821432113647461
2022-09-19,7.620909690856934,7.210000038146973,25.940000534057617,2.5769739151000977,13.448397636413574
2022-09-20,7.48951530456543,7.159999847412109,25.40999984741211,2.6080217361450195,13.127076148986816
2022-09-21,7.259572982788086,6.820000171661377,24.84000015258789,2.5381641387939453,12.860617637634277
2022-09-22,7.185662269592285,6.920000076293945,24.649999618530273,2.530402183532715,12.774407386779785
2022-09-23,6.865387439727783,6.230000019073486,23.719999313354492,2.3578569889068604,12.431710243225098
2022-09-26,6.462989807128906,6.25,22.40999984741211,2.2797820568084717,11.730555534362793
2022-09-27,6.167351722717285,6.210000038146973,22.450000762939453,2.2953972816467285,11.423308372497559
2022-09-28,6.249473571777344,6.389999866485596,22.969999313354492,2.3344345092773438,11.383916854858398
2022-09-29,6.175563335418701,6.21999979019165,23.079999923706055,2.36566424369812,11.336647033691406
2022-09-30,6.200499534606934,6.210000038146973,22.770000457763672,2.3500494956970215,11.242110252380371
2022-10-03,6.6742634773254395,6.820000171661377,24.110000610351562,2.5061991214752197,12.148098945617676
2022-10-04,6.707509517669678,6.929999828338623,23.780000686645508,2.5686588287353516,12.31353759765625
2022-10-05,6.599458694458008,7.400000095367432,23.969999313354492,2.537428617477417,12.108708381652832
2022-10-06,6.458160400390625,7.210000038146973,24.239999771118164,2.498391628265381,11.880240440368652
2022-10-07,6.399978160858154,7.190000057220459,23.729999542236328,2.43593168258667,11.59662914276123
2022-10-10,6.333485126495361,6.880000114440918,23.65999984741211,2.428124189376831,11.494211196899414
2022-10-11,6.2171220779418945,6.730000019073486,22.790000915527344,2.36566424369812,11.320893287658691
2022-10-12,6.034265518188477,6.599999904632568,22.260000228881836,2.311012029647827,11.076668739318848
2022-10-13,6.109070301055908,6.869999885559082,22.959999084472656,2.3578569889068604,11.273625373840332
2022-10-14,5.951149940490723,6.659999847412109,22.3799991607666,2.311012029647827,11.163330078125
2022-10-17,6.1921868324279785,7.070000171661377,23.0,2.373471975326538,11.454821586608887
2022-10-18,6.1921868324279785,6.940000057220459,23.100000381469727,2.373471975326538,11.565114974975586
2022-10-19,6.2088093757629395,7.039999961853027,23.280000686645508,2.3422422409057617,11.509968757629395
2022-10-20,6.350107669830322,7.050000190734863,23.200000762939453,2.3500494956970215,11.43118667602539
2022-10-21,6.516342639923096,7.170000076293945,23.549999237060547,2.4576194286346436,11.794772148132324
2022-10-24,6.441537380218506,7.389999866485596,23.360000610351562,2.379101037979126,11.501687049865723
2022-10-25,6.54958963394165,7.630000114440918,24.600000381469727,2.4340641498565674,11.83437728881836
2022-10-26,6.458160400390625,7.78000020980835,24.68000030517578,2.4026567935943604,11.652189254760742
2022-10-27,6.524653911590576,7.869999885559082,25.34000015258789,2.441915512084961,11.937356948852539
2022-10-28,6.325173377990723,7.639999866485596,25.3799991607666,2.371249198913574,11.620505332946777
2022-10-31,6.4498491287231445,7.639999866485596,25.170000076293945,2.3633978366851807,11.763089179992676
2022-11-01,6.807250499725342,8.260000228881836,26.350000381469727,2.5518410205841064,12.357184410095215
2022-11-02,6.516342639923096,7.929999828338623,25.34000015258789,2.4576194286346436,11.85814380645752
2022-11-03,6.532965660095215,8.119999885559082,25.489999771118164,2.4576194286346436,11.794772148132324
2022-11-04,6.641016006469727,8.039999961853027,25.90999984741211,2.473323345184326,11.95319652557373
2022-11-07,6.458160400390625,7.929999828338623,25.190000534057617,2.410508394241333,11.382867813110352
2022-11-08,6.41660213470459,7.75,26.299999237060547,2.4183602333068848,11.303653717041016
2022-11-09,6.1672515869140625,7.119999885559082,25.239999771118164,2.2613236904144287,10.638267517089844
2022-11-10,6.158941268920898,7.190000057220459,25.079999923706055,2.1985092163085938,10.495685577392578
2022-11-11,6.375042915344238,7.650000095367432,25.950000762939453,2.253471851348877,10.828376770019531
2022-11-14,6.383354663848877,8.039999961853027,26.860000610351562,2.22991681098938,10.844220161437988
2022-11-15,6.266992092132568,8.079999923706055,27.059999465942383,2.1749539375305176,10.551133155822754
2022-11-16,6.15062952041626,7.639999866485596,26.270000457763672,2.1199910640716553,10.376866340637207
2022-11-17,5.9927077293396,7.389999866485596,25.8700008392334,2.127842903137207,10.170912742614746
2022-11-18,6.059200286865234,7.360000133514404,26.290000915527344,2.127842903137207,10.242203712463379
2022-11-21,6.05088996887207,7.269999980926514,26.0,2.1199910640716553,10.178833961486816
2022-11-22,6.092447757720947,7.480000019073486,26.139999389648438,2.1513984203338623,10.321416854858398
2022-11-23,6.266992092132568,7.659999847412109,26.700000762939453,2.386929750442505,10.55970573425293
2022-11-25,6.441537380218506,8.220000267028809,27.56999969482422,2.5371010303497314,10.902399063110352
2022-11-28,6.524653911590576,8.279999732971191,27.989999771118164,2.608234405517578,10.934280395507812
2022-11-29,6.5828351974487305,8.600000381469727,28.989999771118164,2.5371010303497314,11.109609603881836
2022-11-30,6.732446193695068,8.390000343322754,28.649999618530273,2.552908420562744,11.579813003540039
2022-12-01,6.757380485534668,8.380000114440918,29.110000610351562,2.5212934017181396,11.356666564941406
2022-12-02,6.832184314727783,8.260000228881836,28.639999389648438,2.434352397918701,11.348694801330566
2022-12-05,6.350107669830322,7.78000020980835,27.420000076293945,2.2920854091644287,10.687220573425293
2022-12-06,6.341796398162842,7.650000095367432,27.040000915527344,2.276277542114258,10.846613883972168
2022-12-07,6.60776948928833,7.78000020980835,27.639999389648438,2.379026174545288,11.11757755279541
2022-12-08,6.242056846618652,7.400000095367432,26.18000030517578,2.220951557159424,10.607524871826172
2022-12-09,6.1838765144348145,7.380000114440918,25.979999542236328,2.1893365383148193,10.591586112976074
2022-12-12,6.4498491287231445,7.489999771118164,26.450000762939453,2.276277542114258,10.926308631896973
2022-12-13,6.333485126495361,7.510000228881836,26.010000228881836,2.2525665760040283,10.6951904296875
2022-12-14,6.375042915344238,7.389999866485596,25.700000762939453,2.268373966217041,10.727068901062012
2022-12-15,6.391667366027832,7.46999979019165,25.479999542236328,2.276277542114258,10.719099998474121
2022-12-16,6.383354663848877,7.46999979019165,26.110000610351562,2.2841813564300537,10.703160285949707
2022-12-19,6.616081714630127,7.940000057220459,27.770000457763672,2.386929750442505,10.942245483398438
2022-12-20,7.123093128204346,8.470000267028809,28.040000915527344,2.6003313064575195,11.47620964050293
2022-12-21,7.405690670013428,8.680000305175781,28.860000610351562,2.7109835147857666,12.07392692565918
2022-12-22,7.438938140869141,8.859999656677246,29.59000015258789,2.8216357231140137,12.3209867477417
2022-12-23,7.713221549987793,9.09000015258789,29.950000762939453,2.858156204223633,12.683721542358398
2022-12-27,7.779714107513428,8.84000015258789,30.889999389648438,2.9137320518493652,12.795825958251953
2022-12-28,8.004128456115723,9.09000015258789,30.809999465942383,2.9931249618530273,13.244240760803223
2022-12-29,7.987505912780762,9.050000190734863,31.139999389648438,3.0169432163238525,13.052062034606934
2022-12-30,8.087246894836426,9.1899995803833,31.940000534057617,3.0963363647460938,13.148149490356445
2023-01-03,7.937635898590088,8.710000038146973,31.1299991607666,2.929610252380371,12.659699440002441
2023-01-04,8.220232963562012,8.710000038146973,31.8700008392334,3.080458164215088,13.228226661682129
2023-01-05,8.77711296081543,9.350000381469727,32.95000076293945,3.255122661590576,14.101033210754395
2023-01-06,9.225943565368652,9.449999809265137,33.41999816894531,3.3265767097473145,14.501401901245117
2023-01-09,9.475293159484863,9.75,33.599998474121094,3.3742127418518066,14.893763542175293
2023-01-10,9.62490463256836,9.720000267028809,33.88999938964844,3.3345160484313965,15.013875961303711
2023-01-11,10.298149108886719,9.869999885559082,35.93000030517578,3.6044530868530273,15.870667457580566
2023-01-12,10.680485725402832,10.350000381469727,35.099998474121094,3.6759073734283447,16.6153564453125
2023-01-13,10.83840560913086,11.079999923706055,34.9900016784668,3.6997249126434326,16.463214874267578
2023-01-17,11.436845779418945,12.220000267028809,35.119998931884766,3.906147003173828,17.75240707397461
2023-01-18,10.306459426879883,11.210000038146973,33.099998474121094,3.548877716064453,16.751482009887695
2023-01-19,10.713730812072754,11.220000267028809,32.83000183105469,3.6282713413238525,17.12782859802246
2023-01-20,11.428534507751465,11.920000076293945,34.20000076293945,3.794997215270996,18.16078758239746
2023-01-23,11.28723430633545,11.979999542236328,34.209999084472656,3.7235429286956787,17.552221298217773
2023-01-24,11.24567699432373,12.0,34.33000183105469,3.6997249126434326,17.49616813659668
2023-01-25,11.677884101867676,12.079999923706055,35.34000015258789,3.8029367923736572,18.216835021972656
2023-01-26,11.553206443786621,12.020000457763672,34.86000061035156,3.81087589263916,18.104734420776367
2023-01-27,11.065140724182129,11.539999961853027,33.7599983215332,3.6759073734283447,17.35203742980957
2023-01-30,10.555339813232422,11.149999618530273,32.4900016784668,3.53299880027771,16.687421798706055
2023-01-31,11.198856353759766,11.949999809265137,33.83000183105469,3.6917850971221924,17.59225845336914
2023-02-01,11.006638526916504,11.75,33.779998779296875,3.5965139865875244,17.247941970825195
2023-02-02,10.973207473754883,11.470000267028809,33.790000915527344,3.5885746479034424,17.48015785217285
2023-02-03,10.304619789123535,11.180000305175781,32.529998779296875,3.4059698581695557,16.48723602294922
2023-02-06,10.630556106567383,11.479999542236328,32.79999923706055,3.469484567642212,16.719451904296875
2023-02-07,10.680700302124023,11.539999961853027,32.65999984741211,3.4536056518554688,16.599340438842773
2023-02-08,10.839491844177246,11.550000190734863,33.400001525878906,3.517120361328125,16.719451904296875
2023-02-09,10.61384105682373,11.279999732971191,32.20000076293945,3.445666790008545,16.198970794677734
2023-02-10,10.663986206054688,11.579999923706055,32.900001525878906,3.469484567642212,16.343103408813477
2023-02-13,11.324216842651367,12.029999732971191,33.79999923706055,3.6759073734283447,17.08778953552246
2023-02-14,11.633439064025879,12.09000015258789,33.81999969482422,3.7473604679107666,17.392070770263672
2023-02-15,11.558222770690918,11.880000114440918,34.209999084472656,3.6838455200195312,17.159860610961914
2023-02-16,11.658512115478516,11.890000343322754,33.849998474121094,3.8426332473754883,17.151851654052734
2023-02-17,11.115283966064453,11.40999984741211,33.099998474121094,3.6838455200195312,16.190961837768555
2023-02-21,10.998279571533203,11.399999618530273,32.400001525878906,3.6997249126434326,16.222993850708008
2023-02-22,11.065140724182129,11.369999885559082,32.34000015258789,3.6441502571105957,16.255022048950195
2023-02-23,11.315858840942383,11.710000038146973,32.84000015258789,3.8029367923736572,16.73546600341797
2023-02-24,11.240643501281738,11.880000114440918,33.0099983215332,4.0014190673828125,16.599340438842773
2023-02-27,11.45793628692627,12.109999656677246,33.459999084472656,4.072873592376709,16.98369598388672
2023-02-28,11.131997108459473,11.770000457763672,32.9900016784668,4.056994915008545,16.59133529663086
2023-03-01,11.215572357177734,12.100000381469727,33.52000045776367,4.104630947113037,16.463214874267578
2023-03-02,10.42998218536377,11.550000190734863,32.310001373291016,3.834693431854248,15.3341703414917
2023-03-03,10.73084545135498,11.930000305175781,32.4900016784668,3.9379048347473145,15.774577140808105
2023-03-06,10.897993087768555,12.710000038146973,34.0099983215332,4.041116237640381,16.28705406188965
2023-03-07,10.588769912719727,11.800000190734863,33.08000183105469,3.882328987121582,15.894688606262207
2023-03-08,11.014994621276855,12.050000190734863,33.08000183105469,4.128448009490967,16.63937759399414
2023-03-09,10.49683952331543,11.5600004196167,31.920000076293945,3.91408634185791,15.91871166229248
2023-03-10,9.786465644836426,10.649999618530273,29.579999923706055,3.6282713413238525,15.166015625
2023-03-13,9.418741226196289,9.90999984741211,28.670000076293945,3.445666790008545,14.797676086425781
2023-03-14,9.184733390808105,9.779999732971191,28.829999923706055,3.3821523189544678,14.637528419494629
2023-03-15,8.616436004638672,9.270000457763672,27.3799991607666,3.12015438079834,13.460441589355469
2023-03-16,9.092801094055176,9.520000457763672,28.600000381469727,3.2868802547454834,14.493396759033203
2023-03-17,8.725079536437988,9.050000190734863,28.399999618530273,3.0963363647460938,13.716673851013184
2023-03-20,8.591360092163086,9.130000114440918,28.1299991607666,2.9931249618530273,13.444424629211426
2023-03-21,9.234878540039062,9.819999694824219,29.350000381469727,3.231304883956909,14.373282432556152
2023-03-22,8.975799560546875,9.770000457763672,28.299999237060547,3.159850835800171,14.020956993103027
2023-03-23,8.842082023620605,9.65999984741211,28.020000457763672,3.0407607555389404,13.644611358642578
2023-03-24,8.900583267211914,9.619999885559082,29.0,3.080458164215088,13.636604309082031
2023-03-27,9.35188102722168,10.3100004196167,30.799999237060547,3.215426445007324,14.45335578918457
2023-03-28,9.527385711669922,10.829999923706055,32.58000183105469,3.2710015773773193,14.573471069335938
2023-03-29,9.719605445861816,11.229999542236328,32.93000030517578,3.3345160484313965,14.877750396728516
2023-03-30,9.527385711669922,11.430000305175781,32.720001220703125,3.3027584552764893,14.877750396728516
2023-03-31,9.176375389099121,10.979999542236328,32.97999954223633,3.112215280532837,14.261178970336914
2023-04-03,9.493955612182617,11.649999618530273,34.630001068115234,3.207486629486084,14.757640838623047
2023-04-04,9.268306732177734,11.399999618530273,33.29999923706055,3.1519112586975098,14.341255187988281
2023-04-05,9.268306732177734,11.470000267028809,33.849998474121094,3.1519112586975098,14.437342643737793
2023-04-06,9.142946243286133,11.15999984741211,33.709999084472656,3.112215280532837,14.245166778564453
2023-04-10,9.301736831665039,12.300000190734863,34.41999816894531,3.2868802547454834,14.421327590942383
2023-04-11,9.736320495605469,12.40999984741211,34.540000915527344,3.525059461593628,14.9978609085083
2023-04-12,10.329691886901855,12.539999961853027,36.40999984741211,3.6520891189575195,15.654464721679688
2023-04-13,10.396552085876465,12.350000381469727,36.95000076293945,3.7076640129089355,16.046831130981445
2023-04-14,10.638912200927734,12.449999809265137,37.560001373291016,3.890267848968506,16.623363494873047
2023-04-17,10.806061744689941,12.279999732971191,37.630001068115234,3.9855408668518066,16.903623580932617
2023-04-18,10.34640884399414,12.220000267028809,36.63999938964844,3.882328987121582,16.006790161132812
2023-04-19,9.7279634475708,11.5600004196167,35.15999984741211,3.5885746479034424,14.64553451538086
2023-04-20,9.920183181762695,11.479999542236328,35.189998626708984,3.6600289344787598,14.893763542175293
2023-04-21,9.74467658996582,11.300000190734863,34.29999923706055,3.5409388542175293,14.469372749328613
2023-04-24,9.778105735778809,11.430000305175781,34.77000045776367,3.556817054748535,14.533432006835938
2023-04-25,9.719605445861816,11.119999885559082,34.40999984741211,3.509181261062622,14.509411811828613
2023-04-26,9.602603912353516,11.020000457763672,34.43000030517578,3.493302345275879,14.3812894821167
2023-04-27,9.594243049621582,11.079999923706055,34.2599983215332,3.429788589477539,14.109041213989258
2023-04-28,9.62767505645752,11.119999885559082,34.13999938964844,3.3980307579040527,14.165093421936035
2023-05-01,9.36023998260498,10.970000267028809,33.41999816894531,3.3027584552764893,13.788742065429688
2023-05-02,9.519028663635254,10.8100004196167,33.84000015258789,3.255122661590576,13.908855438232422
2023-05-03,9.443812370300293,10.619999885559082,33.25,3.175729513168335,13.772729873657227
2023-05-04,9.134589195251465,10.539999961853027,32.529998779296875,3.0725181102752686,13.460441589355469
2023-05-05,9.74467658996582,11.390000343322754,34.130001068115234,3.2868802547454834,14.253171920776367
2023-05-08,9.970325469970703,11.520000457763672,33.810001373291016,3.3662726879119873,14.357267379760742
2023-05-09,10.145828247070312,11.739999771118164,34.470001220703125,3.413909435272217,14.725608825683594
2023-05-10,10.321333885192871,11.649999618530273,35.150001525878906,3.485363006591797,14.66154956817627
2023-05-11,10.655630111694336,11.75,36.2400016784668,3.6044530868530273,14.869742393493652
2023-05-12,10.354765892028809,11.359999656677246,37.36000061035156,3.6282713413238525,14.797676086425781
2023-05-15,10.237763404846191,11.130000114440918,36.599998474121094,3.6203315258026123,14.653541564941406
2023-05-16,9.48559856414795,10.800000190734863,35.130001068115234,3.429788589477539,13.708670616149902
2023-05-17,9.895109176635742,11.0600004196167,35.70000076293945,3.556817054748535,14.269187927246094
2023-05-18,9.636030197143555,10.880000114440918,35.15999984741211,3.413909435272217,13.860811233520508
2023-05-19,9.69453239440918,10.8100004196167,36.119998931884766,3.4218485355377197,14.149077415466309
2023-05-22,9.502311706542969,10.800000190734863,35.77000045776367,3.3583340644836426,13.79675006866455
2023-05-23,9.577529907226562,11.170000076293945,36.290000915527344,3.461545467376709,14.125052452087402
2023-05-24,9.82824993133545,11.380000114440918,36.709999084472656,3.5012412071228027,14.20512866973877
2023-05-25,9.74467658996582,11.0600004196167,36.72999954223633,3.445666790008545,14.085016250610352
2023-05-26,9.761391639709473,11.119999885559082,36.689998626708984,3.493302345275879,14.069002151489258
2023-05-30,10.120759010314941,11.279999732971191,37.459999084472656,3.556817054748535,14.397305488586426
2023-05-31,10.306572914123535,10.989999771118164,37.0,3.4774231910705566,14.060995101928711
2023-06-01,10.497594833374023,11.300000190734863,38.38999938964844,3.6044530868530273,14.67756462097168
2023-06-02,10.26315689086914,11.479999542236328,38.52000045776367,3.5806350708007812,14.74162483215332
2023-06-05,10.70598316192627,11.729999542236328,39.13999938964844,3.7076640129089355,15.3742094039917
2023-06-06,12.09524154663086,12.460000038146973,40.83000183105469,4.160205841064453,17.528200149536133
2023-06-07,12.590166091918945,12.529999732971191,40.130001068115234,4.318992614746094,17.976612091064453
2023-06-08,12.746460914611816,12.619999885559082,39.470001220703125,4.160205841064453,17.504173278808594
2023-06-09,12.859336853027344,12.550000190734863,39.13999938964844,4.271356105804443,17.456134796142578
2023-06-12,12.676996231079102,12.390000343322754,38.779998779296875,4.239599227905273,17.624286651611328
2023-06-13,13.18060302734375,12.399999618530273,38.54999923706055,4.287234783172607,17.992630004882812
2023-06-14,13.484502792358398,12.5,38.189998626708984,4.366628646850586,17.85650062561035
2023-06-15,13.857867240905762,13.449999809265137,38.34000015258789,4.422203540802002,18.657241821289062
2023-06-16,14.648006439208984,14.550000190734863,40.90999984741211,4.676261901855469,19.59410858154297
2023-06-20,14.89112663269043,14.539999961853027,42.77000045776367,4.858865737915039,20.755178451538086
2023-06-21,15.455514907836914,15.449999809265137,43.79999923706055,4.977956295013428,21.403779983520508
2023-06-22,14.326739311218262,14.729999542236328,42.09000015258789,4.747715473175049,20.162633895874023
2023-06-23,14.569862365722656,14.789999961853027,42.040000915527344,4.842988014221191,20.26673126220703
2023-06-26,15.255807876586914,15.399999618530273,42.38999938964844,5.009714126586914,22.036365509033203
2023-06-27,14.561179161071777,14.989999771118164,41.79999923706055,4.842988014221191,21.179576873779297
2023-06-28,14.648006439208984,14.770000457763672,41.7400016784668,4.874744892120361,21.171566009521484
2023-06-29,14.96927261352539,15.1899995803833,42.36000061035156,4.914441108703613,21.331716537475586
2023-06-30,14.934542655944824,14.890000343322754,43.31999969482422,4.866805076599121,21.131528854370117
2023-07-03,15.03005313873291,14.890000343322754,42.81999969482422,4.914441108703613,21.019426345825195
2023-07-05,15.14293098449707,15.149999618530273,43.650001525878906,4.9065022468566895,20.94736099243164
2023-07-06,13.988109588623047,14.050000190734863,40.970001220703125,4.485718250274658,19.369903564453125
2023-07-07,14.404888153076172,14.369999885559082,41.63999938964844,4.700079917907715,20.066547393798828
2023-07-10,14.151337623596191,14.510000228881836,41.310001373291016,4.620687007904053,19.474000930786133
2023-07-11,14.326804161071777,14.420000076293945,41.5,4.628625869750977,19.762264251708984
2023-07-12,14.65141773223877,14.9399995803833,43.189998626708984,4.676261901855469,20.41887092590332
2023-07-13,15.239229202270508,15.170000076293945,43.54999923706055,4.763594150543213,21.283668518066406
2023-07-14,14.282938957214355,14.479999542236328,42.779998779296875,4.453960418701172,19.96245002746582
2023-07-17,15.063763618469238,15.239999771118164,44.869998931884766,4.771533966064453,21.304471969604492
2023-07-18,15.29186725616455,15.479999542236328,44.709999084472656,4.739775657653809,21.328937530517578
2023-07-19,15.002349853515625,15.350000381469727,43.900001525878906,4.5571722984313965,20.864362716674805
2023-07-20,15.26555061340332,15.25,43.88999938964844,4.676261901855469,21.237682342529297
2023-07-21,15.660346984863281,15.460000038146973,44.619998931884766,4.83585262298584,21.834989547729492
2023-07-24,15.248002052307129,15.630000114440918,44.25,4.747636795043945,21.295751571655273
2023-07-25,15.511200904846191,15.630000114440918,44.060001373291016,4.731597900390625,21.62759017944336
2023-07-26,15.581391334533691,15.399999618530273,43.689998626708984,4.83585262298584,21.735437393188477
2023-07-27,14.493498802185059,14.350000381469727,41.2400016784668,4.434870719909668,20.43297004699707
2023-07-28,14.813331604003906,14.59000015258789,41.18000030517578,4.555164337158203,20.955615997314453
2023-07-31,15.017104148864746,14.890000343322754,42.0,4.539125442504883,20.87265968322754
2023-08-01,14.52096176147461,14.680000305175781,42.869998931884766,4.402791500091553,21.237682342529297
2023-08-02,14.00710391998291,14.260000228881836,41.43000030517578,4.202300071716309,20.30853271484375
2023-08-03,13.891928672790527,14.0,40.029998779296875,4.114084720611572,20.009878158569336
2023-08-04,14.485525131225586,14.069999694824219,40.31999969482422,4.226358890533447,20.603376388549805
2023-08-07,14.264032363891602,13.949999809265137,40.720001220703125,4.186259746551514,20.4427433013916
2023-08-08,14.82219123840332,14.329999923706055,41.15999984741211,4.354673385620117,21.102182388305664
2023-08-09,14.715877532958984,14.329999923706055,41.75,4.274477481842041,20.9330997467041
2023-08-10,15.247455596923828,14.390000343322754,42.900001525878906,4.354673385620117,21.72780990600586
2023-08-11,14.85762882232666,14.510000228881836,44.75,4.390514373779297,21.575632095336914
2023-08-14,13.998244285583496,14.229999542236328,43.63999938964844,4.333494663238525,19.901662826538086
2023-08-15,13.865349769592285,14.069999694824219,44.79999923706055,4.219454765319824,19.698753356933594
2023-08-16,14.13113784790039,14.630000114440918,45.0099983215332,4.227601051330566,19.817115783691406
2023-08-17,13.572979927062988,14.739999771118164,44.43000030517578,4.015813827514648,19.32578468322754
2023-08-18,13.440086364746094,14.59000015258789,44.75,4.015813827514648,19.455081939697266
2023-08-21,13.316049575805664,14.399999618530273,44.040000915527344,3.9750847816467285,19.08442497253418
2023-08-22,13.767892837524414,14.619999885559082,46.72999954223633,4.080978870391846,19.946413040161133
2023-08-23,14.644997596740723,15.029999732971191,47.310001373291016,4.219454765319824,20.429128646850586
2023-08-24,14.174018859863281,14.6899995803833,46.310001373291016,4.189706802368164,20.713586807250977
2023-08-25,14.78173542022705,14.75,45.77000045776367,4.495463848114014,21.299734115600586
2023-08-28,15.916728019714355,14.899999618530273,47.689998626708984,4.8177490234375,22.91165542602539
2023-08-29,16.30995750427246,14.84000015258789,48.189998626708984,4.933441162109375,23.265071868896484
2023-08-30,16.211645126342773,14.609999656677246,47.099998474121094,4.751639366149902,22.99785614013672
2023-08-31,16.15802764892578,14.4399995803833,45.560001373291016,4.726848125457764,22.97199249267578
2023-09-01,15.711179733276367,14.210000038146973,45.83000183105469,4.536782264709473,22.463420867919922
2023-09-05,15.023031234741211,13.649999618530273,43.9900016784668,4.404562950134277,21.351457595825195
2023-09-06,14.80854320526123,13.470000267028809,42.90999984741211,4.4128265380859375,20.946319580078125
2023-09-07,14.594056129455566,13.09000015258789,40.83000183105469,4.379772186279297,20.601524353027344
2023-09-08,14.174018859863281,12.65999984741211,38.84000015258789,4.0657501220703125,19.89469337463379
2023-09-11,14.066776275634766,12.069999694824219,37.86000061035156,4.040958881378174,19.782636642456055
2023-09-12,14.272327423095703,12.449999809265137,39.91999816894531,4.148387432098389,20.075712203979492
2023-09-13,14.343822479248047,12.84000015258789,40.7400016784668,4.12359619140625,20.282594680786133
2023-09-14,14.50468635559082,12.930000305175781,41.40999984741211,4.222761631011963,20.68772315979004
2023-09-15,14.18295669555664,12.710000038146973,40.439998626708984,4.181442737579346,20.368789672851562
2023-09-18,14.57618236541748,13.079999923706055,42.099998474121094,4.2971343994140625,21.101478576660156
2023-09-19,14.111461639404297,12.9399995803833,41.47999954223633,4.173179626464844,20.317068099975586
2023-09-20,13.682486534118652,12.789999961853027,40.33000183105469,4.057486057281494,19.848295211791992
2023-09-21,13.360756874084473,13.119999885559082,40.15999984741211,3.999640703201294,19.558605194091797
2023-09-22,13.185138702392578,12.869999885559082,40.11000061035156,3.90047550201416,19.181127548217773
2023-09-25,12.869916915893555,12.579999923706055,39.0,3.768256902694702,18.76853370666504
2023-09-26,12.464637756347656,12.210000038146973,38.5099983215332,3.6690917015075684,18.215484619140625
2023-09-27,12.39258861541748,12.6899995803833,39.04999923706055,3.6360366344451904,18.20670509338379
2023-09-28,12.491656303405762,12.619999885559082,38.77000045776367,3.7064766883850098,18.276933670043945
2023-09-29,11.753143310546875,12.25,37.36000061035156,3.480062961578369,17.3200740814209
2023-10-02,11.392892837524414,12.119999885559082,37.029998779296875,3.471677303314209,16.951372146606445
2023-10-03,10.915565490722656,11.640000343322754,36.189998626708984,3.371049165725708,16.134967803955078
2023-10-04,11.050657272338867,11.460000038146973,36.43000030517578,3.421363115310669,16.407106399536133
2023-10-05,11.419912338256836,11.489999771118164,36.939998626708984,3.5471484661102295,16.591453552246094
2023-10-06,11.500967979431152,11.399999618530273,37.540000915527344,3.5890769958496094,16.652902603149414
2023-10-09,11.149724960327148,11.970000267028809,38.47999954223633,3.5555341243743896,16.161304473876953
2023-10-10,10.834506034851074,12.079999923706055,39.59000015258789,3.480062961578369,15.976954460144043
2023-10-11,11.16773796081543,12.5,40.939998626708984,3.572305917739868,16.117412567138672
2023-10-12,10.897551536560059,12.859999656677246,40.90999984741211,3.5555341243743896,15.985735893249512
2023-10-13,10.74444580078125,12.739999771118164,39.65999984741211,3.43813419342041,15.862834930419922
2023-10-16,11.347864151000977,12.979999542236328,40.40999984741211,3.5136053562164307,16.67045783996582
2023-10-17,11.248793601989746,13.720000267028809,43.709999084472656,3.6142337322235107,17.144502639770508
2023-10-18,11.068670272827148,13.5,43.400001525878906,3.5471484661102295,16.793357849121094
2023-10-19,10.510283470153809,12.609999656677246,41.97999954223633,3.43813419342041,16.46855354309082
2023-10-20,10.204070091247559,12.289999961853027,41.029998779296875,3.3458917140960693,16.371990203857422
2023-10-23,10.339162826538086,11.489999771118164,39.369998931884766,3.3542773723602295,16.41588592529297
2023-10-24,9.969907760620117,11.239999771118164,39.33000183105469,3.228492021560669,15.801384925842285
2023-10-25,10.663389205932617,11.270000457763672,40.11000061035156,3.4465205669403076,16.688016891479492
2023-10-26,10.74444580078125,11.300000190734863,40.130001068115234,3.5471484661102295,17.153282165527344
2023-10-27,10.582331657409668,11.039999961853027,38.900001525878906,3.480062961578369,17.056718826293945
2023-10-30,10.023944854736328,10.449999809265137,37.380001068115234,3.270420551300049,15.836498260498047
2023-10-31,10.095995903015137,9.930000305175781,36.880001068115234,3.2871923446655273,16.082298278808594
2023-11-01,10.762457847595215,10.350000381469727,37.9900016784668,3.5387625694274902,17.083049774169922
2023-11-02,11.086681365966797,10.699999809265137,38.349998474121094,3.6142337322235107,17.785335540771484
2023-11-03,11.203764915466309,10.720000267028809,38.349998474121094,3.672934055328369,17.952129364013672
2023-11-06,10.843514442443848,10.239999771118164,36.88999938964844,3.605848789215088,17.302513122558594
2023-11-07,10.870532989501953,10.140000343322754,36.959999084472656,3.5974626541137695,17.355188369750977
2023-11-08,10.555314064025879,10.029999732971191,36.27000045776367,3.4465205669403076,16.828475952148438
2023-11-09,10.600345611572266,9.960000038146973,35.84000015258789,3.4968345165252686,16.802139282226562
2023-11-10,10.60935115814209,10.319999694824219,35.84000015258789,3.530377149581909,17.144502639770508
2023-11-13,10.501276016235352,10.15999984741211,35.75,3.5052199363708496,17.0128231048584
2023-11-14,10.771465301513672,10.470000267028809,36.54999923706055,3.5974626541137695,17.302513122558594
2023-11-15,10.798481941223145,10.25,35.400001525878906,3.5471484661102295,17.24106788635254
2023-11-16,10.690409660339355,10.210000038146973,35.84000015258789,3.563920021057129,16.93381690979004
2023-11-17,11.257800102233887,10.729999542236328,37.060001373291016,3.6980907917022705,17.767778396606445
2023-11-20,13.194143295288086,15.010000228881836,43.70000076293945,4.385717868804932,21.34942626953125
2023-11-21,13.11308765411377,14.829999923706055,42.630001068115234,4.19284725189209,21.375762939453125
2023-11-22,12.158425331115723,15.0,42.380001068115234,3.664547920227051,19.94485855102539
2023-11-24,13.797561645507812,16.84000015258789,45.59000015258789,4.394103527069092,22.75399398803711
2023-11-27,15.148497581481934,17.260000228881836,47.220001220703125,4.746303081512451,24.843286514282227
2023-11-28,15.202532768249512,16.790000915527344,45.869998931884766,4.452803134918213,24.58871078491211
2023-11-29,15.598809242248535,16.979999542236328,46.91999816894531,4.704374313354492,25.211984634399414
2023-11-30,15.472722053527832,16.610000610351562,46.959999084472656,4.687602519989014,24.948633193969727
2023-12-01,15.24756145477295,16.149999618530273,45.650001525878906,4.59536075592041,24.325353622436523
2023-12-04,15.202532768249512,16.040000915527344,46.13999938964844,4.477960586547852,23.702077865600586
2023-12-05,15.598809242248535,17.09000015258789,47.220001220703125,4.586974620819092,23.728412628173828
2023-12-06,15.24756145477295,16.40999984741211,46.619998931884766,4.452803134918213,23.096357345581055
2023-12-07,15.31060791015625,16.5,47.029998779296875,4.394103527069092,23.166584014892578
2023-12-08,15.760918617248535,17.139999389648438,47.369998931884766,4.477960586547852,23.86886978149414
2023-12-11,15.733901023864746,17.079999923706055,46.84000015258789,4.503117561340332,24.14100456237793
2023-12-12,15.562784194946289,17.260000228881836,49.0,4.394103527069092,23.78986167907715
2023-12-13,16.085147857666016,17.600000381469727,49.5099983215332,4.637289047241211,24.755502700805664
2023-12-14,15.60781478881836,17.43000030517578,48.400001525878906,4.553431034088135,24.04444122314453
2023-12-15,14.815268516540527,17.040000915527344,48.79999923706055,4.377331733703613,23.526504516601562
2023-12-18,15.31961441040039,17.520000457763672,50.36000061035156,4.444417953491211,24.430696487426758
2023-12-19,15.067440032958984,17.31999969482422,50.560001373291016,4.276703834533691,24.272680282592773
2023-12-20,15.769927024841309,17.700000762939453,50.08000183105469,4.486346244812012,25.624576568603516
2023-12-21,16.00408935546875,17.649999618530273,50.04999923706055,4.66244649887085,25.747478485107422
2023-12-22,16.391357421875,17.5,50.36000061035156,4.813388347625732,26.168846130371094
2023-12-26,16.04911994934082,17.469999313354492,50.47999954223633,4.746303081512451,26.09861946105957
2023-12-27,15.968063354492188,17.239999771118164,49.54999923706055,4.771459579467773,25.721141815185547
2023-12-28,15.634833335876465,17.010000228881836,48.650001525878906,4.612131595611572,25.194429397583008
2023-12-29,15.553776741027832,17.190000534057617,49.52000045776367,4.561817646026611,25.194429397583008
2024-01-02,15.274581909179688,16.520000457763672,48.220001220703125,4.40248966217041,24.623823165893555
2024-01-03,15.112472534179688,16.770000457763672,48.4900016784668,4.3270182609558105,24.193674087524414
2024-01-04,14.626132011413574,16.229999542236328,47.7400016784668,4.150918483734131,23.473834991455078
2024-01-05,14.851289749145508,16.700000762939453,48.16999816894531,4.134146690368652,23.461261749267578
2024-01-08,14.950358390808105,16.709999084472656,48.79999923706055,4.2263898849487305,23.649816513061523
2024-01-09,13.950665473937988,16.040000915527344,46.45000076293945,3.9412763118743896,22.311996459960938
2024-01-10,14.491040229797363,15.899999618530273,46.86000061035156,4.050289630889893,22.81479835510254
2024-01-11,14.211849212646484,15.989999771118164,46.599998474121094,4.02513313293457,22.84173583984375
2024-01-12,14.391972541809082,15.890000343322754,46.90999984741211,4.067061901092529,23.41636848449707
2024-01-16,14.121786117553711,14.90999984741211,46.720001220703125,3.9496612548828125,23.04824447631836
2024-01-17,14.644145965576172,15.0,47.150001525878906,4.142532825469971,24.628488540649414
2024-01-18,15.01340103149414,15.199999809265137,47.22999954223633,4.20123291015625,25.068443298339844
2024-01-19,15.481727600097656,15.630000114440918,47.779998779296875,4.394103527069092,25.68797492980957
2024-01-22,16.37334632873535,15.640000343322754,48.130001068115234,4.6792168617248535,27.1335391998291
2024-01-23,16.562480926513672,15.789999961853027,47.34000015258789,4.654059886932373,26.989879608154297
2024-01-24,17.11185646057129,16.440000534057617,48.04999923706055,4.7295308113098145,27.81591796875
2024-01-25,18.300682067871094,17.3700008392334,49.790000915527344,5.090116500854492,29.57573699951172
2024-01-26,19.165281295776367,17.690000534057617,49.939998626708984,5.316529750823975,30.186288833618164
2024-01-29,19.165281295776367,17.540000915527344,49.09000015258789,5.115272521972656,29.37820816040039
2024-01-30,19.36341667175293,17.290000915527344,48.779998779296875,5.031415939331055,29.737354278564453
2024-01-31,19.462486267089844,17.280000686645508,48.70000076293945,5.05657434463501,29.737354278564453
2024-02-01,19.660621643066406,17.489999771118164,49.16999816894531,5.073344707489014,30.653181076049805
2024-02-02,19.723665237426758,17.18000030517578,48.59000015258789,5.115272521972656,31.084152221679688
2024-02-05,18.705963134765625,16.40999984741211,46.900001525878906,4.788231372833252,29.19863510131836
2024-02-06,18.606891632080078,16.530000686645508,46.849998474121094,4.805002212524414,29.09986686706543
2024-02-07,17.400056838989258,16.040000915527344,44.220001220703125,4.444417953491211,27.1335391998291
2024-02-08,16.346324920654297,15.8100004196167,43.369998931884766,4.234775543212891,25.876523971557617
2024-02-09,17.11185646057129,16.639999389648438,44.08000183105469,4.519888401031494,27.18741226196289
2024-02-12,17.337017059326172,16.739999771118164,43.36000061035156,4.503117561340332,27.456769943237305
2024-02-13,17.445087432861328,16.65999984741211,43.34000015258789,4.486346244812012,27.510644912719727
2024-02-14,17.87738800048828,17.020000457763672,43.93000030517578,4.620517730712891,27.771024703979492
2024-02-15,18.14757537841797,17.0,43.380001068115234,4.746303081512451,27.96855354309082
2024-02-16,18.51683235168457,16.850000381469727,42.34000015258789,4.821774005889893,28.381574630737305
2024-02-20,18.705963134765625,16.709999084472656,42.060001373291016,4.880473613739014,29.1627197265625
2024-02-21,18.714967727661133,16.959999084472656,42.209999084472656,4.796616554260254,30.186288833618164
2024-02-22,19.372425079345703,18.049999237060547,43.599998474121094,5.0649590492248535,31.59593391418457
2024-02-23,19.77770233154297,18.040000915527344,44.540000915527344,5.190744400024414,32.529720306396484
2024-02-26,20.4261531829834,17.90999984741211,43.45000076293945,5.3081440925598145,33.176185607910156
2024-02-27,19.462486267089844,17.40999984741211,42.349998474121094,5.132045269012451,32.7003173828125
2024-02-28,19.579566955566406,17.06999969482422,41.56999969482422,5.140430450439453,32.9427375793457
2024-02-29,19.822734832763672,17.299999237060547,42.02000045776367,5.316529750823975,35.72612380981445
2024-03-01,20.074909210205078,17.829999923706055,42.689998626708984,5.333301544189453,35.3939094543457
2024-03-04,19.55254554748535,18.709999084472656,41.630001068115234,5.484243869781494,35.411869049072266
2024-03-05,19.0391902923584,18.200000762939453,41.40999984741211,5.375229358673096,34.46910858154297
2024-03-06,20.58826446533203,18.670000076293945,41.849998474121094,6.0796284675598145,36.70480728149414
2024-03-07,20.642305374145508,18.31999969482422,39.29999923706055,6.331199645996094,35.98651123046875
2024-03-08,20.3450984954834,17.649999618530273,39.61000061035156,6.274161338806152,35.824893951416016
2024-03-11,19.61559295654297,17.34000015258789,39.02000045776367,5.959176063537598,34.91804504394531
2024-03-12,20.525222778320312,17.639999389648438,39.369998931884766,6.223082542419434,35.90570068359375
2024-03-13,21.885164260864258,18.110000610351562,39.15999984741211,6.665763854980469,37.89896774291992
2024-03-14,21.0385799407959,18.0,39.15999984741211,6.444423198699951,37.33331298828125
2024-03-15,21.47088050842285,18.059999465942383,39.63999938964844,6.6742777824401855,39.057212829589844
2024-03-18,22.31746482849121,19.260000228881836,42.529998779296875,6.853053092956543,40.969669342041016
2024-03-19,21.948209762573242,18.969999313354492,41.90999984741211,6.7508955001831055,40.879878997802734
2024-03-20,22.821815490722656,19.360000610351562,43.65999984741211,6.972235202789307,43.277191162109375
2024-03-21,23.38020133972168,20.190000534057617,43.400001525878906,7.091419696807861,45.512874603271484
2024-03-22,23.488279342651367,20.260000228881836,43.68000030517578,7.210603713989258,46.45563888549805
2024-03-25,23.551321029663086,20.3700008392334,42.83000183105469,7.210603713989258,46.76988983154297
2024-03-26,23.110013961791992,19.799999237060547,42.54999923706055,7.082906246185303,45.602664947509766
2024-03-27,23.551321029663086,20.1200008392334,43.5,7.236142635345459,46.392784118652344
2024-03-28,22.893863677978516,19.799999237060547,43.13999938964844,7.2191162109375,43.25923156738281
2024-04-01,23.22709083557129,19.6299991607666,42.709999084472656,7.176550388336182,44.121177673339844
2024-04-02,22.443552017211914,19.90999984741211,41.7400016784668,6.878591537475586,42.343406677246094
2024-04-03,23.50628662109375,20.639999389648438,43.779998779296875,7.465997219085693,45.33330535888672
2024-04-04,23.236099243164062,20.229999542236328,43.52000045776367,7.346812725067139,44.668880462646484
2024-04-05,24.65008544921875,21.040000915527344,46.599998474121094,7.806520938873291,45.89896011352539
2024-04-08,24.974308013916016,21.709999084472656,46.040000915527344,7.823546886444092,45.854068756103516
2024-04-09,25.811885833740234,21.75,46.5,7.81503438949585,46.383811950683594
2024-04-10,25.98300552368164,21.459999084472656,45.650001525878906,7.576666831970215,45.261470794677734
2024-04-11,26.811580657958984,21.610000610351562,46.119998931884766,7.6703104972839355,46.45563888549805
2024-04-12,26.667482376098633,21.170000076293945,45.18000030517578,7.397891998291016,46.20423126220703
2024-04-15,24.857223510742188,20.209999084472656,42.45000076293945,6.929670810699463,42.61276626586914
2024-04-16,25.010330200195312,20.25,42.06999969482422,6.972235202789307,43.124549865722656
2024-04-17,24.929275512695312,19.469999313354492,42.02000045776367,6.836026191711426,43.178428649902344
2024-04-18,25.244491577148438,19.06999969482422,41.88999938964844,6.8700785636901855,43.37595748901367
2024-04-19,25.631759643554688,19.34000015258789,43.08000183105469,7.295734405517578,44.73173141479492
2024-04-22,27.93735694885254,20.790000915527344,46.25,7.985296249389648,47.82937240600586
2024-04-23,27.49605369567871,20.8700008392334,45.099998474121094,8.002323150634766,46.75193405151367
2024-04-24,26.18114471435547,20.15999984741211,43.56999969482422,7.534101486206055,43.97751998901367
2024-04-25,26.55940055847168,20.239999771118164,43.86000061035156,7.627744674682617,44.06731033325195
2024-04-26,27.649158477783203,21.170000076293945,44.040000915527344,7.8746256828308105,46.13240432739258
2024-04-29,28.153507232666016,21.479999542236328,44.84000015258789,7.985296249389648,47.72163391113281
2024-04-30,29.207239151000977,21.959999084472656,44.369998931884766,8.138531684875488,48.628475189208984
2024-05-01,29.153200149536133,22.079999923706055,45.38999938964844,8.240689277648926,49.08638381958008
2024-05-02,28.720903396606445,22.360000610351562,46.560001373291016,8.172584533691406,50.37931823730469
2024-05-03,30.909414291381836,23.3799991607666,48.7400016784668,8.930251121520996,54.06955337524414
2024-05-06,33.142967224121094,23.8799991607666,49.599998474121094,9.679405212402344,57.64305877685547
2024-05-07,32.10724639892578,24.030000686645508,49.849998474121094,9.372933387756348,56.95170211791992
2024-05-08,32.467491149902344,24.459999084472656,49.4900016784668,9.517655372619629,57.88548278808594
2024-05-09,31.981151580810547,24.3799991607666,49.0099983215332,9.49211597442627,56.897830963134766
2024-05-10,31.49482536315918,22.780000686645508,47.09000015258789,9.279288291931152,56.02690124511719
2024-05-13,31.206626892089844,22.780000686645508,45.939998626708984,9.168619155883789,55.012306213378906
2024-05-14,31.945133209228516,23.020000457763672,47.5099983215332,9.568734169006348,56.70029830932617
2024-05-15,33.178985595703125,23.90999984741211,48.790000915527344,9.90074634552002,60.067298889160156
2024-05-16,32.97184371948242,23.639999389648438,48.310001373291016,9.798588752746582,58.40625
2024-05-17,33.0258903503418,23.440000534057617,47.88999938964844,9.756022453308105,58.34339904785156
2024-05-20,33.57526779174805,23.770000457763672,48.869998931884766,9.960336685180664,59.438785552978516
2024-05-21,32.58457946777344,23.530000686645508,47.27000045776367,9.636838912963867,58.04710006713867
2024-05-22,30.242958068847656,21.770000457763672,45.029998779296875,9.109026908874512,54.48257064819336
2024-05-23,27.910341262817383,21.350000381469727,44.36000061035156,8.189610481262207,51.14249801635742
2024-05-24,29.24326515197754,21.010000228881836,45.720001220703125,8.376899719238281,52.345645904541016
2024-05-28,29.783632278442383,22.25,47.65999984741211,8.479055404663086,53.25248718261719
2024-05-29,30.77431869506836,22.459999084472656,48.529998779296875,8.70890998840332,55.622859954833984
2024-05-30,33.21501541137695,23.90999984741211,50.209999084472656,9.662379264831543,59.30411911010742
2024-05-31,32.28736877441406,23.209999084472656,49.349998474121094,9.611300468444824,59.51960754394531
2024-06-03,32.06221389770508,22.100000381469727,47.45000076293945,9.517655372619629,58.55888748168945
2024-06-04,29.936742782592773,20.280000686645508,44.189998626708984,8.768502235412598,54.796817779541016
2024-06-05,29.945749282836914,20.809999465942383,44.369998931884766,8.742962837219238,53.87201690673828
2024-06-06,28.378664016723633,20.100000381469727,43.720001220703125,8.215149879455566,51.55551528930664
2024-06-07,28.522764205932617,20.020000457763672,43.45000076293945,8.325819969177246,51.24126434326172
2024-06-10,30.049795150756836,20.829999923706055,46.16999816894531,8.795004844665527,53.387168884277344
2024-06-11,29.21356201171875,20.270000457763672,44.63999938964844,8.598769187927246,51.196380615234375
2024-06-12,30.849666595458984,20.670000076293945,45.209999084472656,8.8931245803833,53.58470153808594
2024-06-13,31.994945526123047,21.170000076293945,47.11000061035156,9.54427719116211,56.565616607666016
2024-06-14,31.622272491455078,20.8799991607666,47.279998779296875,9.348038673400879,56.98761749267578
2024-06-17,30.96782875061035,20.440000534057617,45.150001525878906,9.116122245788574,57.294219970703125
2024-06-18,31.65863037109375,21.010000228881836,45.59000015258789,9.339119911193848,58.33778381347656
2024-06-20,29.995256423950195,20.760000228881836,43.630001068115234,8.563090324401855,54.302066802978516
2024-06-21,29.77238655090332,20.299999237060547,43.970001220703125,8.375771522521973,53.11074447631836
2024-06-24,29.90239143371582,20.770000457763672,44.40999984741211,8.32225227355957,53.33238220214844
2024-06-25,30.310997009277344,20.81999969482422,44.38999938964844,8.384692192077637,53.978843688964844
2024-06-26,28.667293548583984,20.280000686645508,43.72999954223633,8.134934425354004,52.57511520385742
2024-06-27,29.382349014282227,20.719999313354492,45.619998931884766,8.482810974121094,53.47091293334961
2024-06-28,28.379409790039062,20.1200008392334,44.2599983215332,8.250893592834473,52.944515228271484
2024-07-01,25.69563102722168,19.34000015258789,42.689998626708984,7.715700149536133,48.93650817871094
2024-07-02,26.10423469543457,20.010000228881836,43.279998779296875,7.894098281860352,50.617279052734375
2024-07-03,26.466405868530273,20.149999618530273,44.630001068115234,7.9208574295043945,51.34685134887695
2024-07-05,26.42926025390625,20.079999923706055,45.09000015258789,7.894098281860352,50.03547668457031
2024-07-08,26.4942626953125,20.549999237060547,46.29999923706055,8.233054161071777,50.96821594238281
2024-07-09,26.772857666015625,20.729999542236328,46.27000045776367,8.482810974121094,51.24526596069336
2024-07-10,27.404338836669922,21.049999237060547,46.5,8.679046630859375,51.753196716308594
2024-07-11,26.930727005004883,21.1299991607666,46.70000076293945,8.589849472045898,50.51569747924805
2024-07-12,26.614990234375,21.290000915527344,46.880001068115234,8.500650405883789,49.59219741821289
2024-07-15,25.463464736938477,20.989999771118164,45.400001525878906,8.27638053894043,48.234642028808594
2024-07-16,26.56855583190918,20.639999389648438,46.0,8.548506736755371,50.026241302490234
2024-07-17,25.500612258911133,19.8700008392334,44.79999923706055,8.041789054870605,48.4008674621582
2024-07-18,25.53775978088379,19.90999984741211,44.79999923706055,7.947953224182129,48.6409797668457
2024-07-19,26.19709587097168,20.190000534057617,46.13999938964844,8.163776397705078,50.617279052734375
2024-07-22,26.262104034423828,20.15999984741211,46.54999923706055,8.11685848236084,50.66020584106445
2024-07-23,27.395048141479492,20.469999313354492,48.09000015258789,8.604808807373047,52.424869537353516
2024-07-24,26.633562088012695,19.690000534057617,46.869998931884766,8.27638053894043,49.7540283203125
2024-07-25,26.34568214416504,19.68000030517578,45.63999938964844,8.079322814941406,48.49491500854492
2024-07-26,26.932239532470703,19.979999542236328,46.060001373291016,8.22007942199707,49.486942291259766
2024-07-29,26.228750228881836,19.299999237060547,45.36000061035156,8.013638496398926,48.4662971496582
2024-07-30,25.68686866760254,18.950000762939453,44.0,8.032405853271484,48.323219299316406
2024-07-31,27.540660858154297,19.940000534057617,45.43000030517578,8.614192962646484,50.383583068847656
2024-08-01,26.970266342163086,19.3700008392334,45.279998779296875,8.464054107666016,49.248477935791016
2024-08-02,25.335124969482422,18.139999389648438,42.72999954223633,7.79047155380249,45.060970306396484
2024-08-05,25.297101974487305,18.059999465942383,41.970001220703125,7.800421237945557,44.39326095581055
2024-08-06,26.666051864624023,18.450000762939453,43.130001068115234,8.228251457214355,45.78591537475586
2024-08-07,27.255462646484375,19.030000686645508,44.209999084472656,8.088956832885742,45.051429748535156
2024-08-08,31.153175354003906,19.780000686645508,48.79999923706055,8.845120429992676,49.09585952758789
2024-08-09,32.550655364990234,20.579999923706055,50.9900016784668,9.203302383422852,50.44081497192383
2024-08-12,32.550655364990234,21.440000534057617,51.83000183105469,9.402292251586914,52.16732406616211
2024-08-13,32.71226119995117,21.59000015258789,51.70000076293945,9.551536560058594,54.208614349365234
2024-08-14,33.691436767578125,21.600000381469727,51.86000061035156,9.889819145202637,55.677574157714844
2024-08-15,33.73897171020508,21.780000686645508,52.790000915527344,10.357446670532227,56.54560089111328
2024-08-16,33.43475341796875,21.670000076293945,52.52000045776367,10.088809967041016,55.66813278198242
2024-08-19,33.62404251098633,21.790000915527344,52.869998931884766,10.34749698638916,56.81907653808594
2024-08-20,33.740516662597656,21.639999389648438,52.599998474121094,10.257951736450195,56.74038314819336
2024-08-21,32.876625061035156,21.1200008392334,51.59000015258789,9.99926471710205,55.107421875
2024-08-22,32.14862060546875,20.68000030517578,50.56999969482422,9.392343521118164,51.654598236083984
2024-08-23,33.662872314453125,21.06999969482422,51.13999938964844,9.631132125854492,52.67765808105469
2024-08-26,32.79896926879883,21.31999969482422,50.810001373291016,9.27294921875,51.87101745605469
2024-08-27,33.91524124145508,21.59000015258789,51.5,9.412242889404297,51.890689849853516
2024-08-28,34.157901763916016,21.729999542236328,51.970001220703125,9.412242889404297,51.67427444458008
2024-08-29,36.57488250732422,22.440000534057617,53.0,9.949517250061035,54.83198547363281
2024-08-30,38.02118682861328,23.700000762939453,54.41999816894531,10.188304901123047,57.8126220703125
2024-09-03,39.10833740234375,23.25,54.86000061035156,10.37734603881836,59.61281204223633
2024-09-04,41.00114440917969,24.040000915527344,56.68000030517578,11.41209602355957,63.4394416809082
2024-09-05,40.75847625732422,23.920000076293945,56.66999816894531,11.24295425415039,62.3671989440918
2024-09-06,39.87516784667969,23.350000381469727,56.18000030517578,10.94446849822998,61.05886459350586
2024-09-09,41.04967498779297,23.270000457763672,57.7599983215332,11.004166603088379,62.80002975463867
2024-09-10,40.33137893676758,22.719999313354492,57.22999954223633,10.675830841064453,60.50798797607422
2024-09-11,41.8941535949707,22.81999969482422,58.689998626708984,10.874821662902832,62.95742416381836
2024-09-12,42.204769134521484,23.110000610351562,58.9900016784668,11.034013748168945,64.43299102783203
2024-09-13,43.738433837890625,23.309999465942383,59.13999938964844,11.28275203704834,66.65617370605469
2024-09-16,43.029850006103516,23.8700008392334,58.7599983215332,11.272802352905273,66.14464569091797
2024-09-17,43.81608963012695,23.649999618530273,58.56999969482422,11.28275203704834,68.4170150756836
2024-09-18,44.77705383300781,23.559999465942383,59.439998626708984,11.690681457519531,69.70567321777344
2024-09-19,45.718597412109375,24.260000228881836,62.40999984741211,11.979217529296875,73.61100769042969
2024-09-20,45.26239013671875,23.649999618530273,61.86000061035156,11.790177345275879,72.85354614257812
2024-09-23,44.29172134399414,22.8799991607666,59.97999954223633,11.511590003967285,70.58116912841797
2024-09-24,43.0589599609375,22.75,60.18000030517578,11.362348556518555,68.07271575927734
2024-09-25,41.86504364013672,22.350000381469727,59.400001525878906,10.8549222946167,65.65278625488281
2024-09-26,41.94268798828125,22.059999465942383,58.2400016784668,10.68578052520752,64.37397003173828
2024-09-27,42.49597930908203,21.68000030517578,58.619998931884766,10.864871978759766,65.35768127441406
2024-09-30,40.85554122924805,21.209999084472656,60.040000915527344,10.317648887634277,62.46556854248047
2024-10-01,41.16615295410156,21.670000076293945,61.029998779296875,10.437043190002441,64.21656799316406
2024-10-02,40.709938049316406,21.690000534057617,59.97999954223633,10.397244453430176,63.94113540649414
2024-10-03,42.13682556152344,22.360000610351562,62.119998931884766,11.034013748168945,66.13480377197266
2024-10-04,42.214481353759766,22.239999771118164,63.060001373291016,11.073812484741211,66.84307861328125
2024-10-07,41.27293014526367,21.979999542236328,61.02000045776367,10.755427360534668,64.49200439453125
2024-10-08,42.88424301147461,22.100000381469727,61.72999954223633,11.262852668762207,67.8464584350586
2024-10-09,45.21385955810547,23.59000015258789,63.790000915527344,11.650884628295898,69.5876235961914
2024-10-10,46.533966064453125,24.25,63.66999816894531,11.879721641540527,72.00755310058594
2024-10-11,48.31029510498047,24.8799991607666,64.97000122070312,12.287652969360352,73.61100769042969
2024-10-14,47.98997116088867,25.25,64.87999725341797,11.959320068359375,72.97158813476562
2024-10-15,48.193817138671875,25.739999771118164,65.5999984741211,11.979217529296875,73.74871826171875
2024-10-16,47.407569885253906,24.8799991607666,64.36000061035156,11.28275203704834,69.14495086669922
2024-10-17,47.38815689086914,25.020000457763672,67.8499984741211,11.262852668762207,70.0401382446289
2024-10-18,49.13536071777344,25.0,67.62999725341797,11.501641273498535,71.56488800048828
2024-10-21,49.14506530761719,24.8700008392334,67.66000366210938,11.601136207580566,71.66325378417969
2024-10-22,49.057708740234375,24.81999969482422,67.66000366210938,11.531490325927734,71.24026489257812
2024-10-23,48.31029510498047,24.299999237060547,66.55999755859375,11.272802352905273,69.7942123413086
2024-10-24,51.37761688232422,25.110000610351562,68.18000030517578,12.307552337646484,75.5882568359375
2024-10-25,52.30945587158203,25.649999618530273,68.61000061035156,13.382100105285645,78.11640167236328
2024-10-28,52.523006439208984,25.510000228881836,67.0,13.740283012390137,77.82128143310547
2024-10-29,51.96001052856445,24.84000015258789,66.4000015258789,13.790029525756836,77.67372131347656
2024-10-30,50.727264404296875,24.549999237060547,66.73999786376953,13.501493453979492,76.75887298583984
2024-10-31,51.173770904541016,24.510000228881836,66.93000030517578,13.700484275817871,76.95561981201172
2024-11-01,50.406944274902344,25.3700008392334,66.0199966430664,13.710433959960938,74.41764831542969
2024-11-04,50.23221969604492,26.59000015258789,65.72000122070312,13.640787124633789,73.86676788330078
2024-11-05,50.271053314208984,27.489999771118164,67.69000244140625,14.02881908416748,74.20122528076172
2024-11-06,53.32866668701172,28.25,69.2300033569336,15.212810516357422,80.83142852783203
2024-11-07,53.15393829345703,29.31999969482422,69.41999816894531,15.690387725830078,80.34941101074219
2024-11-08,52.24150848388672,29.239999771118164,70.16000366210938,15.292407035827637,77.93932342529297
2024-11-11,52.2318115234375,29.84000015258789,71.06999969482422,15.491397857666016,77.83111572265625
2024-11-12,53.14423370361328,29.790000915527344,71.69000244140625,15.680438995361328,78.48036193847656
2024-11-13,53.416019439697266,30.90999984741211,73.97000122070312,16.09832000732422,78.25411987304688
2024-11-14,53.105403900146484,32.2599983215332,75.83999633789062,15.959025382995605,77.75242614746094
2024-11-15,54.63907241821289,32.38999938964844,76.37999725341797,16.167964935302734,78.73612976074219
2024-11-18,57.424896240234375,34.939998626708984,80.0199966430664,17.59074592590332,83.0447769165039
2024-11-19,55.357364654541016,35.54999923706055,79.41000366210938,17.152965545654297,79.5329360961914
2024-11-20,55.96888732910156,37.16999816894531,81.88999938964844,17.481300354003906,80.46746063232422
2024-11-21,54.28963088989258,37.470001220703125,82.27999877929688,16.31720542907715,78.70661926269531
2024-11-22,53.85282897949219,40.029998779296875,84.93000030517578,16.466449737548828,79.59195709228516
2024-11-25,53.88194274902344,39.2599983215332,82.62999725341797,16.416702270507812,79.44440460205078
2024-11-26,55.066162109375,40.029998779296875,83.93000030517578,16.804733276367188,82.43487548828125
2024-11-27,54.46434783935547,39.709999084472656,84.19999694824219,16.27741050720215,80.70355224609375
2024-11-29,54.784671783447266,40.29999923706055,85.58999633789062,16.496299743652344,83.51696014404297
2024-12-02,57.49283981323242,40.220001220703125,86.93000030517578,17.292259216308594,86.25167083740234
2024-12-03,56.40569305419922,40.150001525878906,87.0999984741211,17.152965545654297,83.19233703613281
2024-12-04,54.474056243896484,38.380001068115234,86.05999755859375,16.2276611328125,81.57905578613281
2024-12-05,56.52217483520508,38.459999084472656,87.0199966430664,16.645540237426758,84.52033996582031
2024-12-06,57.191932678222656,38.869998931884766,87.41999816894531,17.182815551757812,85.20894622802734
2024-12-09,56.570701599121094,40.5099983215332,87.86000061035156,17.33205795288086,84.53018188476562
2024-12-10,56.25038528442383,40.650001525878906,86.7300033569336,16.536096572875977,82.78901672363281
2024-12-11,59.958343505859375,43.119998931884766,90.51000213623047,17.302209854125977,89.19296264648438
2024-12-12,59.7739143371582,43.959999084472656,89.66000366210938,17.26241111755371,88.12071990966797
2024-12-13,60.49221420288086,44.560001373291016,89.38999938964844,17.133066177368164,91.46533966064453
2024-12-16,65.77266693115234,44.58000183105469,91.79000091552734,19.122970581054688,105.0897216796875
2024-12-17,66.70451354980469,44.880001068115234,90.69000244140625,19.113019943237305,104.52899932861328
2024-12-18,61.472591400146484,41.689998626708984,85.6500015258789,17.33205795288086,95.86251831054688
2024-12-19,59.50212478637695,41.41999816894531,84.97000122070312,16.794782638549805,93.68851470947266
2024-12-20,61.72496795654297,42.02000045776367,85.91999816894531,18.20761489868164,95.1247329711914
2024-12-23,61.2590446472168,42.439998626708984,86.66999816894531,18.386707305908203,96.14778900146484
2024-12-24,62.96742630004883,42.790000915527344,88.20999908447266,19.361757278442383,98.41032409667969
2024-12-26,62.82183074951172,43.060001373291016,88.11000061035156,19.461254119873047,99.7678451538086
2024-12-27,62.41414260864258,42.63999938964844,88.38999938964844,19.58064842224121,98.59723663330078
2024-12-30,60.9775505065918,42.369998931884766,87.76000213623047,18.953828811645508,95.7346420288086
2024-12-31,60.49221420288086,42.5099983215332,87.94000244140625,18.96377944946289,95.18375396728516
2025-01-02,66.78215789794922,44.599998474121094,93.05999755859375,21.660099029541016,107.39159393310547
2025-01-03,68.06343841552734,44.060001373291016,93.54000091552734,22.147624969482422,108.95569610595703
2025-01-06,69.02442169189453,45.0099983215332,94.13999938964844,23.152524948120117,111.98551177978516
2025-01-07,70.10185241699219,46.029998779296875,94.77999877929688,22.84408950805664,113.96277618408203
2025-01-08,68.91764068603516,45.31999969482422,92.68000030517578,22.3366641998291,111.17887115478516
2025-01-10,69.94654846191406,45.849998474121094,94.87999725341797,23.301769256591797,111.98551177978516
2025-01-13,66.06387329101562,44.5099983215332,89.58000183105469,21.56060218811035,105.25695037841797
2025-01-14,68.3643569946289,45.0,93.22000122070312,22.973434448242188,112.72329711914062
2025-01-15,69.52915954589844,45.0,92.41999816894531,23.25202178955078,113.23483276367188
2025-01-16,67.84989166259766,43.81999969482422,89.01000213623047,22.605300903320312,109.8115234375
2025-01-17,65.1029052734375,42.709999084472656,86.01000213623047,21.779491424560547,102.74848175048828
2025-01-21,68.1022720336914,43.349998474121094,89.11000061035156,23.212223052978516,107.50963592529297
2025-01-22,68.78174591064453,43.02000045776367,87.94999694824219,23.530607223510742,106.98827362060547
2025-01-23,66.87923431396484,41.959999084472656,86.83999633789062,22.784393310546875,103.60430908203125
2025-01-24,66.2288818359375,40.959999084472656,85.63999938964844,22.426210403442383,102.65995025634766
2025-01-27,62.870357513427734,39.619998931884766,82.83999633789062,21.092975616455078,96.0887680053711
2025-01-28,63.96720886230469,38.86000061035156,81.30000305175781,21.272064208984375,96.25599670410156
2025-01-29,66.37447357177734,40.0,87.26000213623047,22.72469711303711,100.24986267089844
2025-01-30,67.26748657226562,40.47999954223633,89.75,22.48590850830078,99.95474243164062
2025-01-31,65.5008773803711,39.470001220703125,89.43000030517578,21.739694595336914,97.8299331665039
2025-02-03,63.26832580566406,38.47999954223633,85.0199966430664,21.401409149169922,94.32792663574219
2025-02-04,63.50128936767578,39.31999969482422,86.43000030517578,21.102924346923828,94.67222595214844
2025-02-05,61.83174133300781,38.560001373291016,83.0,20.913883209228516,91.15055084228516
2025-02-06,64.69522857666016,39.33000183105469,86.2300033569336,22.257070541381836,97.55449676513672
2025-02-07,61.72496795654297,37.790000915527344,80.66999816894531,20.963632583618164,91.79979705810547
2025-02-10,61.191097259521484,38.0,80.66000366210938,20.615398406982422,93.84590911865234
2025-02-11,56.891029357910156,36.099998474121094,77.26000213623047,19.053325653076172,87.99283599853516
2025-02-12,56.38627624511719,36.2599983215332,78.16000366210938,19.30206298828125,89.28150177001953
2025-02-13,57.308414459228516,37.13999938964844,80.56999969482422,20.068174362182617,90.68820190429688
2025-02-14,57.07545471191406,37.220001220703125,80.81999969482422,20.16767120361328,90.66853332519531
2025-02-18,57.5025520324707,37.15999984741211,81.11000061035156,19.680145263671875,91.14071655273438
2025-02-19,57.8034553527832,37.11000061035156,80.8499984741211,19.759740829467773,89.3306884765625
2025-02-20,59.25946044921875,38.38999938964844,81.47000122070312,20.227367401123047,92.22279357910156
2025-02-21,57.191932678222656,37.060001373291016,80.51000213623047,19.252315521240234,88.2092514038086
2025-02-24,56.434810638427734,36.380001068115234,79.31999969482422,18.784687042236328,86.56645965576172
2025-02-25,55.95918655395508,35.41999816894531,77.0,18.844385147094727,85.07122039794922
2025-02-26,57.36665344238281,35.68000030517578,77.08999633789062,18.923980712890625,86.49760437011719
2025-02-27,53.87223815917969,34.45000076293945,73.44000244140625,17.998676300048828,78.99189758300781
2025-02-28,55.54179763793945,35.04999923706055,76.80999755859375,18.665292739868164,82.42504119873047
2025-03-03,54.90114974975586,34.290000915527344,76.33000183105469,18.61554527282715,81.09703826904297
2025-03-04,54.16344451904297,33.5,75.70999908447266,18.26731300354004,80.51663970947266
2025-03-05,56.63865280151367,34.13999938964844,77.80999755859375,18.923980712890625,84.38262176513672
2025-03-06,55.153526306152344,33.40999984741211,77.9000015258789,18.43645477294922,81.33312225341797
2025-03-07,55.93977355957031,33.38999938964844,79.11000061035156,18.734939575195312,83.86125946044922
2025-03-10,52.523006439208984,31.559999465942383,74.72000122070312,17.133066177368164,78.89352416992188
2025-03-11,52.7947883605957,31.889999389648438,75.9000015258789,17.342008590698242,80.29039764404297
2025-03-12,56.08537292480469,33.88999938964844,80.45999908447266,18.486202239990234,83.635009765625
2025-03-13,55.46413803100586,33.709999084472656,78.66000366210938,18.088220596313477,81.27410888671875
2025-03-14,57.677268981933594,35.779998779296875,82.44000244140625,18.87423324584961,83.84159088134766
2025-03-17,56.590118408203125,36.18000030517578,80.23999786376953,18.327009201049805,81.74628448486328
2025-03-18,53.20248031616211,33.790000915527344,75.9000015258789,17.540998458862305,76.68017578125
2025-03-19,56.027130126953125,35.47999954223633,79.94999694824219,18.70509147644043,81.5888900756836
2025-03-20,54.70701599121094,35.529998779296875,79.5,18.336959838867188,78.58857727050781
2025-03-21,56.842491149902344,36.529998779296875,82.37999725341797,18.923980712890625,80.98882293701172
2025-03-24,56.04654312133789,36.16999816894531,82.4800033569336,18.914030075073242,79.87722778320312
2025-03-25,57.22106170654297,37.66999816894531,84.06999969482422,19.799537658691406,83.23168182373047
2025-03-26,56.08537292480469,37.25,81.87999725341797,19.48115348815918,81.4708480834961
2025-03-27,54.765254974365234,37.369998931884766,80.80000305175781,19.043373107910156,78.864013671875
2025-03-28,54.14402770996094,36.0,79.44999694824219,18.63544464111328,77.1031723022461
2025-03-31,52.8724479675293,35.040000915527344,77.19999694824219,18.02852439880371,74.2799301147461
2025-04-01,53.59075164794922,35.5,78.7699966430664,18.25736427307129,75.44070434570312
2025-04-02,53.57133483886719,35.5,78.22000122070312,18.426504135131836,75.49971771240234
2025-04-03,52.0473747253418,33.54999923706055,74.73999786376953,17.769838333129883,73.39459228515625
2025-04-04,46.825164794921875,30.0,68.58000183105469,15.720236778259277,66.63650512695312
2025-04-07,43.98110580444336,28.489999771118164,64.66000366210938,14.864577293395996,63.82308578491211
2025-04-08,44.330535888671875,27.15999984741211,62.849998474121094,14.934224128723145,64.27559661865234
2025-04-09,50.63990020751953,29.59000015258789,69.56999969482422,16.47640037536621,72.85354614257812
2025-04-10,47.4852294921875,27.579999923706055,65.05999755859375,15.978923797607422,70.33524322509766
2025-04-11,52.290042877197266,30.030000686645508,69.58999633789062,17.700191497802734,77.56550598144531
2025-04-14,59.62831497192383,33.130001068115234,76.91000366210938,20.257217407226562,89.51758575439453
2025-04-15,57.78403854370117,31.84000015258789,75.22000122070312,19.779638290405273,87.19603729248047
2025-04-16,58.279083251953125,32.4900016784668,76.2699966430664,20.127872467041016,88.75029754638672
2025-04-17,60.1330680847168,33.08000183105469,78.25,20.16767120361328,89.82254028320312
2025-04-21,58.70618438720703,31.81999969482422,74.62000274658203,19.700042724609375,87.42229461669922
2025-04-22,61.074615478515625,33.0,77.30000305175781,20.67509651184082,91.65223693847656
2025-04-23,62.501502990722656,32.650001525878906,77.31999969482422,21.29196548461914,93.3442153930664
2025-04-24,61.38523483276367,32.2400016784668,76.05000305175781,20.8641357421875,91.33745574951172
2025-04-25,61.55024719238281,32.0,76.38999938964844,21.092975616455078,92.26213836669922
2025-04-28,60.43397521972656,31.450000762939453,74.02999877929688,20.60544776916504,90.12749481201172
2025-04-29,59.67685317993164,31.1299991607666,73.52999877929688,20.714893341064453,88.98638153076172
2025-04-30,58.6285285949707,29.799999237060547,70.98999786376953,20.107973098754883,87.0779800415039
2025-05-01,56.96867370605469,29.239999771118164,70.25,19.540851593017578,83.87109375
2025-05-02,56.4542236328125,29.09000015258789,71.22000122070312,19.381656646728516,81.84465026855469
2025-05-05,55.66798400878906,28.100000381469727,68.93000030517578,19.003576278686523,81.38230895996094
2025-05-06,56.58041000366211,30.18000030517578,71.44999694824219,19.560749053955078,84.84496307373047
2025-05-07,56.63865280151367,30.270000457763672,71.6500015258789,19.789588928222656,84.99252319335938
2025-05-08,56.716304779052734,30.84000015258789,72.36000061035156,19.928882598876953,85.53356170654297
2025-05-09,57.08516311645508,32.70000076293945,75.44000244140625,20.297014236450195,86.63532257080078
2025-05-12,59.85157012939453,35.529998779296875,81.26000213623047,21.222318649291992,91.1603775024414
2025-05-13,60.6378173828125,35.90999984741211,83.7300033569336,21.829240798950195,91.48500061035156
2025-05-14,60.87077331542969,36.2400016784668,84.0999984741211,22.048128128051758,92.8622055053711
2025-05-15,59.977760314941406,35.77000045776367,82.30000305175781,21.29196548461914,90.62918090820312
2025-05-16,60.20101547241211,35.880001068115234,82.2699966430664,21.311864852905273,90.9636459350586
2025-05-19,61.83174133300781,36.90999984741211,85.06999969482422,22.237171173095703,94.96734619140625
2025-05-20,61.75408935546875,36.5,84.76000213623047,21.869035720825195,93.73770141601562
2025-05-21,60.074825286865234,35.93000030517578,81.44999694824219,21.7098445892334,91.42598724365234
2025-05-22,60.501922607421875,36.119998931884766,81.48999786376953,21.17257308959961,91.48500061035156
2025-05-23,61.01637268066406,36.52000045776367,82.36000061035156,21.54070472717285,92.78350830078125
2025-05-27,59.56037139892578,36.56999969482422,81.27999877929688,20.913883209228516,90.45211029052734
2025-05-28,58.81294631958008,36.959999084472656,81.4000015258789,20.68504524230957,88.30762481689453
2025-05-29,56.463932037353516,36.2599983215332,78.19000244140625,19.530900955200195,83.31038665771484
2025-05-30,56.347450256347656,35.380001068115234,76.66999816894531,19.560749053955078,83.13331604003906
2025-06-02,54.97880554199219,34.619998931884766,75.16999816894531,18.754838943481445,80.97898864746094
2025-06-03,55.2021484375,35.31999969482422,76.66999816894531,18.85433578491211,80.62484741210938
2025-06-04,52.539573669433594,33.61000061035156,71.62999725341797,17.481300354003906,74.71275329589844
2025-06-05,53.03697204589844,33.880001068115234,73.62999725341797,17.32210922241211,74.74227905273438
2025-06-06,53.95376205444336,34.27000045776367,74.30999755859375,17.86933135986328,75.25379943847656
2025-06-09,52.68586730957031,33.709999084472656,73.0,17.62059211730957,74.59471893310547
2025-06-10,55.91412353515625,36.290000915527344,76.0199966430664,18.277263641357422,77.14251708984375
2025-06-11,54.81202697753906,35.91999816894531,75.80999755859375,17.8394832611084,75.53907775878906
2025-06-12,54.75351333618164,36.209999084472656,76.5,18.665292739868164,76.67034149169922
2025-06-13,53.31981658935547,36.290000915527344,74.4800033569336,17.82953453063965,72.98143768310547
2025-06-16,53.154014587402344,35.47999954223633,73.77999877929688,17.242511749267578,72.1944580078125
2025-06-17,53.00771713256836,35.43000030517578,73.27999877929688,17.0733699798584,71.74195861816406
2025-06-18,52.812652587890625,35.279998779296875,73.19999694824219,16.934078216552734,71.59439849853516
2025-06-20,50.715755462646484,34.68000030517578,70.80000305175781,16.516197204589844,69.26300811767578
2025-06-23,49.126007080078125,33.790000915527344,70.62000274658203,16.21771240234375,67.93499755859375
2025-06-24,51.37895965576172,34.349998474121094,72.2300033569336,17.351957321166992,72.15511322021484
2025-06-25,50.39390182495117,33.060001373291016,69.88999938964844,16.854482650756836,69.88274383544922
2025-06-26,50.6669921875,33.380001068115234,70.31999969482422,16.794782638549805,70.61068725585938
2025-06-27,50.39390182495117,33.33000183105469,70.31999969482422,16.894277572631836,70.42377471923828
2025-06-30,49.14551544189453,31.450000762939453,69.37999725341797,16.376903533935547,69.0662612915039
2025-07-01,48.75539779663086,31.450000762939453,68.7699966430664,16.12816619873047,68.28913116455078
2025-07-02,49.135765075683594,32.040000915527344,70.04000091552734,16.2276611328125,68.36782836914062
2025-07-03,49.75020217895508,32.279998779296875,71.95999908447266,16.2873592376709,68.85968780517578
2025-07-07,47.1558952331543,30.899999618530273,69.05999755859375,15.401851654052734,65.29865264892578
2025-07-08,49.4380989074707,33.04999923706055,74.83000183105469,16.257511138916016,69.7942123413086
2025-07-09,48.745643615722656,31.90999984741211,70.62999725341797,15.988873481750488,69.04659271240234
2025-07-10,47.50701141357422,31.799999237060547,70.56999969482422,15.461548805236816,66.96112823486328
2025-07-11,45.936767578125,30.969999313354492,68.5199966430664,14.585990905761719,64.6985855102539
2025-07-14,45.63442611694336,31.079999923706055,71.0199966430664,14.655637741088867,64.51168823242188
2025-07-15,46.287879943847656,31.610000610351562,72.44999694824219,15.023770332336426,65.17076873779297
2025-07-16,45.234554290771484,30.809999465942383,70.33999633789062,14.735234260559082,62.18029022216797
2025-07-17,46.531707763671875,30.90999984741211,70.91999816894531,15.10336685180664,64.43299102783203
2025-07-18,46.053810119628906,30.729999542236328,71.30999755859375,15.003870964050293,63.87774658203125
2025-07-21,45.91726303100586,30.59000015258789,69.9800033569336,14.854628562927246,64.37261962890625
2025-07-22,46.62923812866211,30.530000686645508,69.66999816894531,14.655637741088867,65.28317260742188
2025-07-23,48.0336799621582,32.290000915527344,72.36000061035156,15.222760200500488,67.30224609375
2025-07-24,49.79896926879883,32.400001525878906,73.97000122070312,15.690387725830078,69.0243911743164
2025-07-25,50.491432189941406,33.15999984741211,74.3499984741211,15.809782028198242,70.95438385009766
2025-07-28,49.740447998046875,33.22999954223633,74.61000061035156,15.670489311218262,69.301513671875
2025-07-29,51.60000991821289,34.810001373291016,78.80999755859375,16.39680290222168,72.55775451660156
2025-07-30,50.90548324584961,33.88999938964844,77.98999786376953,16.27741050720215,71.25129699707031
2025-07-31,49.369712829589844,33.540000915527344,76.05000305175781,15.77993392944336,69.18274688720703
2025-08-01,47.843727111816406,33.11000061035156,74.20999908447266,15.15311336517334,67.01521301269531
2025-08-04,48.225215911865234,33.47999954223633,74.62999725341797,15.650588989257812,68.68787384033203
2025-08-05,49.83924865722656,35.099998474121094,77.5199966430664,16.31720542907715,72.09257507324219
2025-08-06,51.97172164916992,36.20000076293945,82.66000366210938,17.103219985961914,74.9331283569336
2025-08-07,50.47507858276367,35.77000045776367,77.20999908447266,16.66543960571289,73.27037048339844
2025-08-08,49.90772247314453,34.290000915527344,74.70999908447266,16.436601638793945,70.68714904785156
2025-08-11,50.2011833190918,34.29999923706055,75.58000183105469,16.625640869140625,71.64720153808594
2025-08-12,51.0620002746582,33.95000076293945,76.08999633789062,16.66543960571289,72.45877838134766
2025-08-13,51.00330352783203,33.75,76.22000122070312,16.38685417175293,71.41956329345703
2025-08-14,48.36216735839844,32.689998626708984,74.27999877929688,15.839631080627441,69.08377838134766
2025-08-15,47.2078971862793,32.970001220703125,74.31999969482422,15.829680442810059,68.054443359375
2025-08-18,48.15674591064453,33.7400016784668,74.98999786376953,16.12816619873047,70.1526870727539
2025-08-19,45.70146942138672,31.969999313354492,70.87999725341797,14.864577293395996,65.02584075927734
2025-08-20,45.26128005981445,31.40999984741211,70.95999908447266,14.854628562927246,65.8374252319336
2025-08-21,45.10477066040039,31.670000076293945,71.22000122070312,14.06861686706543,65.60978698730469
2025-08-22,44.283077239990234,31.75,70.48999786376953,13.740283012390137,64.86748504638672
2025-08-25,41.0843620300293,30.100000381469727,66.33999633789062,12.725432395935059,59.38433074951172
2025-08-26,40.6441764831543,30.709999084472656,67.8499984741211,12.79507827758789,58.89936065673828
2025-08-27,38.9518928527832,30.31999969482422,66.30000305175781,12.257803916931152,56.840702056884766
2025-08-28,38.922550201416016,30.84000015258789,67.88999938964844,12.516491889953613,58.87956619262695
2025-08-29,38.56905746459961,30.469999313354492,67.52999877929688,12.18815803527832,57.3355712890625
2025-09-02,38.76544189453125,30.3799991607666,65.88999938964844,12.287652969360352,57.57310485839844
2025-09-03,37.744266510009766,29.549999237060547,65.91999816894531,12.138410568237305,55.9499397277832
2025-09-04,39.26621627807617,30.81999969482422,68.01000213623047,12.416996955871582,57.622596740722656
2025-09-05,39.37422561645508,30.829999923706055,67.97000122070312,12.267753601074219,58.30551528930664
2025-09-08,30.095258712768555,26.100000381469727,56.619998931884766,9.27294921875,44.617427825927734
2025-09-09,29.574851989746094,26.829999923706055,58.790000915527344,9.203302383422852,43.72666549682617
2025-09-10,31.489559173583984,28.639999389648438,62.20000076293945,9.750526428222656,46.933414459228516
2025-09-11,30.704038619995117,28.200000762939453,62.16999816894531,9.541586875915527,45.706138610839844
2025-09-12,29.407930374145508,27.079999923706055,59.47999954223633,8.96451473236084,43.350563049316406
2025-09-15,28.65186882019043,26.690000534057617,59.22999954223633,8.715777397155762,42.0144157409668
2025-09-16,29.702499389648438,27.709999084472656,61.75,8.904817581176758,43.400047302246094
2025-09-17,29.02499008178711,27.239999771118164,60.060001373291016,8.845120429992676,42.98435592651367
2025-09-18,26.805891036987305,24.40999984741211,56.54999923706055,8.268048286437988,40.01514434814453
2025-09-19,25.971275329589844,23.8700008392334,57.439998626708984,8.148653984069824,38.86704635620117
2025-09-22,31.450279235839844,26.920000076293945,63.709999084472656,9.800273895263672,46.72557067871094
2025-09-23,30.939693450927734,27.450000762939453,64.79000091552734,10.0390625,47.3491096496582
2025-09-24,32.343807220458984,27.729999542236328,66.1500015258789,10.108708381652832,48.75453567504883
2025-09-25,29.977432250976562,26.770000457763672,63.939998626708984,9.213252067565918,46.824546813964844
2025-09-26,29.044626235961914,26.049999237060547,61.880001068115234,8.79537296295166,44.874759674072266
2025-09-29,28.936616897583008,25.350000381469727,60.400001525878906,8.865018844604492,44.271018981933594
2025-09-30,27.18850326538086,24.290000915527344,60.060001373291016,8.277997016906738,41.856056213378906
2025-10-01,26.271038055419922,23.56999969482422,58.25,8.01931095123291,39.96565628051758
2025-10-02,27.573246002197266,23.809999465942383,60.61000061035156,8.228251457214355,41.46016311645508
2025-10-03,28.303272247314453,24.149999618530273,60.79999923706055,8.277997016906738,42.63795471191406
2025-10-06,28.40192413330078,24.6200008392334,60.52000045776367,8.32774543762207,43.103126525878906
2025-10-07,27.425268173217773,23.989999771118164,59.9900016784668,7.919815540313721,42.09359359741211
2025-10-08,27.977720260620117,24.399999618530273,61.04999923706055,8.277997016906738,43.42974090576172
2025-10-09,34.03495407104492,26.59000015258789,65.56999969482422,9.680878639221191,51.01114273071289
2025-10-10,32.68341827392578,26.420000076293945,63.459999084472656,9.14360523223877,50.476680755615234
2025-10-13,33.798187255859375,27.649999618530273,67.87999725341797,9.919668197631836,52.565032958984375
2025-10-14,31.775819778442383,26.049999237060547,63.939998626708984,9.362495422363281,50.33811950683594
2025-10-15,32.81166458129883,26.530000686645508,65.91999816894531,9.481889724731445,52.45615768432617
2025-10-16,32.76233673095703,26.3799991607666,64.80999755859375,9.531637191772461,52.287906646728516
2025-10-17,32.05204772949219,26.059999465942383,63.59000015258789,9.342596054077148,52.92133712768555
2025-10-20,31.657440185546875,25.1200008392334,60.22999954223633,9.362495422363281,52.20872497558594
2025-10-21,31.68703269958496,24.709999084472656,59.29999923706055,9.372445106506348,52.70359420776367
2025-10-22,32.57490158081055,24.75,60.2400016784668,9.471940994262695,54.83153533935547
2025-10-23,34.3703727722168,26.889999389648438,62.470001220703125,10.058961868286133,57.60280227661133
2025-10-24,34.95241928100586,26.950000762939453,62.619998931884766,10.058961868286133,56.89019012451172
2025-10-27,48.47761535644531,33.36000061035156,77.48999786376953,14.158162117004395,78.2982406616211
2025-10-28,51.69367218017578,33.849998474121094,78.13999938964844,14.765082359313965,81.73263549804688
2025-10-29,54.30794906616211,34.970001220703125,82.45999908447266,15.431700706481934,84.53359985351562
2025-10-30,53.05506896972656,34.59000015258789,80.9800033569336,15.093417167663574,83.97933959960938
2025-10-31,58.33295440673828,36.43000030517578,85.80000305175781,16.48634910583496,89.53177642822266
2025-11-03,60.10780715942383,37.060001373291016,88.58000183105469,17.0733699798584,89.94747161865234
2025-11-04,58.59497833251953,36.22999954223633,87.4800033569336,16.774885177612305,88.69049835205078
2025-11-05,58.50598907470703,37.02000045776367,87.44000244140625,17.023622512817383,87.97789001464844
2025-11-06,56.90416717529297,36.52000045776367,87.0999984741211,16.337106704711914,86.53286743164062
2025-11-07,54.86728286743164,36.2599983215332,86.51000213623047,15.700336456298828,85.33528137207031
2025-11-10,55.272682189941406,37.209999084472656,87.20999908447266,15.541145324707031,84.14759826660156
2025-11-11,54.570655822753906,37.52000045776367,87.62000274658203,15.421751022338867,83.5042724609375
2025-11-12,54.76840591430664,37.90999984741211,89.05999755859375,15.590892791748047,85.39466094970703
2025-11-13,52.99849319458008,37.2400016784668,86.95999908447266,15.202861785888672,82.29679107666016
2025-11-14,52.21735763549805,38.66999816894531,90.06999969482422,15.521245956420898,81.99986267089844
2025-11-17,50.88250732421875,38.47999954223633,87.7699966430664,15.411800384521484,79.0009536743164
2025-11-18,50.318904876708984,38.65999984741211,88.87999725341797,15.32225513458252,77.79347229003906
2025-11-19,49.15214920043945,38.66999816894531,89.30999755859375,15.342154502868652,78.38731384277344
2025-11-20,47.88651657104492,37.0099983215332,87.44000244140625,14.665587425231934,75.903076171875
2025-11-21,45.62221145629883,35.70000076293945,85.38999938964844,13.8795747756958,73.95329284667969
2025-11-24,46.27480697631836,35.290000915527344,86.29000091552734,13.919373512268066,72.98333740234375
2025-11-25,48.34135055541992,35.34000015258789,85.86000061035156,14.307405471801758,75.70512390136719
2025-11-26,50.506778717041016,36.060001373291016,88.77999877929688,15.839631080627441,81.36642456054688
2025-11-28,52.96883010864258,36.81999969482422,90.66999816894531,15.978923797607422,84.8998031616211
2025-12-01,52.05774688720703,36.43000030517578,90.20999908447266,15.939126014709473,83.2865219116211
2025-12-02,50.659889221191406,36.11000061035156,89.36000061035156,15.78988265991211,81.81181335449219
2025-12-03,52.49395751953125,37.25,92.2699966430664,16.794782638549805,87.19599914550781
2025-12-04,51.33403015136719,36.63999938964844,91.1500015258789,16.605743408203125,87.3741455078125
2025-12-05,49.63876724243164,35.790000915527344,90.45999908447266,16.496299743652344,85.23631286621094
2025-12-08,49.55945587158203,35.939998626708984,90.66000366210938,16.38685417175293,85.16703033447266
2025-12-09,48.67711639404297,35.72999954223633,89.5,16.29730796813965,85.88953399658203
2025-12-10,49.7478141784668,36.06999969482422,90.87000274658203,16.70524024963379,89.0171127319336
2025-12-11,48.508583068847656,35.54999923706055,89.88999938964844,16.91417694091797,88.53213500976562
2025-12-12,47.99305725097656,35.029998779296875,88.41000366210938,16.774885177612305,86.07759094238281
2025-12-15,49.440486907958984,35.11000061035156,89.41000366210938,17.033573150634766,87.44342041015625
2025-12-16,49.589195251464844,34.13999938964844,88.4000015258789,16.605743408203125,85.53323364257812
2025-12-17,49.40083312988281,34.060001373291016,87.2300033569336,16.874380111694336,84.91959381103516
2025-12-18,53.43577575683594,35.61000061035156,89.0,18.336959838867188,91.53105163574219
2025-12-19,53.70344924926758,35.540000915527344,89.6500015258789,18.177766799926758,89.10618591308594
2025-12-22,53.25732421875,35.5099983215332,88.51000213623047,18.227514266967773,89.90787506103516
2025-12-23,53.57456970214844,35.90999984741211,88.91000366210938,18.157867431640625,89.34371948242188
2025-12-24,53.812503814697266,36.02000045776367,89.31999969482422,18.18771743774414,90.07614135742188
2025-12-26,55.11122131347656,35.959999084472656,89.2300033569336,18.35685920715332,90.44232940673828
2025-12-29,54.397579193115234,36.459999084472656,87.68000030517578,18.247413635253906,89.40311431884766
2025-12-30,53.731651306152344,36.08000183105469,87.58999633789062,18.02852439880371,88.86865234375
2025-12-31,53.61237716674805,36.15999984741211,88.51000213623047,17.978775024414062,89.23485565185547
