Date,SPY,QQQ,DIA,EEM
2020-01-02,296.88818359375,208.31753540039062,257.6073303222656,40.087066650390625
2020-01-03,294.6400451660156,206.4093475341797,255.5545654296875,39.34276580810547
2020-01-06,295.76416015625,207.7393035888672,256.1435852050781,39.246437072753906
2020-01-07,294.9325256347656,207.71043395996094,255.03677368164062,39.22017288208008
2020-01-08,296.50439453125,209.27163696289062,256.51837158203125,39.44783401489258
2020-01-09,298.5148620605469,211.04489135742188,258.4462890625,39.71053695678711
2020-01-10,297.65582275390625,210.50518798828125,257.2680969238281,39.920684814453125
2020-01-13,299.7028503417969,212.9337615966797,257.9642639160156,40.54240036010742
2020-01-14,299.2459411621094,212.0953369140625,258.1427307128906,40.314727783203125
2020-01-15,299.9222717285156,212.18206787109375,259.1514587402344,39.9995002746582
2020-01-16,302.4171447753906,214.21548461914062,261.45428466796875,40.253440856933594
2020-01-17,303.35833740234375,215.275634765625,261.88092041015625,40.48109436035156
2020-01-21,302.7643127441406,215.17921447753906,260.5950622558594,39.45659255981445
2020-01-22,302.8008728027344,215.74778747558594,260.57745361328125,39.78058624267578
2020-01-23,303.1482238769531,216.4416961669922,260.33624267578125,39.3690299987793
2020-01-24,300.4522705078125,214.62026977539062,258.7825012207031,39.05380630493164
2020-01-27,295.63616943359375,210.18716430664062,254.8175506591797,37.70530700683594
2020-01-28,298.7342224121094,213.41561889648438,256.54119873046875,38.02053451538086
2020-01-29,298.4873352050781,213.7625732421875,256.54119873046875,38.20442581176758
2020-01-30,299.4561767578125,214.52389526367188,257.65728759765625,37.635257720947266
2020-01-31,294.0186767578125,211.1219940185547,252.19239807128906,36.873443603515625
2020-02-03,296.2027282714844,214.31185913085938,253.58551025390625,37.284996032714844
2020-02-04,300.7173156738281,219.21722412109375,257.2109069824219,38.24821472167969
2020-02-05,304.18994140625,219.9399871826172,261.514892578125,38.46712112426758
2020-02-06,305.2135314941406,221.83851623535156,262.3008117675781,38.50213623046875
2020-02-07,303.58685302734375,220.8844451904297,260.02362060546875,37.96799850463867
2020-02-10,305.8532409667969,223.55397033691406,261.5954284667969,38.178157806396484
2020-02-11,306.3833312988281,223.59246826171875,261.5863342285156,38.67726516723633
2020-02-12,308.3572082519531,225.77049255371094,264.06884765625,39.202659606933594
2020-02-13,308.0282897949219,225.48143005371094,263.2652587890625,38.68602752685547
2020-02-14,308.52178955078125,226.12705993652344,263.0150146484375,38.70354461669922
2020-02-18,307.7266540527344,226.21383666992188,261.5954284667969,38.44960403442383
2020-02-19,309.197998046875,228.38221740722656,262.6221923828125,38.72980880737305
2020-02-20,307.92767333984375,226.2620391845703,261.4435119628906,38.12561798095703
2020-02-21,304.7565612792969,221.9156036376953,259.44134521484375,37.90670394897461
2020-02-24,294.64923095703125,213.3577880859375,250.32589721679688,36.488162994384766
2020-02-25,285.7206115722656,207.5561981201172,242.39234924316406,36.199195861816406
2020-02-26,284.6697692871094,208.62596130371094,241.53282165527344,36.488162994384766
2020-02-27,271.8847961425781,198.17918395996094,230.57278442382812,35.612518310546875
2020-02-28,270.7424011230469,198.33343505859375,227.94024658203125,35.481163024902344
2020-03-02,282.46734619140625,208.56809997558594,239.106201171875,36.25173568725586
2020-03-03,274.3796081542969,201.87991333007812,232.18446350097656,36.006553649902344
2020-03-04,285.9126281738281,210.30279541015625,242.56246948242188,36.64577102661133
2020-03-05,276.4083557128906,203.91334533691406,234.11866760253906,35.875205993652344
2020-03-06,271.83905029296875,200.4728546142578,231.78155517578125,35.139671325683594
2020-03-09,250.6099090576172,186.54714965820312,213.75660705566406,32.74039840698242
2020-03-10,263.5777282714844,196.70474243164062,224.27784729003906,34.40412139892578
2020-03-11,250.72869873046875,188.1372833251953,211.17770385742188,32.80168533325195
2020-03-12,226.73973083496094,170.88670349121094,189.92929077148438,29.518016815185547
2020-03-13,246.1228790283203,185.3617706298828,207.83786010742188,31.645845413208008
2020-03-16,219.19117736816406,163.15768432617188,181.31524658203125,27.696674346923828
2020-03-17,231.0257110595703,175.5317840576172,191.14703369140625,29.605587005615234
2020-03-18,219.32823181152344,170.19281005859375,178.53933715820312,27.048696517944336
2020-03-19,219.79432678222656,171.21434020996094,180.25863647460938,27.258852005004883
2020-03-20,210.32244873046875,164.50685119628906,172.3480224609375,27.460250854492188
2020-03-23,204.94485473632812,164.6256561279297,167.16590881347656,26.803518295288086
2020-03-24,223.51356506347656,177.3738555908203,185.5862274169922,28.8174991607666
2020-03-25,226.85955810546875,176.06045532226562,190.45391845703125,29.833248138427734
2020-03-26,240.1059112548828,185.3318328857422,202.13848876953125,30.962833404541016
2020-03-27,232.9541473388672,178.957763671875,194.30699157714844,29.202783584594727
2020-03-30,240.51950073242188,185.46705627441406,200.3691864013672,29.684391021728516
2020-03-31,236.93450927734375,183.88316345214844,196.8935089111328,29.885787963867188
2020-04-01,226.27125549316406,176.07008361816406,188.04702758789062,28.60734748840332
2020-04-02,231.4925537109375,179.64341735839844,192.1605224609375,29.570556640625
2020-04-03,228.14654541015625,177.09378051757812,189.14276123046875,29.01014518737793
2020-04-06,243.47027587890625,189.75506591796875,203.44967651367188,30.59505844116211
2020-04-07,243.71847534179688,189.6778106689453,203.5126190185547,30.752674102783203
2020-04-08,251.89976501464844,193.70509338378906,210.45498657226562,31.06791114807129
2020-04-09,255.73297119140625,193.98516845703125,212.9786834716797,30.954078674316406
2020-04-13,253.39813232421875,196.0808868408203,210.12271118164062,30.997861862182617
2020-04-14,260.87158203125,204.60865783691406,215.2598876953125,31.707128524780273
2020-04-15,255.32847595214844,202.26181030273438,211.12863159179688,30.892784118652344
2020-04-16,256.560302734375,205.9510498046875,211.36204528808594,31.05915641784668
2020-04-17,263.49139404296875,207.92124938964844,217.85006713867188,31.75090789794922
2020-04-20,258.8492431640625,205.45855712890625,212.64718627929688,31.34811019897461
2020-04-21,250.9897003173828,197.87721252441406,206.87806701660156,30.48122787475586
2020-04-22,256.560302734375,203.7491455078125,210.9667205810547,31.31309700012207
2020-04-23,256.5418701171875,203.3144989013672,211.23623657226562,31.199254989624023
2020-04-24,260.1177978515625,206.5208740234375,213.71649169921875,31.155481338500977
2020-04-27,263.8682556152344,208.18197631835938,216.85260009765625,31.785938262939453
2020-04-28,262.6548156738281,204.26097106933594,216.64599609375,31.84723663330078
2020-04-29,269.53082275390625,211.50428771972656,221.46253967285156,32.77542495727539
2020-04-30,267.0212707519531,211.4173583984375,218.55999755859375,32.08366012573242
2020-05-01,259.95233154296875,205.45855712890625,213.2222900390625,30.92780113220215
2020-05-04,260.66937255859375,207.85369873046875,213.34805297851562,31.26055145263672
2020-05-05,263.07769775390625,210.2101287841797,214.58811950683594,31.43568229675293
2020-05-06,261.2944030761719,211.50428771972656,212.84483337402344,31.33936882019043
2020-05-07,264.44732666015625,214.22775268554688,214.68695068359375,31.593305587768555
2020-05-08,268.82293701171875,217.16371154785156,218.91934204101562,32.258792877197266
2020-05-11,268.878173828125,219.1049041748047,217.96693420410156,32.04863357543945
2020-05-12,263.5189208984375,214.51751708984375,213.94105529785156,31.926048278808594
2020-05-13,258.8583679199219,211.83265686035156,209.2144317626953,31.86474609375
2020-05-14,261.9561462402344,214.2373809814453,212.7459716796875,31.98733139038086
2020-05-15,263.16046142578125,215.62811279296875,213.3059844970703,31.54952049255371
2020-05-18,271.1762390136719,219.64573669433594,221.4272918701172,32.78417205810547
2020-05-19,268.3908386230469,219.09524536132812,218.08694458007812,32.521480560302734
2020-05-20,272.9503479003906,223.47019958496094,221.24720764160156,32.9505500793457
2020-05-21,271.06585693359375,221.03643798828125,220.60800170898438,32.57402420043945
2020-05-22,271.5806884765625,221.79942321777344,220.48191833496094,31.899776458740234
2020-05-26,274.92669677734375,221.2006378173828,225.31692504882812,32.60029220581055
2020-05-27,279.0173645019531,222.40786743164062,230.28697204589844,32.70537185668945
2020-05-28,278.5025939941406,222.11814880371094,229.00840759277344,32.477699279785156
2020-05-29,279.7435302734375,225.37277221679688,228.95440673828125,33.03811264038086
2020-06-01,280.874267578125,226.04884338378906,229.83676147460938,33.799922943115234
2020-06-02,283.19989013671875,227.56509399414062,232.1597137451172,34.60551834106445
2020-06-03,286.9687805175781,228.58880615234375,236.94956970214844,35.41111373901367
2020-06-04,286.2149963378906,226.98562622070312,237.0936737060547,34.91199493408203
2020-06-05,293.55059814453125,231.48609924316406,244.48573303222656,35.831424713134766
2020-06-08,297.09881591796875,233.28244018554688,248.75352478027344,36.050331115722656
2020-06-09,294.8834533691406,234.97256469726562,246.14234924316406,35.80514907836914
2020-06-10,293.2379455566406,237.79258728027344,243.51333618164062,36.06785202026367
2020-06-11,276.3331298828125,226.0101776123047,226.91957092285156,34.185211181640625
2020-06-12,279.6424560546875,227.80648803710938,231.16024780273438,34.91199493408203
2020-06-15,282.2530212402344,230.57827758789062,232.6098175048828,34.59493637084961
2020-06-16,287.68585205078125,234.53794860839844,237.53494262695312,34.81511688232422
2020-06-17,286.4908447265625,235.28163146972656,235.73416137695312,35.14978790283203
2020-06-18,286.6011047363281,235.9190216064453,235.40103149414062,35.16740417480469
2020-06-19,284.96319580078125,235.88037109375,233.68807983398438,35.158599853515625
2020-06-22,286.791259765625,238.709228515625,235.0605926513672,35.590152740478516
2020-06-23,288.1115417480469,240.74085998535156,236.1260528564453,35.93364334106445
2020-06-24,280.76226806640625,235.77780151367188,229.92262268066406,35.458045959472656
2020-06-25,283.7721862792969,238.0223388671875,232.46002197265625,35.60777282714844
2020-06-26,277.0321350097656,232.40142822265625,226.08509826660156,35.176212310791016
2020-06-29,281.1039123535156,234.93614196777344,231.07852172851562,35.334739685058594
2020-06-30,284.70465087890625,239.5412139892578,232.84829711914062,35.220252990722656
2020-07-01,286.69891357421875,242.337158203125,232.34262084960938,35.616573333740234
2020-07-02,288.27777099609375,243.98184204101562,233.34498596191406,36.426841735839844
2020-07-06,292.7279968261719,249.98007202148438,237.48060607910156,37.994537353515625
2020-07-07,289.7088317871094,248.25796508789062,233.9048309326172,37.360416412353516
2020-07-08,291.9247741699219,251.5279998779297,235.42181396484375,38.32921600341797
2020-07-09,290.2627868652344,253.64663696289062,232.2794189453125,38.32921600341797
2020-07-10,293.2265930175781,255.37838745117188,235.51214599609375,38.082611083984375
2020-07-13,290.6875305175781,250.1251220703125,235.71078491210938,37.827205657958984
2020-07-14,294.4546813964844,251.8955841064453,240.72210693359375,37.880043029785156
2020-07-15,297.1598205566406,252.4083251953125,242.81710815429688,37.994537353515625
2020-07-16,296.18109130859375,250.6862335205078,241.5167694091797,37.45729446411133
2020-07-17,297.0397644042969,250.97653198242188,241.0478515625,37.668670654296875
2020-07-20,299.4402770996094,258.0970153808594,241.12017822265625,38.15306854248047
2020-07-21,300.077392578125,255.4074249267578,242.49365234375,38.505367279052734
2020-07-22,301.785400390625,256.3071594238281,243.97581481933594,38.3380241394043
2020-07-23,298.1846618652344,249.61236572265625,241.0025634765625,38.02976989746094
2020-07-24,296.26422119140625,247.2421417236328,239.19515991210938,37.994537353515625
2020-07-27,298.42474365234375,251.65367126464844,240.33389282226562,38.584625244140625
2020-07-28,296.5318908691406,248.4514923095703,238.50843811035156,38.26756286621094
2020-07-29,300.1789855957031,251.31512451171875,239.92723083496094,38.88407516479492
2020-07-30,299.1079406738281,252.6309051513672,237.92115783691406,38.390865325927734
2020-07-31,301.4715576171875,257.1391906738281,238.8879852294922,38.12664794921875
2020-08-03,303.5674743652344,260.6123352050781,241.0297088623047,38.390865325927734
2020-08-04,304.74005126953125,261.579833984375,242.5569305419922,38.90168380737305
2020-08-05,306.6328430175781,262.2279968261719,245.8011932373047,39.324432373046875
2020-08-06,308.6824035644531,265.7011413574219,247.5181884765625,39.4477424621582
2020-08-07,308.9040222167969,262.6343078613281,248.16897583007812,38.6374626159668
2020-08-10,309.8272705078125,261.5121154785156,251.34986877441406,38.73434066772461
2020-08-11,307.2698059082031,256.5587158203125,250.49131774902344,38.628665924072266
2020-08-12,311.5538635253906,263.0115966796875,253.0666961669922,39.14828872680664
2020-08-13,310.9906311035156,263.6114807128906,252.50648498535156,39.0338020324707
2020-08-14,310.9998779296875,263.3018798828125,252.84991455078125,38.963340759277344
2020-08-17,311.9877624511719,266.3590087890625,252.0818328857422,39.4565544128418
2020-08-18,312.66180419921875,268.92266845703125,251.40406799316406,39.412506103515625
2020-08-19,311.3599548339844,267.11358642578125,250.70806884765625,38.92811584472656
2020-08-20,312.329345703125,270.81890869140625,251.10586547851562,38.8048095703125
2020-08-21,313.4373779296875,272.6958312988281,252.93878173828125,38.99856948852539
2020-08-24,316.6134338378906,274.3984680175781,256.4617614746094,39.43012237548828
2020-08-25,317.7213439941406,276.5559997558594,255.95455932617188,39.826454162597656
2020-08-26,320.9067687988281,282.4573974609375,256.6882629394531,39.93213653564453
2020-08-27,321.60845947265625,281.57696533203125,258.146240234375,39.59746170043945
2020-08-28,323.6858825683594,283.0088806152344,259.649658203125,40.11709213256836
2020-08-31,322.51324462890625,285.28240966796875,257.4580078125,39.22755813598633
2020-09-01,325.5508728027344,290.1584167480469,259.7312316894531,39.89690399169922
2020-09-02,330.2596435546875,292.90594482421875,263.7340087890625,39.79122543334961
2020-09-03,318.89398193359375,278.0555114746094,256.6065979003906,39.0338020324707
2020-09-04,316.2903137207031,274.3501281738281,255.18475341796875,39.05140686035156
2020-09-08,307.64837646484375,261.1637878417969,249.43397521972656,38.373252868652344
2020-09-09,313.7236022949219,268.835693359375,253.44580078125,38.94572830200195
2020-09-10,308.2762145996094,263.4759521484375,249.76902770996094,38.320404052734375
2020-09-11,308.43310546875,261.64752197265625,250.9462890625,38.69031524658203
2020-09-14,312.49560546875,266.2042541503906,254.0618438720703,39.31562805175781
2020-09-15,314.0744934082031,269.97723388671875,254.10719299316406,39.72956848144531
2020-09-16,312.8280334472656,265.672119140625,254.51455688476562,39.67672348022461
2020-09-17,310.0765380859375,261.521728515625,253.19235229492188,39.518192291259766
2020-09-18,306.50677490234375,258.1840515136719,251.02908325195312,39.20994186401367
2020-09-21,303.09552001953125,258.80322265625,246.41722106933594,38.848838806152344
2020-09-22,306.1822814941406,263.6114807128906,247.6610870361328,38.558204650878906
2020-09-23,299.08160400390625,255.56231689453125,242.9132537841797,37.95930480957031
2020-09-24,299.8788757324219,256.752197265625,243.38523864746094,37.783164978027344
2020-09-25,304.7269287109375,262.72137451171875,246.6532745361328,37.818389892578125
2020-09-28,309.788330078125,268.1778259277344,250.46620178222656,38.24113845825195
2020-09-29,308.1011657714844,266.968505859375,249.1226806640625,38.2147216796875
2020-09-30,310.4372863769531,268.7969665527344,251.9188232421875,38.83123016357422
2020-10-01,312.4302978515625,273.0634460449219,252.4998321533203,39.192325592041016
2020-10-02,309.4638366699219,265.3818054199219,251.28314208984375,38.74315643310547
2020-10-05,314.9515686035156,271.0415344238281,255.5590057373047,39.26278305053711
2020-10-06,310.4742736816406,266.2042541503906,252.1184539794922,39.333248138427734
2020-10-07,315.8785705566406,270.80926513671875,256.8390808105469,39.76479721069336
2020-10-08,318.6781005859375,272.2507019042969,258.082763671875,40.09067153930664
2020-10-09,321.5238952636719,276.4109191894531,259.5716857910156,40.36369705200195
2020-10-12,326.69647216796875,284.9438171386719,261.8683776855469,40.715980529785156
2020-10-13,324.5644226074219,284.93408203125,260.306884765625,40.548641204833984
2020-10-14,322.5250549316406,282.55413818359375,258.845458984375,40.27561950683594
2020-10-15,322.1264343261719,280.6579284667969,258.76361083984375,39.984981536865234
2020-10-16,321.9317932128906,279.11968994140625,259.7143859863281,40.125892639160156
2020-10-19,317.0372314453125,274.5629577636719,256.1362609863281,40.01140213012695
2020-10-20,318.3072204589844,275.1531066894531,256.9717102050781,40.45176696777344
2020-10-21,317.7047119140625,274.9403076171875,256.08172607421875,40.56626510620117
2020-10-22,319.4474792480469,274.93060302734375,257.6076354980469,40.55745315551758
2020-10-23,320.5320129394531,275.472412109375,257.3258972167969,40.79524612426758
2020-10-26,314.6086120605469,271.34136962890625,251.5681915283203,40.26681137084961
2020-10-27,313.5240478515625,273.46014404296875,249.44288635253906,40.442962646484375
2020-10-28,302.80816650390625,262.79876708984375,241.1057586669922,39.43012237548828
2020-10-29,305.88568115234375,267.39410400390625,242.1138153076172,39.826454162597656
2020-10-30,302.6969299316406,260.6123352050781,240.7242889404297,39.37727737426758
2020-11-02,306.0897521972656,261.19287109375,244.48416137695312,39.879295349121094
2020-11-03,311.49395751953125,265.71075439453125,249.43377685546875,40.05543518066406
2020-11-04,318.4555358886719,277.5718078613281,252.93939208984375,41.314876556396484
2020-11-05,324.6663818359375,284.8083190917969,257.8436279296875,42.01945877075195
2020-11-06,324.5922546386719,285.0212097167969,257.2169189453125,42.21321487426758
2020-11-09,328.6709289550781,279.19708251953125,264.9365234375,42.50385665893555
2020-11-10,328.18890380859375,274.1954040527344,267.4704895019531,42.01945877075195
2020-11-11,330.6268615722656,280.3290100097656,267.10711669921875,42.292484283447266
2020-11-12,327.4194641113281,279.01324462890625,264.32806396484375,41.97541809082031
2020-11-13,331.95245361328125,281.4609069824219,268.0516357421875,42.56551742553711
2020-11-16,336.09613037109375,283.6571350097656,272.4383544921875,43.09394454956055
2020-11-17,334.28839111328125,282.7572937011719,270.9214782714844,43.04991149902344
2020-11-18,330.265380859375,280.6676025390625,267.6974792480469,42.90018081665039
2020-11-19,331.6557922363281,282.86376953125,268.2151794433594,42.970645904541016
2020-11-20,329.38470458984375,280.92877197265625,266.2601013183594,43.208438873291016
2020-11-23,331.3591613769531,280.9385681152344,269.31829833984375,43.322933197021484
2020-11-24,336.6985168457031,284.8856506347656,273.45050048828125,43.904205322265625
2020-11-25,336.17950439453125,286.63677978515625,271.912353515625,43.65760803222656
2020-11-27,337.1156921386719,289.2779541015625,272.36737060546875,44.0715446472168
2020-11-30,335.623291015625,289.86810302734375,269.98272705078125,42.91780090332031
2020-12-01,339.2940979003906,293.5830993652344,271.6393737792969,43.7632942199707
2020-12-02,340.0079345703125,293.96044921875,272.3128356933594,43.824947357177734
2020-12-03,339.9152526855469,294.3763427734375,273.1137390136719,44.326961517333984
2020-12-04,342.8445129394531,295.5760498046875,275.4166564941406,44.78493881225586
2020-12-07,342.1399841308594,297.24981689453125,274.0604553222656,44.78493881225586
2020-12-08,343.14105224609375,298.25592041015625,275.06158447265625,44.80255126953125
2020-12-09,340.0635070800781,291.5030822753906,273.86029052734375,44.415035247802734
2020-12-10,339.95233154296875,292.6736755371094,273.5506591796875,44.98750686645508
2020-12-11,339.5535888671875,292.0254821777344,273.90570068359375,44.670448303222656
2020-12-14,338.033447265625,294.14434814453125,272.2400817871094,44.438201904296875
2020-12-15,342.6034851074219,297.28851318359375,275.44403076171875,44.91870880126953
2020-12-16,343.14105224609375,298.9234619140625,275.01605224609375,45.13227081298828
2020-12-17,345.05999755859375,300.8777160644531,276.23583984375,45.42591094970703
2020-12-18,343.68218994140625,299.9682922363281,275.3219909667969,45.37252426147461
2020-12-21,342.45330810546875,299.4071044921875,275.54095458984375,44.70514678955078
2020-12-22,341.876220703125,300.2212829589844,273.6531677246094,44.349220275878906
2020-12-23,342.1833190917969,298.7093200683594,274.7565612792969,44.80302429199219
2020-12-24,343.5145263671875,300.0274658203125,275.431396484375,44.60727310180664
2020-12-28,346.4656982421875,303.0513610839844,277.23712158203125,44.731842041015625
2020-12-29,345.80474853515625,303.32269287109375,276.74468994140625,45.39921951293945
2020-12-30,346.2980651855469,303.33245849609375,277.3556823730469,46.00429916381836
2020-12-31,348.0576171875,304.0787658691406,278.8695373535156,45.977603912353516
2021-01-04,343.3191223144531,299.7851257324219,275.7050476074219,46.2712516784668
2021-01-05,345.68365478515625,302.256591796875,277.0912170410156,47.383544921875
2021-01-06,347.7503967285156,298.0696105957031,281.0765380859375,46.98311233520508
2021-01-07,352.91705322265625,305.2805480957031,283.16485595703125,47.42803955078125
2021-01-08,354.9278259277344,309.2058410644531,283.657470703125,48.68269729614258
2021-01-11,352.5353698730469,304.73779296875,282.8641052246094,48.02422332763672
2021-01-12,352.6098327636719,304.2531433105469,283.38385009765625,48.495826721191406
2021-01-13,353.55938720703125,306.3078308105469,283.2834777832031,48.60261154174805
2021-01-14,352.32122802734375,304.66986083984375,282.75445556640625,49.056427001953125
2021-01-15,349.751953125,302.256591796875,281.1104736328125,48.36235427856445
2021-01-19,352.4981384277344,306.6664733886719,282.205322265625,49.1632080078125
2021-01-20,357.3763122558594,313.7998352050781,284.44061279296875,50.026336669921875
2021-01-21,357.70208740234375,316.31005859375,284.5317687988281,50.11532211303711
2021-01-22,356.4360046386719,315.3990173339844,282.79833984375,49.67931365966797
2021-01-25,357.8416748046875,318.0061340332031,282.50628662109375,50.05303955078125
2021-01-26,357.2831726074219,318.4713134765625,282.2691650390625,49.68820571899414
2021-01-27,348.5509338378906,309.5934753417969,276.6765441894531,48.308963775634766
2021-01-28,351.5487060546875,311.42529296875,279.2402038574219,48.647098541259766
2021-01-29,344.5107421875,304.87347412109375,273.5290832519531,47.43693923950195
2021-02-01,350.2452697753906,312.4913635253906,275.5451354980469,48.71828842163086
2021-02-02,355.1977844238281,317.58941650390625,279.9245300292969,49.350074768066406
2021-02-03,355.47711181640625,316.3294982910156,280.3260192871094,49.599220275878906
2021-02-04,359.51739501953125,320.0705871582031,283.4369201660156,49.61701202392578
2021-02-05,360.932373046875,321.1560363769531,284.2307434082031,50.04413986206055
2021-02-08,363.5390319824219,323.30767822265625,286.3746643066406,50.13311767578125
2021-02-09,363.29693603515625,323.23992919921875,286.4020080566406,50.66701889038086
2021-02-10,363.13873291015625,322.5032958984375,286.9312744140625,50.8449821472168
2021-02-11,363.72515869140625,324.27691650390625,287.0954284667969,51.387786865234375
2021-02-12,365.52197265625,326.0894470214844,287.4239501953125,51.43227767944336
2021-02-16,365.20538330078125,325.20733642578125,287.91650390625,51.556861877441406
2021-02-17,365.2892150878906,323.64697265625,288.8471374511719,51.574649810791016
2021-02-18,363.7345275878906,322.23193359375,287.89837646484375,50.862789154052734
2021-02-19,363.0921325683594,320.8265686035156,287.86273193359375,51.192020416259766
2021-02-22,360.2993469238281,312.51080322265625,288.127685546875,49.68820571899414
2021-02-23,360.7369689941406,311.5802917480469,288.29229736328125,49.91065979003906
2021-02-24,364.7120056152344,314.14874267578125,292.0765075683594,49.59032440185547
2021-02-25,355.9240417480469,303.1966857910156,287.0034484863281,48.46023941040039
2021-02-26,354.09002685546875,304.4664001464844,282.8625793457031,47.8106575012207
2021-03-01,362.67327880859375,313.6253662109375,288.4749450683594,49.09201431274414
2021-03-02,359.84320068359375,308.5951843261719,287.1953125,48.611507415771484
2021-03-03,355.0768127441406,299.63970947265625,286.0984802246094,48.51362991333008
2021-03-04,350.68280029296875,294.7355651855469,282.9814147949219,47.383544921875
2021-03-05,357.13421630859375,299.1744689941406,288.1551513671875,47.89963912963867
2021-03-08,355.3560791015625,290.70367431640625,290.9065246582031,46.6093864440918
2021-03-09,360.4296569824219,302.1692810058594,291.23565673828125,47.632694244384766
2021-03-10,362.67327880859375,301.3067321777344,295.5500183105469,47.41912841796875
2021-03-11,366.350341796875,308.2463073730469,297.37835693359375,48.9140510559082
2021-03-12,366.8438720703125,305.74578857421875,300.1023254394531,48.04201889038086
2021-03-15,369.0315856933594,309.011962890625,301.7292175292969,48.15768814086914
2021-03-16,368.56610107421875,310.7080993652344,300.6049499511719,48.36235427856445
2021-03-17,369.82275390625,311.9873352050781,302.3508605957031,48.42464065551758
2021-03-18,364.4419860839844,302.4310302734375,301.06201171875,47.534812927246094
2021-03-19,363.7677001953125,303.4971618652344,298.6082763671875,48.122100830078125
2021-03-22,366.6723937988281,309.1886901855469,299.7347412109375,47.9797248840332
2021-03-23,363.7862854003906,307.83984375,296.822021484375,47.06319808959961
2021-03-24,361.93701171875,302.6481018066406,296.8403625488281,45.98650360107422
2021-03-25,363.9732360839844,302.1239929199219,298.77301025390625,46.20005798339844
2021-03-26,369.8385925292969,306.65594482421875,302.821533203125,47.40133285522461
2021-03-29,369.65179443359375,306.5685729980469,303.7832946777344,47.07210159301758
2021-03-30,368.671142578125,305.0255432128906,303.0138854980469,47.223365783691406
2021-03-31,370.1654052734375,309.6933898925781,302.4276123046875,47.463623046875
2021-04-01,374.1629943847656,314.97247314453125,303.591064453125,47.92633819580078
2021-04-05,379.5333251953125,321.2608947753906,307.02569580078125,48.113197326660156
2021-04-06,379.30914306640625,321.0377197265625,306.2654724121094,48.380149841308594
2021-04-07,379.74810791015625,321.8139953613281,306.2654724121094,47.66828918457031
2021-04-08,381.55072021484375,325.1717224121094,306.961669921875,48.059810638427734
2021-04-09,384.32464599609375,327.14166259765625,309.4621276855469,47.65049362182617
2021-04-12,384.46478271484375,326.7147521972656,309.17822265625,47.36574172973633
2021-04-13,385.6041564941406,330.52850341796875,308.4820861816406,47.56150817871094
2021-04-14,384.28729248046875,326.5595397949219,309.1598205566406,47.8017578125
2021-04-15,388.4154968261719,331.508544921875,311.8252868652344,48.23777770996094
2021-04-16,389.7137451171875,331.8968811035156,313.22894287109375,48.36235427856445
2021-04-19,387.799072265625,328.859375,312.21197509765625,48.184391021728516
2021-04-20,384.9597473144531,326.4624328613281,309.80218505859375,47.79286575317383
2021-04-21,388.602294921875,329.25726318359375,312.7159423828125,48.086509704589844
2021-04-22,385.05316162109375,325.2882080078125,309.80218505859375,47.91743469238281
2021-04-23,389.2280578613281,329.3834228515625,311.91876220703125,48.611507415771484
2021-04-26,390.0405578613281,331.5280456542969,311.40557861328125,48.673805236816406
2021-04-27,389.9565734863281,330.09185791015625,311.3690490722656,48.647098541259766
2021-04-28,389.8445129394531,328.9758605957031,310.0311584472656,49.01193618774414
2021-04-29,392.328857421875,330.15972900390625,312.0470275878906,48.8962516784668
2021-04-30,389.7510986328125,327.9957580566406,310.5536193847656,48.03312301635742
2021-05-03,390.5916748046875,326.2488708496094,312.5417785644531,48.03312301635742
2021-05-04,388.1820373535156,320.37786865234375,312.88995361328125,47.49032211303711
2021-05-05,388.3033752441406,319.3006591796875,313.61383056640625,47.7127799987793
2021-05-06,391.404296875,321.707275390625,316.5732727050781,48.16659164428711
2021-05-07,394.2527770996094,324.3177185058594,318.74481201171875,48.66489791870117
2021-05-10,390.3489074707031,316.1273193359375,318.6166076660156,47.79286575317383
2021-05-11,386.864990234375,315.6907043457031,314.1910095214844,47.65938949584961
2021-05-12,378.6461181640625,307.5196533203125,307.8597717285156,46.34244155883789
2021-05-13,383.1945495605469,309.8971862792969,311.9371032714844,46.280147552490234
2021-05-14,389.0787048339844,316.7386779785156,315.4280700683594,47.11659240722656
2021-05-17,388.0885925292969,314.8172912597656,314.8691101074219,47.07210159301758
2021-05-18,384.74493408203125,312.6920166015625,312.5417785644531,47.70387649536133
2021-05-19,383.7362365722656,313.0510559082031,311.0116271972656,47.56150817871094
2021-05-20,387.86444091796875,319.10650634765625,312.91754150390625,47.83735656738281
2021-05-21,387.5469055175781,317.34039306640625,314.0404968261719,47.28566360473633
2021-05-24,391.4977111816406,322.6777648925781,315.8031921386719,47.677181243896484
2021-05-25,390.6289978027344,323.1241149902344,315.08709716796875,48.14879608154297
2021-05-26,391.404296875,324.2498474121094,315.1697082519531,48.50472640991211
2021-05-27,391.6097412109375,323.0367431640625,316.3907470703125,48.51362991333008
2021-05-28,392.3102111816406,324.0557861328125,317.3455810546875,48.82506561279297
2021-06-01,391.964599609375,322.9785461425781,317.5566711425781,49.8305778503418
2021-06-02,392.5810241699219,323.609375,318.0067138671875,49.91065979003906
2021-06-03,391.1240539550781,320.241943359375,317.6944885253906,49.37676239013672
2021-06-04,394.70123291015625,325.67633056640625,319.4206237792969,49.82167434692383
2021-06-07,394.31829833984375,326.646728515625,318.21783447265625,49.57252502441406
2021-06-08,394.40228271484375,326.8020324707031,317.9883117675781,49.33226776123047
2021-06-09,393.8139343261719,326.87969970703125,316.5652160644531,49.18989181518555
2021-06-10,395.64453125,330.285888671875,316.73974609375,49.58403396606445
2021-06-11,396.2983093261719,331.1495666503906,316.8681945800781,49.41422653198242
2021-06-14,397.1855773925781,334.3228759765625,316.1153259277344,49.548274993896484
2021-06-15,396.4571228027344,332.139404296875,315.2982482910156,49.20867156982422
2021-06-16,394.2434387207031,330.9263916015625,312.86505126953125,48.538368225097656
2021-06-17,394.11279296875,335.12835693359375,310.9278259277344,48.80648422241211
2021-06-18,388.7960510253906,332.4985046386719,306.1494140625,48.46687316894531
2021-06-21,394.36199951171875,334.56494140625,311.5007629394531,48.67243576049805
2021-06-22,396.47039794921875,337.6836242675781,312.1167907714844,48.44899368286133
2021-06-23,395.99249267578125,337.8487854003906,311.5007629394531,48.743934631347656
2021-06-24,398.33514404296875,339.9376220703125,314.443115234375,49.19078826904297
2021-06-25,399.75,339.5198974609375,316.7142333984375,49.601905822753906
2021-06-28,400.5558776855469,343.6490783691406,315.1969299316406,49.64659118652344
2021-06-29,400.7713623046875,344.892578125,315.25213623046875,49.61083984375
2021-06-30,401.1086730957031,344.3485412597656,317.17388916015625,49.28910446166992
2021-07-01,403.3294677734375,344.48455810546875,318.4703369140625,49.01205062866211
2021-07-02,406.412353515625,348.4387512207031,319.923095703125,48.95841598510742
2021-07-06,405.6720886230469,349.94476318359375,317.9738464355469,48.100440979003906
2021-07-07,407.1057434082031,350.6831359863281,318.98529052734375,48.046817779541016
2021-07-08,403.78863525390625,348.5651550292969,316.64984130859375,47.04584503173828
2021-07-09,408.0990295410156,350.7414245605469,320.6495666503906,47.85913848876953
2021-07-12,409.5608825683594,352.1112060546875,321.8447570800781,47.9038200378418
2021-07-13,408.1646728515625,352.1112060546875,320.8978271484375,47.948509216308594
2021-07-14,408.7737121582031,352.7428283691406,321.2747802734375,48.15407180786133
2021-07-15,407.3775634765625,350.26519775390625,321.76214599609375,48.27024841308594
2021-07-16,404.1822204589844,347.4283752441406,319.00836181640625,47.89488220214844
2021-07-19,398.2132263183594,344.5816650390625,312.6971435546875,47.09053039550781
2021-07-20,403.91986083984375,348.5845031738281,317.4811706542969,47.242462158203125
2021-07-21,407.1900939941406,351.2757263183594,320.1585388183594,47.54633712768555
2021-07-22,408.0428161621094,353.59771728515625,320.4069519042969,47.63570785522461
2021-07-23,412.2406921386719,357.7268371582031,322.5321350097656,46.92966079711914
2021-07-26,413.25274658203125,358.008544921875,323.304931640625,46.03593063354492
2021-07-27,411.3692932128906,354.0640563964844,322.57806396484375,45.10645294189453
2021-07-28,411.20062255859375,355.4242248535156,321.4188537597656,46.33086395263672
2021-07-29,412.906005859375,356.0558166503906,322.7621154785156,46.563228607177734
2021-07-30,410.9007873535156,354.20013427734375,321.52935791015625,46.116363525390625
2021-08-02,410.0387268066406,354.22930908203125,320.48980712890625,46.447044372558594
2021-08-03,413.37457275390625,356.37640380859375,323.0106201171875,46.6436653137207
2021-08-04,411.3411865234375,356.89129638671875,320.1585388183594,46.88496780395508
2021-08-05,413.9461364746094,359.1550598144531,322.56890869140625,46.8134765625
2021-08-06,414.6302490234375,357.58111572265625,323.93060302734375,46.420230865478516
2021-08-09,414.2928161621094,358.24176025390625,323.0657653808594,46.572174072265625
2021-08-10,414.8082580566406,356.4056091308594,324.5194396972656,46.634727478027344
2021-08-11,415.8389892578125,355.7934265136719,326.5527038574219,46.759849548339844
2021-08-12,417.085205078125,357.0758361816406,326.8194580078125,46.34873962402344
2021-08-13,417.84417724609375,358.3292541503906,326.9667663574219,46.23255157470703
2021-08-16,418.8280944824219,358.4847106933594,328.0522155761719,45.8125
2021-08-17,416.0826110839844,355.3271484375,325.53131103515625,44.97239685058594
2021-08-18,411.528564453125,351.90728759765625,322.1181640625,45.04389190673828
2021-08-19,412.165771484375,353.6074523925781,321.52935791015625,44.27528381347656
2021-08-20,415.4454345703125,357.2702331542969,323.6407165527344,44.239540100097656
2021-08-23,419.099853515625,362.61383056640625,325.75128173828125,44.90983581542969
2021-08-24,419.7651062011719,363.72137451171875,326.0185852050781,45.92868423461914
2021-08-25,420.6460266113281,364.13909912109375,326.4239807128906,45.98231506347656
2021-08-26,418.1628112792969,361.82684326171875,324.5623474121094,45.54438400268555
2021-08-27,421.90155029296875,365.3439636230469,326.7835693359375,46.107425689697266
2021-08-30,423.75701904296875,369.44384765625,326.3319396972656,46.20573806762695
2021-08-31,423.1291198730469,369.1426086425781,326.1844787597656,46.84028625488281
2021-09-01,423.35406494140625,369.75469970703125,325.843505859375,47.439083099365234
2021-09-02,424.6565246582031,369.57989501953125,327.0599670410156,47.22459411621094
2021-09-03,424.55340576171875,370.716552734375,326.38720703125,47.47483825683594
2021-09-07,423.0353698730469,371.2411804199219,323.8988037109375,47.75189208984375
2021-09-08,422.5201110839844,369.94903564453125,323.2445373535156,47.054786682128906
2021-09-09,420.711669921875,368.67620849609375,321.93585205078125,46.96541213989258
2021-09-10,417.3944091796875,365.878173828125,319.5303039550781,46.91178894042969
2021-09-13,418.4626770019531,365.6256408691406,321.9265441894531,47.03690719604492
2021-09-14,416.2044677734375,364.5860595703125,319.3182373046875,46.6436653137207
2021-09-15,419.6808166503906,367.29669189453125,321.484130859375,46.634727478027344
2021-09-16,419.0155334472656,367.5492858886719,320.8943176269531,46.107425689697266
2021-09-17,414.9338684082031,363.1966857910156,319.2281494140625,45.91081237792969
2021-09-20,408.0152282714844,355.6918029785156,313.4648742675781,44.67747116088867
2021-09-21,407.6297302246094,356.1295166015625,313.19720458984375,45.00814437866211
2021-09-22,411.60614013671875,359.4559020996094,316.3280029296875,45.571197509765625
2021-09-23,416.6070861816406,362.7725830078125,321.00146484375,45.92868423461914
2021-09-24,417.29339599609375,363.1130065917969,321.28765869140625,45.383506774902344
2021-09-27,416.0995178222656,360.2145690917969,321.9710693359375,45.678436279296875
2021-09-28,407.7143249511719,350.0214538574219,316.7160339355469,45.08857727050781
2021-09-29,408.400634765625,349.447509765625,317.5011901855469,44.66852569580078
2021-09-30,403.40899658203125,348.1636962890625,312.43988037109375,45.02602005004883
2021-10-01,408.2031555175781,350.3229675292969,316.956298828125,44.98133087158203
2021-10-04,402.9389953613281,342.96978759765625,314.0283508300781,44.31998062133789
2021-10-05,407.1315612792969,347.5996398925781,316.90997314453125,44.632781982421875
2021-10-06,408.8236083984375,349.826904296875,317.8243408203125,44.38253402709961
2021-10-07,412.3581237792969,353.0365905761719,321.066162109375,45.24945068359375
2021-10-08,411.60614013671875,351.2761535644531,320.9738464355469,45.41926193237305
2021-10-11,408.6262512207031,348.58197021484375,318.6186218261719,45.329891204833984
2021-10-12,407.62030029296875,347.36614990234375,317.5102233886719,45.097511291503906
2021-10-13,409.0868835449219,350.1478576660156,317.6118469238281,45.72312927246094
2021-10-14,415.9678955078125,356.5964050292969,322.4515380859375,45.86612319946289
2021-10-15,419.1358337402344,358.84320068359375,325.9964599609375,46.420230865478516
2021-10-18,420.376708984375,362.45166015625,325.6732177734375,46.30405044555664
2021-10-19,423.6199035644531,365.1945495605469,327.4839172363281,46.92072677612305
2021-10-20,425.28375244140625,364.71795654296875,328.9345397949219,46.91178894042969
2021-10-21,426.39300537109375,366.94525146484375,328.8697509765625,46.60791778564453
2021-10-22,425.951171875,363.8620300292969,329.5903625488281,46.50960922241211
2021-10-25,428.2353820800781,367.5871276855469,330.3387451171875,46.750919342041016
2021-10-26,428.620849609375,368.7445983886719,330.2925109863281,46.50960922241211
2021-10-27,426.7220458984375,369.6004943847656,327.9642333984375,46.13424301147461
2021-10-28,430.83941650390625,373.7049865722656,330.1078796386719,46.178924560546875
2021-10-29,431.7135925292969,375.5433044433594,330.9668884277344,45.50863265991211
2021-11-01,432.45623779296875,376.8271179199219,331.7984924316406,45.86612319946289
2021-11-02,434.2046813964844,378.4028625488281,333.1288146972656,45.45500946044922
2021-11-03,436.85565185546875,382.41986083984375,334.0436096191406,45.66950225830078
2021-11-04,438.91436767578125,387.3219299316406,333.84954833984375,45.562252044677734
2021-11-05,440.4372253417969,387.69146728515625,335.6512145996094,45.50863265991211
2021-11-08,440.8131408691406,387.166259765625,336.5935974121094,45.92868423461914
2021-11-09,439.356201171875,384.50128173828125,335.6326599121094,45.74993896484375
2021-11-10,435.8216247558594,378.8502502441406,333.5909423828125,45.562252044677734
2021-11-11,435.9626159667969,379.9007568359375,332.1033630371094,46.34873962402344
2021-11-12,439.252685546875,383.8982849121094,333.7849426269531,46.47385787963867
2021-11-15,439.40313720703125,383.8106994628906,333.7479248046875,46.32192611694336
2021-11-16,441.14215087890625,386.5437927246094,334.3855285644531,46.38448715209961
2021-11-17,440.07061767578125,386.7480163574219,332.4636535644531,46.14318084716797
2021-11-18,441.5652160644531,390.7553405761719,332.00177001953125,45.58013153076172
2021-11-19,440.775634765625,392.9339294433594,329.4662170410156,45.50863265991211
2021-11-22,439.5347595214844,388.3722839355469,329.73468017578125,45.1422004699707
2021-11-23,440.1176452636719,386.6021728515625,331.4194641113281,45.097511291503906
2021-11-24,441.2926330566406,387.84716796875,331.42889404296875,45.03495788574219
2021-11-26,431.4503479003906,380.4940185546875,323.0882568359375,43.52456283569336
2021-11-29,436.7428894042969,388.751708984375,325.09686279296875,43.69436264038086
2021-11-30,428.2448425292969,383.0423583984375,319.2742919921875,43.64967727661133
2021-12-01,423.4883117675781,376.52569580078125,315.1642150878906,43.810550689697266
2021-12-02,429.9745178222656,379.2394104003906,320.85723876953125,44.34678268432617
2021-12-03,426.23321533203125,372.6448669433594,320.5146179199219,43.72117233276367
2021-12-06,431.2811584472656,375.63092041015625,326.6058044433594,44.060794830322266
2021-12-07,440.20220947265625,386.9425964355469,331.1603088378906,44.757896423339844
2021-12-08,441.3678283691406,388.6738586425781,331.39166259765625,44.936641693115234
2021-12-09,438.387939453125,382.9548034667969,331.5027770996094,44.72215270996094
2021-12-10,442.5146484375,387.1176452636719,333.46539306640625,44.757896423339844
2021-12-13,438.5947265625,381.52508544921875,330.5123596191406,44.048091888427734
2021-12-14,435.5771789550781,377.5761413574219,329.7070007324219,43.94837188720703
2021-12-15,442.383056640625,386.1838684082031,333.0763854980469,43.82146072387695
2021-12-16,438.4819030761719,376.2533264160156,332.7340087890625,43.8758544921875
2021-12-17,433.815185546875,374.37615966796875,327.95977783203125,43.65829086303711
2021-12-20,429.2022399902344,370.7445373535156,323.91619873046875,43.00558853149414
2021-12-21,436.824462890625,379.04193115234375,329.14666748046875,43.73080825805664
2021-12-22,441.1921081542969,383.6581726074219,331.44683837890625,43.939308166503906
2021-12-23,443.937255859375,386.5505676269531,333.2737731933594,44.16593933105469
2021-12-27,450.2199401855469,392.9391784667969,336.5753173828125,44.36537170410156
2021-12-28,449.85198974609375,391.1180114746094,337.5677795410156,44.220333099365234
2021-12-29,450.427490234375,391.0595703125,338.35589599609375,44.02090072631836
2021-12-30,449.1822814941406,389.8910217285156,337.6419372558594,44.52519607543945
2021-12-31,448.0502014160156,387.45623779296875,336.94635009765625,44.30751419067383
2022-01-03,450.6444091796875,391.1861267089844,339.13494873046875,44.62496566772461
2022-01-04,450.4935302734375,386.11236572265625,341.1661071777344,44.47077178955078
2022-01-05,441.843017578125,374.25054931640625,337.660400390625,43.74516677856445
2022-01-06,441.427978515625,373.987548828125,336.0838623046875,43.944705963134766
2022-01-07,439.68280029296875,369.93621826171875,336.0096130371094,44.34379196166992
2022-01-10,439.1356506347656,370.1796875,334.5999450683594,44.34379196166992
2022-01-11,443.13543701171875,375.7406005859375,336.222900390625,45.36871337890625
2022-01-12,444.3334655761719,377.2305603027344,336.6031799316406,46.12154006958008
2022-01-13,438.211181640625,367.79376220703125,334.98040771484375,45.46849060058594
2022-01-14,438.3904113769531,370.0823669433594,333.0696716308594,45.45034408569336
2022-01-18,430.626708984375,360.8694763183594,328.1636657714844,44.643104553222656
2022-01-19,426.1552429199219,356.9058837890625,324.9176330566406,44.833580017089844
2022-01-20,421.4385681152344,352.27008056640625,322.1169128417969,45.09661865234375
2022-01-21,413.1654052734375,342.502197265625,317.7345886230469,44.44356155395508
2022-01-24,414.9200134277344,344.0700988769531,319.0895080566406,43.81772994995117
2022-01-25,409.854248046875,336.0941162109375,318.30059814453125,43.73609161376953
2022-01-26,408.8260803222656,335.56817626953125,316.90850830078125,43.18281936645508
2022-01-27,406.80731201171875,332.1888732910156,316.9920959472656,42.683963775634766
2022-01-28,416.9104919433594,342.60931396484375,322.15228271484375,42.892578125
2022-01-31,424.4194641113281,353.56536865234375,325.8368225097656,44.29844284057617
2022-02-01,427.2872619628906,355.9708557128906,328.4912414550781,44.57054138183594
2022-02-02,431.4380187988281,358.8632507324219,330.4310302734375,44.49798583984375
2022-02-03,421.2969665527344,344.31353759765625,325.7439270019531,44.02634048461914
2022-02-04,423.278076171875,348.6571350097656,325.6419372558594,44.13517761230469
2022-02-07,421.91961669921875,345.8523254394531,325.6697998046875,44.04448318481445
2022-02-08,425.39117431640625,349.7380676269531,329.04815673828125,44.47077178955078
2022-02-09,431.6171875,357.1492614746094,331.9530029296875,45.16917419433594
2022-02-10,423.8629455566406,349.06610107421875,327.2011413574219,44.86985778808594
2022-02-11,415.5049133300781,337.9931335449219,322.31927490234375,44.18960189819336
2022-02-14,414.14654541015625,338.4118957519531,321.0198974609375,43.88121795654297
2022-02-15,420.8254089355469,346.82623291015625,325.0386962890625,44.833580017089844
2022-02-16,421.2969665527344,346.738525390625,324.52825927734375,45.16010284423828
2022-02-17,412.2975769042969,336.42523193359375,318.9687805175781,44.634033203125
2022-02-18,409.62786865234375,332.588134765625,316.9418029785156,44.18960189819336
2022-02-22,405.23187255859375,329.2477111816406,312.3220520019531,43.563758850097656
2022-02-23,398.04364013671875,320.8139343261719,308.1485595703125,43.05583953857422
2022-02-24,404.0338439941406,331.5947570800781,308.9106750488281,42.16696548461914
2022-02-25,412.94842529296875,336.73687744140625,316.5326843261719,42.946998596191406
2022-02-28,411.8918762207031,337.73992919921875,315.4173278808594,42.3846435546875
2022-03-01,405.6186828613281,332.568603515625,309.6729431152344,41.822296142578125
2022-03-02,413.0805358886719,338.14898681640625,315.1012878417969,41.894859313964844
2022-03-03,411.0240173339844,333.31854248046875,314.29266357421875,41.30530548095703
2022-03-04,407.6846008300781,328.4881286621094,312.7496032714844,40.47085189819336
2022-03-07,395.6663818359375,316.3731384277344,305.3135986328125,38.956146240234375
2022-03-08,392.66656494140625,314.9025573730469,303.5103454589844,39.0831298828125
2022-03-09,403.19427490234375,326.238525390625,309.8960266113281,40.1896858215332
2022-03-10,401.3736572265625,322.6155700683594,308.6969299316406,39.43685531616211
2022-03-11,396.2701416015625,315.9251708984375,306.7542724609375,38.61147689819336
2022-03-14,393.3740539550781,309.8578796386719,306.80078125,37.67725372314453
2022-03-15,402.0245666503906,319.5771484375,312.4892578125,37.7316780090332
2022-03-16,410.9390869140625,331.4292297363281,317.29486083984375,40.77016830444336
2022-03-17,416.0803527832031,335.4416198730469,321.0966491699219,40.561553955078125
2022-03-18,420.6376037597656,342.30743408203125,323.436767578125,41.14204406738281
2022-03-21,420.5145568847656,341.355712890625,321.8064880371094,40.50713348388672
2022-03-22,425.43524169921875,348.0643615722656,324.32177734375,41.2418212890625
2022-03-23,419.9562683105469,343.0621032714844,319.91534423828125,40.96970748901367
2022-03-24,426.286865234375,350.6872253417969,323.315673828125,41.18739318847656
2022-03-25,428.36859130859375,350.3947448730469,324.6943664550781,40.86086654663086
2022-03-28,431.4156188964844,355.816162109375,325.5794372558594,40.996917724609375
2022-03-29,436.75262451171875,361.9396667480469,328.8211669921875,41.6953239440918
2022-03-30,434.0557556152344,357.94183349609375,328.0293273925781,41.5774040222168
2022-03-31,427.37506103515625,353.5052185058594,323.101318359375,40.95156478881836
2022-04-01,428.5863037109375,352.8324890136719,324.20050048828125,41.631832122802734
2022-04-04,432.25775146484375,360.0967712402344,325.3465576171875,42.36650466918945
2022-04-05,426.7978515625,352.1011657714844,322.6448974609375,41.58647537231445
2022-04-06,422.5301208496094,344.4565124511719,321.1636962890625,41.042274475097656
2022-04-07,424.65924072265625,345.2755126953125,322.3001403808594,40.71574783325195
2022-04-08,423.5237731933594,340.44891357421875,323.6044006347656,40.75202941894531
2022-04-11,416.2847900390625,332.394775390625,319.7197265625,40.24409866333008
2022-04-12,414.7422790527344,330.99066162109375,318.80670166015625,40.11711502075195
2022-04-13,419.49261474609375,337.7187194824219,322.1046142578125,40.643184661865234
2022-04-14,414.2691955566406,329.99603271484375,320.85198974609375,40.11711502075195
2022-04-18,414.4395751953125,330.24957275390625,320.6750183105469,39.98107147216797
2022-04-19,421.1296691894531,337.6308898925781,325.3532409667969,39.78152084350586
2022-04-20,420.81744384765625,332.7068176269531,327.5990905761719,39.54570007324219
2022-04-21,414.5246887207031,325.82275390625,324.03912353515625,38.783809661865234
2022-04-22,403.15045166015625,317.290771484375,315.2418518066406,38.43914794921875
2022-04-25,405.4877014160156,321.3665466308594,317.3759765625,38.15797805786133
2022-04-26,393.7445068359375,309.2366638183594,309.81805419921875,37.323524475097656
2022-04-27,394.8516540527344,308.8661193847656,310.3585205078125,37.75889205932617
2022-04-28,404.8253479003906,319.83575439453125,316.19244384765625,38.303096771240234
2022-04-29,389.86474609375,305.44354248046875,307.24591064453125,38.43914794921875
2022-05-02,392.21148681640625,310.543212890625,308.2243347167969,38.38472366333008
2022-05-03,394.0094299316406,310.874755859375,308.69970703125,38.66590881347656
2022-05-04,406.0082092285156,321.3861083984375,317.40380859375,39.0831298828125
2022-05-05,391.5775451660156,305.19976806640625,307.75848388671875,37.6409797668457
2022-05-06,389.240234375,301.543212890625,306.6680908203125,37.12398147583008
2022-05-09,376.77783203125,289.7447509765625,300.6385192871094,36.0537109375
2022-05-10,377.64837646484375,293.2648010253906,299.9208984375,36.226043701171875
2022-05-11,371.64898681640625,284.5671691894531,296.7804260253906,35.97207260131836
2022-05-12,371.260986328125,283.8943176269531,296.01617431640625,35.73625564575195
2022-05-13,380.1371154785156,294.4154052734375,300.2936706542969,36.72489547729492
2022-05-16,378.5946960449219,291.0026550292969,300.806396484375,36.57977294921875
2022-05-17,386.3824768066406,298.5400695800781,304.8321533203125,37.47771072387695
2022-05-18,370.8068542480469,283.8846130371094,294.0684814453125,36.57977294921875
2022-05-19,368.5357971191406,282.3634948730469,291.8597717285156,37.16026306152344
2022-05-20,368.69659423828125,281.48590087890625,291.8458557128906,37.314453125
2022-05-23,375.594970703125,286.166259765625,297.8431091308594,37.59562683105469
2022-05-24,372.7278137207031,280.0816955566406,298.35693359375,36.94258117675781
2022-05-25,376.0208435058594,284.0015869140625,300.122314453125,37.12398147583008
2022-05-26,383.5341796875,291.8704528808594,304.95196533203125,37.7044677734375
2022-05-27,392.9496154785156,301.3970031738281,310.2017517089844,38.13983154296875
2022-05-31,390.744873046875,300.59747314453125,308.4549255371094,38.67497253417969
2022-06-01,387.5842590332031,298.374267578125,306.7362365722656,38.402870178222656
2022-06-02,394.9652404785156,306.54541015625,310.8557434082031,39.06499099731445
2022-06-03,388.4832763671875,298.56927490234375,307.66094970703125,38.430076599121094
2022-06-06,389.66607666015625,299.5639343261719,307.75445556640625,38.63868713378906
2022-06-07,393.40386962890625,302.1478271484375,310.2952880859375,38.756595611572266
2022-06-08,389.12664794921875,299.973388671875,307.6889343261719,38.96521759033203
2022-06-09,379.8721008300781,291.938720703125,301.7290344238281,38.04317855834961
2022-06-10,368.85748291015625,281.64190673828125,293.66741943359375,37.622406005859375
2022-06-13,354.8526611328125,268.5466003417969,285.456298828125,36.30521011352539
2022-06-14,353.7833557128906,269.0341491699219,284.2606201171875,36.808311462402344
2022-06-15,358.8269958496094,275.75238037109375,286.99761962890625,37.29310607910156
2022-06-16,346.9512634277344,264.6267395019531,280.150390625,36.14970779418945
2022-06-17,347.69915771484375,267.84454345703125,279.6934814453125,36.28691864013672
2022-06-21,356.4520568847656,274.6021423339844,285.8449401855469,36.87233352661133
2022-06-22,355.80584716796875,274.2015686035156,285.2082214355469,36.21373748779297
2022-06-23,359.2935485839844,278.2852478027344,287.20257568359375,36.32350158691406
2022-06-24,370.7169189453125,287.8202819824219,294.9552307128906,37.18334197998047
2022-06-27,369.3009338378906,285.7100830078125,294.33740234375,37.22908020019531
2022-06-28,361.75506591796875,277.0054626464844,289.6370544433594,37.00040054321289
2022-06-29,361.46044921875,277.2593994140625,290.3018493652344,36.85404586791992
2022-06-30,358.5238342285156,273.8204650878906,288.2138671875,36.68024826049805
2022-07-01,362.3157653808594,275.62799072265625,291.05084228515625,36.451560974121094
2022-07-05,363.0000305175781,280.3465881347656,289.9835205078125,36.168006896972656
2022-07-06,364.22601318359375,282.1441650390625,290.6387634277344,35.94846725463867
2022-07-07,369.6810302734375,288.1817932128906,293.9533996582031,36.67109680175781
2022-07-08,369.3769226074219,288.5433044433594,293.4945983886719,36.67109680175781
2022-07-11,365.1573791503906,282.378662109375,291.8466796875,35.692352294921875
2022-07-12,361.92608642578125,279.6432189941406,290.22686767578125,35.55514144897461
2022-07-13,360.025390625,279.0668029785156,288.1482849121094,35.47281265258789
2022-07-14,359.15106201171875,280.0632629394531,286.88427734375,35.15266036987305
2022-07-15,366.0126037597656,285.1434631347656,292.8678894042969,35.33560562133789
2022-07-18,362.9905700683594,282.73040771484375,290.985107421875,35.58258056640625
2022-07-19,372.7981872558594,291.42529296875,297.9727783203125,36.168006896972656
2022-07-20,375.17413330078125,296.0462341308594,298.5629577636719,36.01250076293945
2022-07-21,378.99456787109375,300.2960510253906,300.1272888183594,36.42412567138672
2022-07-22,375.478271484375,295.0302429199219,298.86273193359375,36.05823516845703
2022-07-25,375.9344482421875,293.3498840332031,299.7058410644531,36.186302185058594
2022-07-26,371.4867858886719,287.5858154296875,297.4390563964844,35.90273666381836
2022-07-27,381.1328430175781,299.7391052246094,301.62603759765625,36.57048034667969
2022-07-28,385.9132385253906,302.66998291015625,304.6422424316406,36.725982666015625
2022-07-29,391.5393981933594,308.1897277832031,307.8551025390625,36.552181243896484
2022-08-01,390.37994384765625,308.004150390625,307.2743835449219,36.241180419921875
2022-08-02,387.804443359375,307.0858154296875,303.52752685546875,36.067378997802734
2022-08-03,393.8772888183594,315.4486083984375,307.38677978515625,36.35094451904297
2022-08-04,393.6112060546875,316.9237365722656,306.6373596191406,36.60707092285156
2022-08-05,392.94586181640625,314.33477783203125,307.20880126953125,36.64365768432617
2022-08-08,392.48974609375,313.3187561035156,307.6302490234375,36.68939208984375
2022-08-09,390.93115234375,309.7724304199219,307.15252685546875,36.552181243896484
2022-08-10,399.14227294921875,318.41845703125,312.1076354980469,37.00954055786133
2022-08-11,399.14227294921875,316.6111145019531,312.5854187011719,37.1558952331543
2022-08-12,405.89935302734375,322.7757568359375,316.4446105957031,37.54922866821289
2022-08-15,407.5719909667969,325.3841552734375,317.88714599609375,37.37543487548828
2022-08-16,408.3702697753906,324.6221008300781,320.10699462890625,37.36627960205078
2022-08-17,405.4716491699219,320.91943359375,318.66455078125,37.210784912109375
2022-08-18,406.650146484375,321.6913146972656,319.0203857421875,37.00040054321289
2022-08-19,401.1855163574219,315.41925048828125,316.3139343261719,36.4973030090332
2022-08-22,392.8319091796875,307.1151428222656,310.42010498046875,36.17715072631836
2022-08-23,391.8815612792969,306.8611755371094,308.8714294433594,36.36923599243164
2022-08-24,393.1360168457031,307.7500915527344,309.57537841796875,36.3600959777832
2022-08-25,398.68609619140625,313.1918029785156,312.6629638671875,37.146751403808594
2022-08-26,385.19091796875,300.3546447753906,303.0714416503906,36.5979118347168
2022-08-29,382.6438903808594,297.3945007324219,301.35394287109375,36.36923599243164
2022-08-30,378.4433288574219,294.0826110839844,298.4822692871094,35.93932342529297
2022-08-31,375.5638122558594,292.3728942871094,296.2392883300781,36.067378997802734
2022-09-01,376.7422180175781,292.4999084472656,297.5624084472656,35.783817291259766
2022-09-02,372.7697448730469,288.36737060546875,294.4654846191406,35.45452117919922
2022-09-06,371.36322021484375,286.2962646484375,293.00140380859375,35.03375244140625
2022-09-07,378.03472900390625,292.0798034667969,296.8774108886719,35.34475326538086
2022-09-08,380.5056457519531,293.5941162109375,298.6699523925781,35.15266036987305
2022-09-09,386.4169616699219,300.0126647949219,302.46148681640625,35.67405700683594
2022-09-12,390.57000732421875,303.57855224609375,304.61065673828125,36.20458984375
2022-09-13,373.5870666503906,286.93121337890625,292.560302734375,35.08863067626953
2022-09-14,375.01263427734375,289.2076110839844,292.8699645996094,35.262428283691406
2022-09-15,370.75494384765625,284.3912048339844,291.2745056152344,34.88739776611328
2022-09-16,367.9264831542969,282.6522521972656,289.8752746582031,34.56724166870117
2022-09-19,370.77978515625,284.853271484375,291.8513488769531,34.677005767822266
2022-09-20,366.523681640625,282.5827331542969,288.906005859375,34.48491668701172
2022-09-21,360.1302185058594,277.5228271484375,284.00335693359375,33.90864181518555
2022-09-22,357.1051025390625,274.1070556640625,282.7894287109375,33.74399948120117
2022-09-23,351.1219177246094,269.6441345214844,278.40447998046875,32.911598205566406
2022-09-26,347.6483459472656,268.5284423828125,275.4497375488281,32.509124755859375
2022-09-27,346.7609558105469,268.6360778808594,274.1134948730469,32.4725341796875
2022-09-28,353.5838928222656,273.9798583984375,279.22308349609375,32.756099700927734
2022-09-29,346.19793701171875,266.08172607421875,274.9698486328125,32.024322509765625
2022-09-30,340.8444519042969,261.5698547363281,270.3494873046875,31.90540885925293
2022-10-03,349.84320068359375,267.7063903808594,277.3975830078125,32.42679977416992
2022-10-04,360.6836242675781,276.1233215332031,285.2549743652344,33.48787307739258
2022-10-05,359.8438720703125,275.9764404296875,284.925537109375,33.50617218017578
2022-10-06,356.1318054199219,273.8036804199219,281.5756530761719,33.304931640625
2022-10-07,346.19793701171875,263.3706970214844,275.6849060058594,32.609745025634766
2022-10-10,343.5545654296875,260.7379150390625,274.7346496582031,32.15238571166992
2022-10-11,341.3788146972656,257.1558837890625,275.0450744628906,31.6401424407959
2022-10-12,340.2528381347656,257.0677795410156,274.92266845703125,31.67673110961914
2022-10-13,349.2323913574219,263.09661865234375,282.8270263671875,31.768198013305664
2022-10-14,341.2738952636719,255.18865966796875,279.30780029296875,31.292545318603516
2022-10-17,350.0436706542969,263.6153869628906,284.2386474609375,32.15238571166992
2022-10-18,354.156494140625,265.7001037597656,287.4475402832031,32.161529541015625
2022-10-19,351.6467590332031,264.73101806640625,286.3936462402344,31.57611083984375
2022-10-20,348.69805908203125,263.3804626464844,285.4148864746094,31.77735137939453
2022-10-21,357.1719055175781,269.55609130859375,292.7138671875,32.262149810791016
2022-10-24,361.5425109863281,272.5215759277344,296.64031982421875,31.03643035888672
2022-10-25,367.3158264160156,278.1588439941406,299.8792419433594,31.292545318603516
2022-10-26,364.5484619140625,272.0126647949219,299.7756652832031,31.804792404174805
2022-10-27,362.60174560546875,267.0603942871094,301.7341003417969,31.557819366455078
2022-10-28,371.2282409667969,275.2326965332031,309.379638671875,31.365724563598633
2022-10-31,368.5467834472656,272.03228759765625,308.2874755859375,31.274250030517578
2022-11-01,366.9340515136719,269.252685546875,307.33642578125,31.85053062438965
2022-11-02,357.72540283203125,260.0234680175781,302.5815124511719,31.585256576538086
2022-11-03,354.0419616699219,254.94395446777344,301.17864990234375,31.768198013305664
2022-11-04,359.1376647949219,259.0447692871094,305.1991271972656,33.11284637451172
2022-11-07,362.5730895996094,261.89276123046875,309.2289733886719,33.13113784790039
2022-11-08,364.5293884277344,263.8013000488281,312.3266906738281,33.36895751953125
2022-11-09,357.0193176269531,257.7137145996094,306.3288879394531,32.79269027709961
2022-11-10,376.6390075683594,276.73004150390625,317.552490234375,33.98182678222656
2022-11-11,380.2843017578125,281.8291320800781,318.0514221191406,34.90569305419922
2022-11-14,377.04931640625,279.36279296875,316.1495056152344,34.69529724121094
2022-11-15,380.26513671875,283.2286682128906,316.5637512207031,35.491111755371094
2022-11-16,377.3642272949219,279.36279296875,316.4320068359375,34.923980712890625
2022-11-17,376.2095031738281,278.7461853027344,316.4601135253906,34.988014221191406
2022-11-18,377.91766357421875,278.75592041015625,318.301025390625,34.78677749633789
2022-11-21,376.5435485839844,275.8883972167969,317.99908447265625,34.34770584106445
2022-11-22,381.610595703125,279.8619384765625,321.6880187988281,34.43003463745117
2022-11-23,384.0154724121094,282.67083740234375,322.6221008300781,34.713600158691406
2022-11-25,383.9295349121094,280.8112487792969,324.10333251953125,34.5489501953125
2022-11-28,377.8031921386719,276.6908874511719,319.35760498046875,34.39344787597656
2022-11-29,377.1543273925781,274.5964050292969,319.3481750488281,35.13436508178711
2022-11-30,389.03485107421875,287.1141052246094,326.58465576171875,36.14970779418945
2022-12-01,388.74853515625,287.46649169921875,324.9429626464844,36.03078842163086
2022-12-02,388.3000793457031,286.3213195800781,325.2544250488281,36.168006896972656
2022-12-05,381.3148498535156,281.5159606933594,320.810546875,35.756378173828125
2022-12-06,375.8182678222656,275.6827697753906,317.4423522949219,35.71064376831055
2022-12-07,375.17889404296875,274.5572509765625,317.4234924316406,35.50025939941406
2022-12-08,378.1180725097656,277.806640625,319.329345703125,35.930171966552734
2022-12-09,375.29345703125,276.03509521484375,316.4139099121094,35.692352294921875
2022-12-12,380.7041320800781,279.4997253417969,321.3673400878906,35.58258056640625
2022-12-13,383.58599853515625,282.50439453125,322.4901123046875,35.8370361328125
2022-12-14,381.1335144042969,280.4100036621094,320.9898681640625,35.85560607910156
2022-12-15,371.81036376953125,270.99481201171875,313.9892883300781,35.02910232543945
2022-12-16,367.42071533203125,268.4110412597656,311.0766906738281,35.13125228881836
2022-12-19,364.30511474609375,264.63885498046875,309.5732421875,35.15911102294922
2022-12-20,364.80364990234375,264.4328918457031,310.51885986328125,35.14982604980469
2022-12-21,370.2583312988281,268.2687683105469,315.4549865722656,35.465572357177734
2022-12-22,364.9761962890625,261.70556640625,312.29669189453125,35.14982604980469
2022-12-23,367.0755920410156,262.2940979003906,313.8758239746094,35.1033935546875
2022-12-27,365.6280517578125,258.585693359375,314.29180908203125,35.62343978881836
2022-12-28,361.0840759277344,255.17169189453125,310.698486328125,35.1033935546875
2022-12-29,367.58367919921875,261.3915710449219,313.9986877441406,35.688446044921875
2022-12-30,366.615478515625,261.2345886230469,313.3083801269531,35.196258544921875
2023-01-03,365.072021484375,259.46868896484375,313.20440673828125,35.493431091308594
2023-01-04,367.8904724121094,260.704833984375,314.471435546875,36.5613899230957
2023-01-05,363.6916198730469,256.6236572265625,311.31317138671875,36.449954986572266
2023-01-06,372.0318298339844,263.70684814453125,317.98919677734375,37.21145248413086
2023-01-09,371.8208923339844,265.4139404296875,317.052978515625,37.490055084228516
2023-01-10,374.4284362792969,267.6605224609375,318.88751220703125,37.759361267089844
2023-01-11,379.1640930175781,272.29107666015625,321.27984619140625,37.917236328125
2023-01-12,380.54461669921875,273.76263427734375,323.3980407714844,38.102962493896484
2023-01-13,382.0209655761719,275.64630126953125,324.3814697265625,38.35370635986328
2023-01-17,381.32110595703125,276.2055358886719,320.71258544921875,38.14011764526367
2023-01-18,375.30078125,272.61480712890625,314.8592834472656,37.880088806152344
2023-01-19,372.5686950683594,269.9364929199219,312.6464538574219,38.16797637939453
2023-01-20,379.50927734375,277.3238220214844,315.7884826660156,38.75302505493164
2023-01-23,384.0628662109375,283.4848327636719,318.15460205078125,39.0316276550293
2023-01-24,383.6506652832031,282.90606689453125,319.0348205566406,39.05949020385742
2023-01-25,383.79443359375,282.27825927734375,319.2429504394531,39.09663391113281
2023-01-26,388.0124816894531,287.7818908691406,321.1736145019531,39.468101501464844
2023-01-27,388.9039611816406,290.6466369628906,321.41015625,39.28236770629883
2023-01-30,384.0245056152344,284.77001953125,318.99688720703125,38.49300765991211
2023-01-31,389.6709899902344,289.03759765625,322.5647888183594,38.40943145751953
2023-02-01,393.8122253417969,295.2182922363281,322.60272216796875,38.88304138183594
2023-02-02,399.5450134277344,305.8136291503906,322.18621826171875,38.65087890625
2023-02-03,395.2982177734375,300.3785705566406,320.8139953613281,37.96366882324219
2023-02-06,392.8824462890625,297.8376770019531,320.3406677246094,37.40646743774414
2023-02-07,398.020751953125,304.00848388671875,323.2178649902344,37.555057525634766
2023-02-08,393.6684875488281,298.6029052734375,321.2304382324219,37.50862503051758
2023-02-09,390.2557067871094,295.9638366699219,319.0157165527344,37.6850700378418
2023-02-10,391.1664123535156,294.02142333984375,320.577392578125,37.32289123535156
2023-02-13,395.75836181640625,298.7304382324219,324.192626953125,37.629356384277344
2023-02-14,395.5762023925781,300.9378662109375,322.8582458496094,37.56435012817383
2023-02-15,396.8608093261719,303.2432556152344,323.35040283203125,37.248600006103516
2023-02-16,391.3965148925781,297.55316162109375,319.3091125488281,37.25788497924805
2023-02-17,390.418701171875,295.4537048339844,320.685546875,36.849273681640625
2023-02-21,382.5865783691406,288.45880126953125,314.0119323730469,36.38494110107422
2023-02-22,382.0592956542969,288.6746520996094,313.32000732421875,36.20850372314453
2023-02-23,384.0916442871094,291.1959228515625,314.4101867675781,36.38494110107422
2023-02-24,379.9886169433594,286.32012939453125,311.04486083984375,35.567726135253906
2023-02-27,381.28277587890625,288.37054443359375,311.9359436035156,35.753456115722656
2023-02-28,379.8736267089844,287.9977111816406,309.5755310058594,35.502716064453125
2023-03-01,378.4164123535156,285.68243408203125,309.983154296875,36.264217376708984
2023-03-02,381.3594970703125,288.0467834472656,313.2441711425781,36.394229888916016
2023-03-03,387.4756164550781,294.00177001953125,316.8179931640625,36.719268798828125
2023-03-06,387.7441101074219,294.33526611328125,317.2635192871094,36.589256286621094
2023-03-07,381.8004455566406,290.7250671386719,311.755859375,35.9763298034668
2023-03-08,382.423583984375,292.1770324707031,311.39569091796875,36.12491989135742
2023-03-09,375.367919921875,287.11474609375,306.2671203613281,35.32626724243164
2023-03-10,369.95159912109375,283.0826721191406,303.0915222167969,35.140541076660156
2023-03-13,369.42431640625,285.1820983886719,302.2288513183594,35.196258544921875
2023-03-14,375.5308532714844,291.7355651855469,305.4234619140625,35.2148323059082
2023-03-15,373.1822204589844,293.2659606933594,302.9115295410156,34.6112060546875
2023-03-16,379.729736328125,300.9967346191406,306.4283142089844,35.140541076660156
2023-03-17,375.2897033691406,299.57415771484375,302.7291564941406,34.92694854736328
2023-03-20,378.8983459472656,300.6373291015625,306.3407897949219,35.05696487426758
2023-03-21,383.8734130859375,304.9311218261719,309.4964294433594,35.37269973754883
2023-03-22,377.3298034667969,300.78472900390625,304.3258056640625,35.51200485229492
2023-03-23,378.349853515625,304.3514404296875,304.9531555175781,36.00419235229492
2023-03-24,380.8325500488281,305.4715881347656,306.3599853515625,35.91132736206055
2023-03-27,381.5447082519531,303.3787536621094,308.2513122558594,35.71630859375
2023-03-28,380.688232421875,301.7672119140625,307.7759704589844,36.22706985473633
2023-03-29,386.22149658203125,307.2696533203125,310.8841552734375,36.3292236328125
2023-03-30,388.4830017089844,310.1780090332031,312.2148132324219,36.691402435302734
2023-03-31,393.95843505859375,315.3365173339844,316.1498718261719,36.64496994018555
2023-04-03,395.4596862792969,314.5701904296875,319.2769775390625,36.719268798828125
2023-04-04,393.2655334472656,313.5090026855469,317.40447998046875,36.719268798828125
2023-04-05,392.2359924316406,310.4138488769531,318.2409973144531,36.43137741088867
2023-04-06,393.76593017578125,312.5067138671875,318.3169250488281,36.579959869384766
2023-04-10,394.17010498046875,312.32989501953125,319.324462890625,36.61710739135742
2023-04-11,394.2760009765625,310.325439453125,320.2178955078125,36.83999252319336
2023-04-12,392.6689453125,307.5841064453125,319.9422607421875,36.579959869384766
2023-04-13,397.8846130371094,313.607177734375,323.51611328125,37.08143997192383
2023-04-14,396.91278076171875,313.0177001953125,322.0617980957031,36.88642501831055
2023-04-17,398.3369140625,313.282958984375,323.0885009765625,37.04429244995117
2023-04-18,398.5967102050781,313.3026123046875,322.97430419921875,36.997859954833984
2023-04-19,398.5294189453125,313.15521240234375,322.2043762207031,36.62639236450195
2023-04-20,396.3545837402344,310.7675476074219,321.21600341796875,36.570674896240234
2023-04-21,396.6624755859375,311.09185791015625,321.5431213378906,36.22706985473633
2023-04-24,397.0762939453125,310.44342041015625,322.1517333984375,36.143489837646484
2023-04-25,390.7732238769531,304.5872497558594,318.8992614746094,35.465572357177734
2023-04-26,389.1180419921875,306.4344482421875,316.6359558105469,35.66987228393555
2023-04-27,396.8646545410156,314.7666320800781,321.6286926269531,36.152774810791016
2023-04-28,400.25189208984375,316.9381103515625,324.320068359375,36.3385124206543
2023-05-01,399.8476867675781,316.5745849609375,323.6828308105469,36.21778869628906
2023-05-02,395.353759765625,313.81353759765625,320.3638000488281,35.86489486694336
2023-05-03,392.6400451660156,311.7599792480469,317.73907470703125,35.80917739868164
2023-05-04,389.8590393066406,310.6595764160156,315.09527587890625,36.09706115722656
2023-05-05,397.0762939453125,317.2624206542969,320.2306823730469,36.579959869384766
2023-05-08,397.18212890625,318.0484619140625,319.7456359863281,36.59853744506836
2023-05-09,395.4403991699219,316.0341796875,319.3177490234375,36.37565612792969
2023-05-10,397.2879943847656,319.47320556640625,319.051513671875,36.35708999633789
2023-05-11,396.59515380859375,320.5147399902344,316.997314453125,36.22706985473633
2023-05-12,396.0755310058594,319.3651123046875,316.87371826171875,35.799888610839844
2023-05-15,397.4419860839844,321.0944519042969,317.4157409667969,36.45923614501953
2023-05-16,394.7860412597656,321.45794677734375,314.163330078125,36.19921112060547
2023-05-17,399.57830810546875,325.34893798828125,318.21453857421875,36.36636734008789
2023-05-18,403.4275207519531,331.39178466796875,319.5934753417969,36.17135238647461
2023-05-19,402.8404846191406,330.6450500488281,318.5032043457031,36.19921112060547
2023-05-22,403.00408935546875,331.75531005859375,317.2738037109375,36.49638366699219
2023-05-23,398.48126220703125,327.5498962402344,315.09124755859375,35.929901123046875
2023-05-24,395.5943908691406,325.8696594238281,312.6133728027344,35.66059112548828
2023-05-25,399.0201416015625,333.799072265625,312.3654479980469,35.58629608154297
2023-05-26,404.187744140625,342.3277587890625,315.3105163574219,36.21778869628906
2023-05-30,404.34173583984375,343.8802185058594,315.0055236816406,35.799888610839844
2023-05-31,402.0996398925781,341.9249267578125,314.0523681640625,35.465572357177734
2023-06-01,405.919921875,345.8748474121094,315.4057922363281,36.09706115722656
2023-06-02,411.7899475097656,348.4688415527344,322.201171875,36.719268798828125
2023-06-05,411.0008850097656,348.7144775390625,320.3522033691406,36.70997619628906
2023-06-06,411.89581298828125,348.6555480957031,320.39031982421875,37.035003662109375
2023-06-07,410.47161865234375,342.74041748046875,321.3432922363281,36.87590408325195
2023-06-08,412.9543151855469,346.9950866699219,322.90643310546875,37.13795852661133
2023-06-09,413.6953430175781,348.3215026855469,323.3447570800781,37.30643081665039
2023-06-12,417.4483337402344,354.20709228515625,325.15557861328125,37.38130569458008
2023-06-13,420.20050048828125,356.9288024902344,326.5375061035156,37.755680084228516
2023-06-14,420.7009582519531,359.5227966308594,324.4408264160156,38.036460876464844
2023-06-15,425.9166259765625,363.80682373046875,328.5866394042969,38.392120361328125
2023-06-16,424.46588134765625,361.51739501953125,327.58929443359375,38.261085510253906
2023-06-20,422.263671875,360.9999084472656,325.2108459472656,37.51233673095703
2023-06-21,420.10009765625,356.0802307128906,324.22698974609375,37.33450698852539
2023-06-22,421.61651611328125,360.2815856933594,324.14105224609375,37.2034797668457
2023-06-23,418.42913818359375,356.71002197265625,322.05865478515625,36.6606330871582
2023-06-26,416.7195129394531,351.9281311035156,322.0396423339844,36.78230667114258
2023-06-27,421.2880859375,357.9792175292969,324.0360412597656,37.156681060791016
2023-06-28,421.5006408691406,358.6778259277344,323.462890625,36.93205642700195
2023-06-29,423.1618957519531,357.95953369140625,325.8795166015625,36.735511779785156
2023-06-30,428.1554870605469,363.47930908203125,328.4490966796875,37.02565383911133
2023-07-03,428.64813232421875,364.3353576660156,328.65924072265625,37.437461853027344
2023-07-05,428.0106506347656,364.3255310058594,327.45562744140625,37.212833404541016
2023-07-06,424.6590270996094,361.55084228515625,324.0360412597656,36.45472717285156
2023-07-07,423.5869140625,360.3504943847656,322.316650390625,36.86653518676758
2023-07-10,424.6590270996094,360.4685363769531,324.3702697753906,36.894615173339844
2023-07-11,427.3634338378906,362.24951171875,327.2932434082031,37.26899337768555
2023-07-12,430.802001953125,366.8246765136719,328.2389831542969,38.10197830200195
2023-07-13,434.2212829589844,373.0528869628906,328.5159606933594,38.5980224609375
2023-07-14,433.9507751464844,372.9741516113281,329.7099304199219,38.382755279541016
2023-07-17,435.45758056640625,376.45721435546875,330.3594970703125,38.4295539855957
2023-07-18,438.6932678222656,379.5368347167969,333.9224548339844,38.14876937866211
2023-07-19,439.6688232421875,379.4483337402344,334.98272705078125,38.07389831542969
2023-07-20,436.75189208984375,370.7013244628906,336.644775390625,37.793113708496094
2023-07-21,436.75189208984375,369.5895080566406,336.6238098144531,37.73696517944336
2023-07-24,438.7029113769531,370.1798095703125,338.4686279296875,38.25172424316406
2023-07-25,439.9006042480469,372.6888122558594,338.7076110839844,38.5699462890625
2023-07-26,439.96820068359375,371.4490661621094,339.5967712402344,38.79457092285156
2023-07-27,437.05126953125,370.5635681152344,337.2260437011719,38.31724548339844
2023-07-28,441.3301696777344,377.313232421875,338.8605651855469,39.24382019042969
2023-07-31,442.1705017089844,377.5100402832031,339.9025573730469,39.26253890991211
2023-08-01,440.9051513671875,376.6343688964844,340.50482177734375,38.7664909362793
2023-08-02,434.7718200683594,368.36944580078125,337.1973876953125,37.83991241455078
2023-08-03,433.5259094238281,367.779052734375,336.4803161621094,37.98966598510742
2023-08-04,431.5650939941406,366.0572204589844,335.1993408203125,37.94286346435547
2023-08-07,435.33197021484375,369.1565856933594,338.9944763183594,37.88671112060547
2023-08-08,433.4388732910156,366.01788330078125,337.4648742675781,37.428104400634766
2023-08-09,430.541259765625,361.99365234375,335.8016357421875,37.52169418334961
2023-08-10,430.69580078125,362.6627197265625,336.3847961425781,37.57785415649414
2023-08-11,430.44464111328125,360.3504943847656,337.44586181640625,37.02565383911133
2023-08-14,432.82073974609375,364.3943176269531,337.6466064453125,36.84782028198242
2023-08-15,427.77886962890625,360.527587890625,334.20513916015625,36.4266471862793
2023-08-16,424.6397399902344,356.71002197265625,332.4462890625,36.09907531738281
2023-08-17,421.4040222167969,352.8136291503906,329.855712890625,36.18330001831055
2023-08-18,421.6068420410156,352.370849609375,330.4013366699219,35.939964294433594
2023-08-21,424.3499450683594,358.0481262207031,329.9706115722656,36.024200439453125
2023-08-22,423.2005310058594,357.5364990234375,328.33355712890625,35.949317932128906
2023-08-23,427.9140319824219,363.17431640625,330.123779296875,36.52024841308594
2023-08-24,421.98358154296875,355.41119384765625,326.4858093261719,36.379852294921875
2023-08-25,424.9584655761719,358.1661682128906,328.8504943847656,36.41728973388672
2023-08-28,427.6532897949219,360.8621520996094,330.9661560058594,36.77294921875
2023-08-29,433.83489990234375,368.7432556152344,333.7520751953125,37.24091720581055
2023-08-30,435.6217956542969,370.7996520996094,334.4989013671875,37.119239807128906
2023-08-31,434.9842834472656,371.9115295410156,332.9767150878906,36.6606330871582
2023-09-01,435.7956848144531,371.5179748535156,334.0967712402344,37.091163635253906
2023-09-05,433.9121398925781,371.9903259277344,332.18206787109375,36.791664123535156
2023-09-06,430.9952392578125,368.7137145996094,330.2864990234375,36.585758209228516
2023-09-07,429.6719665527344,366.0769348144531,330.9471130371094,36.15522766113281
2023-09-08,430.3190612792969,366.5885314941406,331.732177734375,36.2301025390625
2023-09-11,433.149169921875,370.9079284667969,332.55535888671875,36.679351806640625
2023-09-12,430.7730712890625,366.7951354980469,332.4023132324219,36.56704330444336
2023-09-13,431.27532958984375,368.19232177734375,331.7704162597656,36.52024841308594
2023-09-14,434.99395751953125,371.2030944824219,335.015869140625,36.76358413696289
2023-09-15,429.7529602050781,364.8468933105469,332.2542724609375,36.62319564819336
2023-09-18,430.00506591796875,365.2273254394531,332.2639465332031,36.57640075683594
2023-09-19,429.1132507324219,364.44891357421875,331.22723388671875,36.36113357543945
2023-09-20,425.16827392578125,359.197021484375,330.5072326660156,36.21138381958008
2023-09-21,418.1409606933594,352.61492919921875,326.9173278808594,35.58430862426758
2023-09-22,417.2007751464844,352.6641540527344,325.957275390625,36.00547790527344
2023-09-25,418.95513916015625,354.3392639160156,326.34130859375,35.846370697021484
2023-09-26,412.8001403808594,349.0184326171875,322.55938720703125,35.34096145629883
2023-09-27,412.96490478515625,349.83624267578125,321.9738464355469,35.397117614746094
2023-09-28,415.35906982421875,352.76275634765625,323.1162109375,35.49071502685547
2023-09-29,414.35107421875,353.0189208984375,321.5131530761719,35.518795013427734
2023-10-02,414.1862487792969,355.965087890625,320.6876220703125,35.34096145629883
2023-10-03,408.6419677734375,349.71807861328125,316.74249267578125,34.872989654541016
2023-10-04,411.6176452636719,354.4771728515625,317.71197509765625,34.77004623413086
2023-10-05,411.4625549316406,353.43280029296875,317.884765625,34.90107345581055
2023-10-06,416.34771728515625,359.3547058105469,320.697265625,35.40647888183594
2023-10-09,419.0133056640625,361.1874084472656,322.6074523925781,35.238014221191406
2023-10-10,421.1942443847656,363.1876525878906,323.91290283203125,35.7434196472168
2023-10-11,422.9195251464844,365.77911376953125,324.4695739746094,35.96803665161133
2023-10-12,420.3412170410156,364.50799560546875,322.7801818847656,35.56559371948242
2023-10-13,418.2475280761719,359.9261779785156,323.1737976074219,35.43455505371094
2023-10-16,422.6481628417969,363.9956970214844,326.2549743652344,35.69662094116211
2023-10-17,422.6287536621094,362.8033752441406,326.3509826660156,35.603023529052734
2023-10-18,416.99713134765625,358.0441589355469,323.1257629394531,35.060184478759766
2023-10-19,413.33331298828125,354.6940002441406,320.7164611816406,34.85427474975586
2023-10-20,408.2541809082031,349.4027099609375,318.08203125,34.43310546875
2023-10-23,407.5466613769531,350.45703125,316.28607177734375,34.405025482177734
2023-10-24,410.6192626953125,353.8663024902344,318.32208251953125,34.84491729736328
2023-10-25,404.7259826660156,345.2052001953125,317.27520751953125,34.38630294799805
2023-10-26,399.87957763671875,338.62310791015625,314.84539794921875,34.217838287353516
2023-10-27,398.0669860839844,340.2488708496094,311.35906982421875,34.189754486083984
2023-10-30,402.8262023925781,344.08184814453125,316.19964599609375,34.54541778564453
2023-10-31,405.3560485839844,345.7273864746094,317.40008544921875,34.348873138427734
2023-11-01,409.6790466308594,351.72808837890625,319.5130615234375,34.667091369628906
2023-11-02,417.5303039550781,358.1131286621094,324.9971008300781,35.275447845458984
2023-11-03,421.3396301269531,362.320556640625,327.1291198730469,35.99612045288086
2023-11-06,422.30889892578125,363.79852294921875,327.542236328125,36.286258697509766
2023-11-07,423.5107421875,367.23748779296875,328.02227783203125,36.22074508666992
2023-11-08,423.8209533691406,367.47393798828125,327.6189880371094,35.97739791870117
2023-11-09,420.51568603515625,364.64599609375,325.6885681152344,35.640464782714844
2023-11-10,427.0777893066406,372.8440856933594,329.4341735839844,35.893165588378906
2023-11-13,426.67071533203125,371.68133544921875,329.9720458984375,35.88380813598633
2023-11-14,434.94842529296875,379.68231201171875,334.6301574707031,36.838462829589844
2023-11-15,435.8692321777344,379.9680480957031,336.40679931640625,37.14731979370117
2023-11-16,436.40228271484375,380.29327392578125,336.16668701171875,36.791664123535156
2023-11-17,436.94512939453125,380.3818664550781,336.279296875,36.838462829589844
2023-11-20,440.30853271484375,385.01300048828125,338.29071044921875,37.29706954956055
2023-11-21,439.3489990234375,382.7762756347656,337.6170349121094,37.06308364868164
2023-11-22,441.04522705078125,384.34295654296875,339.2915344238281,36.98821258544922
2023-11-24,441.31658935546875,383.8009948730469,340.48480224609375,37.006935119628906
2023-11-27,440.5218505859375,383.4660339355469,340.02294921875,36.857177734375
2023-11-28,440.9579162597656,384.4710998535156,340.7831726074219,37.166038513183594
2023-11-29,440.6478271484375,384.0966491699219,341.3028869628906,36.950775146484375
2023-11-30,442.3828125,383.1309814453125,346.4515380859375,37.02565383911133
2023-12-01,444.9999084472656,384.2247619628906,349.38677978515625,37.184757232666016
2023-12-04,442.66387939453125,380.65777587890625,348.99224853515625,36.76358413696289
2023-12-05,442.57666015625,381.6136169433594,348.28961181640625,36.538963317871094
2023-12-06,440.79315185546875,379.4063415527344,347.6256408691406,36.49216842651367
2023-12-07,444.1566467285156,384.7075500488281,348.2126159667969,36.66999053955078
2023-12-08,446.0661315917969,386.4220886230469,349.4541320800781,36.51087951660156
2023-12-11,447.8011169433594,389.7229309082031,350.9650573730469,36.72615051269531
2023-12-12,449.84637451171875,392.82684326171875,352.6203308105469,36.735511779785156
2023-12-13,456.0498046875,397.822509765625,357.749755859375,37.10052490234375
2023-12-14,457.5133972167969,397.4776611328125,359.2798767089844,37.643367767333984
2023-12-15,456.7601318359375,399.3990173339844,359.4080810546875,37.41874313354492
2023-12-18,459.3294372558594,401.9146423339844,359.7457580566406,37.400020599365234
2023-12-19,462.12255859375,403.9682922363281,362.17633056640625,37.718238830566406
2023-12-20,455.7187805175781,397.9654235839844,357.64306640625,37.03925704956055
2023-12-21,460.0399169921875,402.595947265625,360.6137390136719,37.73540496826172
2023-12-22,460.9644470214844,403.1982421875,360.53668212890625,37.55421447753906
2023-12-26,462.910888671875,405.6665344238281,362.0316467285156,37.8498420715332
2023-12-27,463.747802734375,406.4923095703125,363.19873046875,38.069175720214844
2023-12-28,463.92303466796875,406.29473876953125,363.6520080566406,38.36480712890625
2023-12-29,462.5799255371094,404.53643798828125,363.4976806640625,38.34573745727539
2024-01-02,459.9912109375,397.6907958984375,363.70989990234375,37.897525787353516
2024-01-03,456.234619140625,393.4825744628906,360.93212890625,37.68772506713867
2024-01-04,454.7650451660156,391.45751953125,361.2504577636719,37.56374740600586
2024-01-05,455.3878479003906,391.92181396484375,361.34686279296875,37.61143112182617
2024-01-08,461.8890380859375,400.02203369140625,363.46875,37.716331481933594
2024-01-09,461.188232421875,400.8123474121094,361.86773681640625,37.18230056762695
2024-01-10,463.7965087890625,403.5288391113281,363.5749206542969,37.09646987915039
2024-01-11,463.5921325683594,404.36846923828125,363.7870788574219,37.249053955078125
2024-01-12,463.91326904296875,404.5758972167969,362.5717468261719,37.38256072998047
2024-01-16,462.21014404296875,404.53643798828125,360.4015808105469,36.47660446166992
2024-01-17,459.6408386230469,402.2544860839844,359.49493408203125,35.93303680419922
2024-01-18,463.7283020019531,407.9642028808594,361.5107727050781,36.228660583496094
2024-01-19,469.5092468261719,416.0544738769531,365.37384033203125,36.61011505126953
2024-01-22,470.5019836425781,416.59783935546875,366.79266357421875,36.2858772277832
2024-01-23,471.87420654296875,418.3265075683594,365.798583984375,36.600582122802734
2024-01-24,472.3900146484375,420.64788818359375,364.8818054199219,37.01064682006836
2024-01-25,474.959228515625,421.16162109375,367.18829345703125,37.058326721191406
2024-01-26,474.3559265136719,418.65252685546875,367.7769775390625,37.08693313598633
2024-01-29,478.1125183105469,422.9396667480469,369.91937255859375,37.10600662231445
2024-01-30,477.7427062988281,420.1243896484375,371.0581359863281,36.81037902832031
2024-01-31,469.947265625,411.895751953125,368.04718017578125,36.61011505126953
2024-02-01,476.09796142578125,416.74603271484375,371.6468505859375,36.96296310424805
2024-02-02,481.1100769042969,423.7892761230469,372.9207763671875,36.85806655883789
2024-02-05,479.35821533203125,423.2360534667969,370.17999267578125,36.90574264526367
2024-02-06,480.74993896484375,422.386474609375,371.6275329589844,37.74494552612305
2024-02-07,484.7596130371094,426.73297119140625,373.16204833984375,37.792625427246094
2024-02-08,484.9737854003906,427.5232849121094,373.8182678222656,37.58282470703125
2024-02-09,487.776611328125,431.7313537597656,373.210205078125,37.74494552612305
2024-02-12,487.5624694824219,430.042236328125,374.5517883300781,38.04056930541992
2024-02-13,480.84722900390625,423.3348388671875,369.4465637207031,37.325340270996094
2024-02-14,485.217041015625,427.947998046875,370.86517333984375,37.859378814697266
2024-02-15,488.56488037109375,429.2223205566406,374.6867980957031,38.04056930541992
2024-02-16,486.1318054199219,425.33026123046875,373.28717041015625,38.221763610839844
2024-02-20,483.45550537109375,422.1197814941406,372.8039245605469,38.27897644042969
2024-02-21,483.8934326171875,420.4306335449219,373.1518249511719,38.34573745727539
2024-02-22,493.9078063964844,432.7389831542969,377.49188232421875,38.73672103881836
2024-02-23,494.2484436035156,431.4646911621094,378.2071533203125,38.7176513671875
2024-02-26,492.4382629394531,431.2374572753906,377.65618896484375,38.545997619628906
2024-02-27,493.3531188964844,432.27471923828125,376.641357421875,38.622291564941406
2024-02-28,492.7010498046875,429.9730224609375,376.5833740234375,38.11686325073242
2024-02-29,494.4722900390625,433.65765380859375,376.921630859375,38.13593673706055
2024-03-01,499.11456298828125,440.18719482421875,378.2361755371094,38.60321807861328
2024-03-04,498.5793151855469,438.6165771484375,377.1922607421875,38.51738739013672
2024-03-05,493.5963439941406,430.7435607910156,373.28717041015625,38.17407989501953
2024-03-06,496.09759521484375,433.4502258300781,374.2441711425781,38.72718811035156
2024-03-07,501.0220642089844,440.0292053222656,375.47161865234375,38.96560287475586
2024-03-08,498.0148010253906,433.6773986816406,375.0270080566406,38.927452087402344
2024-03-11,497.58660888671875,432.0672912597656,375.4427185058594,39.013282775878906
2024-03-12,502.9393310546875,438.2609558105469,377.7335510253906,39.442420959472656
2024-03-13,502.1509704589844,434.8924865722656,378.14923095703125,39.31844711303711
2024-03-14,501.1582946777344,433.79595947265625,377.0376281738281,39.11818313598633
2024-03-15,497.71710205078125,428.6394958496094,374.9670104980469,38.87976837158203
2024-03-18,500.6750793457031,432.7276306152344,375.67431640625,38.94652557373047
2024-03-19,503.4573974609375,433.8057861328125,378.7458190917969,38.75579833984375
2024-03-20,508.11407470703125,438.94921875,382.7086486816406,39.19447326660156
2024-03-21,509.7931823730469,441.0264892578125,385.3828125,39.242156982421875
2024-03-22,508.82672119140625,441.5308837890625,382.2628479003906,38.96560287475586
2024-03-25,507.4209289550781,439.9284973144531,380.73193359375,38.994205474853516
2024-03-26,506.4837646484375,438.5041809082031,380.6351623535156,38.96560287475586
2024-03-27,510.7401428222656,439.9977722167969,385.1986999511719,39.032352447509766
2024-03-28,510.64251708984375,439.1866760253906,385.39251708984375,39.17539596557617
2024-04-01,509.754150390625,440.1164245605469,383.03802490234375,39.242156982421875
2024-04-02,506.5130615234375,436.3181457519531,379.45306396484375,39.366127014160156
2024-04-03,507.0693664550781,437.29742431640625,379.0946044921875,39.39473342895508
2024-04-04,500.880126953125,430.61083984375,374.0174560546875,39.251686096191406
2024-04-05,506.1126708984375,435.6850891113281,376.7692565917969,39.33751678466797
2024-04-08,506.39581298828125,435.8136901855469,377.0016784667969,39.59499740600586
2024-04-09,506.9815673828125,437.4259948730469,376.7498474121094,39.86201858520508
2024-04-10,501.9051208496094,433.60797119140625,372.5545349121094,39.31844711303711
2024-04-11,505.6929016113281,440.5318908691406,372.58349609375,39.55685806274414
2024-04-12,498.71282958984375,433.50897216796875,368.0587463378906,38.65089416503906
2024-04-15,492.4649353027344,426.37738037109375,365.5782775878906,38.402950286865234
2024-04-16,491.56671142578125,426.41693115234375,366.2274475097656,37.897525787353516
2024-04-17,488.6575622558594,421.21405029296875,365.71392822265625,37.86891555786133
2024-04-18,487.6520080566406,418.81048583984375,366.09173583984375,38.0214958190918
2024-04-19,483.3956298828125,410.1455993652344,368.1838073730469,37.86891555786133
2024-04-22,487.8473205566406,414.27032470703125,370.67523193359375,38.27897644042969
2024-04-23,493.63641357421875,420.4524230957031,373.244140625,38.59368133544922
2024-04-24,493.402099609375,421.87677001953125,372.681884765625,38.72718811035156
2024-04-25,491.5276794433594,419.8392028808594,369.2696228027344,38.813018798828125
2024-04-26,496.18438720703125,426.3180236816406,370.61712646484375,39.261226654052734
2024-04-29,497.9416198730469,428.04901123046875,372.0615234375,39.642677307128906
2024-04-30,490.0535888671875,419.9776306152344,366.5649108886719,39.08957290649414
2024-05-01,488.46234130859375,416.9409484863281,367.3017578125,39.12771224975586
2024-05-02,493.03106689453125,422.26251220703125,370.53955078125,40.138572692871094
2024-05-03,499.14239501953125,430.7493591308594,374.94061279296875,40.50095748901367
2024-05-06,504.2969665527344,435.467529296875,376.5693054199219,40.53909683227539
2024-05-07,504.85345458984375,435.5367736816406,376.8504333496094,40.31022262573242
2024-05-08,504.9021911621094,435.27960205078125,378.53717041015625,40.31976318359375
2024-05-09,507.81134033203125,436.2291564941406,381.9494934082031,40.44373321533203
2024-05-10,508.46551513671875,437.2578430175781,383.093505859375,40.529563903808594
2024-05-13,508.53375244140625,438.2667541503906,382.3954772949219,40.8347282409668
2024-05-14,510.8670959472656,441.0857849121094,383.48114013671875,41.05406188964844
2024-05-15,517.1931762695312,447.9801025390625,387.0680236816406,41.49273681640625
2024-05-16,516.1290283203125,447.0700988769531,387.0001525878906,41.57855987548828
2024-05-17,516.870849609375,446.8525085449219,388.2953796386719,41.7597541809082
2024-05-20,517.46630859375,449.9682312011719,386.4991760253906,41.60717010498047
2024-05-21,518.7355346679688,450.8486022949219,387.1593322753906,41.349693298339844
2024-05-22,517.2418212890625,450.759521484375,385.1011962890625,41.216182708740234
2024-05-23,513.4638671875,448.7318420410156,379.2759704589844,40.9110221862793
2024-05-24,516.8612060546875,452.9752197265625,379.2566223144531,41.02545166015625
2024-05-28,517.2222900390625,454.68646240234375,377.27606201171875,40.96823501586914
2024-05-29,513.6005249023438,451.4815979003906,373.3731689453125,40.35791015625
2024-05-30,510.19354248046875,446.644775390625,370.363525390625,40.243473052978516
2024-05-31,514.8402709960938,445.81390380859375,376.2372131347656,39.852481842041016
2024-06-03,515.2600708007812,448.20758056640625,374.9848327636719,40.27207946777344
2024-06-04,515.836181640625,449.43414306640625,376.21783447265625,39.709434509277344
2024-06-05,521.9668579101562,458.4945983886719,377.2081604003906,40.34837341308594
2024-06-06,521.9571533203125,458.3363342285156,377.98480224609375,40.54863357543945
2024-06-07,521.3226928710938,457.9307556152344,377.16925048828125,40.09088897705078
2024-06-10,522.933349609375,459.78045654296875,377.94598388671875,40.32929611206055
2024-06-11,524.1928100585938,462.9358215332031,376.6643371582031,40.19486618041992
2024-06-12,528.4979858398438,468.9992370605469,376.3926086425781,40.59815979003906
2024-06-13,529.5619506835938,471.541259765625,375.606201171875,40.502140045166016
2024-06-14,529.8842163085938,473.9844970703125,375.1983337402344,40.550148010253906
2024-06-17,534.1015014648438,479.7907409667969,377.2566223144531,40.809410095214844
2024-06-18,535.4585571289062,479.9390869140625,377.80029296875,41.183895111083984
2024-06-20,534.0040283203125,476.23974609375,380.64495849609375,41.11668014526367
2024-06-21,533.2880249023438,474.9637451171875,380.7850646972656,40.9726448059082
2024-06-24,531.554443359375,469.5564880371094,383.3538513183594,40.9726448059082
2024-06-25,533.6014404296875,474.9261169433594,380.47369384765625,40.876625061035156
2024-06-26,534.2674560546875,475.90692138671875,380.68768310546875,40.790199279785156
2024-06-27,535.109619140625,477.1353759765625,380.99920654296875,40.819007873535156
2024-06-28,533.0039672851562,474.6585998535156,380.58074951171875,40.89582824707031
2024-07-01,534.1008911132812,477.4425048828125,380.9018859863281,40.99184799194336
2024-07-02,537.6953125,482.45550537109375,382.6824951171875,41.11668014526367
2024-07-03,540.0948486328125,486.477783203125,382.2348937988281,41.72161865234375
2024-07-05,543.2092895507812,491.5501403808594,383.0813903808594,41.89445877075195
2024-07-08,543.8361206054688,492.71923828125,382.847900390625,41.90406036376953
2024-07-09,544.364990234375,493.1452331542969,382.3419494628906,42.076904296875
2024-07-10,549.7515869140625,498.2870178222656,386.54541015625,42.31695556640625
2024-07-11,545.0113525390625,487.3594970703125,386.9053649902344,42.56661605834961
2024-07-12,548.4490356445312,490.22265625,389.52294921875,42.73945236206055
2024-07-15,549.9573364257812,491.5403137207031,391.50775146484375,42.288150787353516
2024-07-16,553.2186279296875,491.7285461425781,398.61090087890625,42.52820587158203
2024-07-17,545.4618530273438,477.29388427734375,400.81964111328125,41.83684539794922
2024-07-18,541.2700805664062,475.03509521484375,395.7502746582031,41.443153381347656
2024-07-19,537.6756591796875,470.8245544433594,392.2690124511719,41.03986358642578
2024-07-22,543.2190551757812,477.83880615234375,393.437255859375,41.38554000854492
2024-07-23,542.3670043945312,476.1545715332031,392.79473876953125,41.020660400390625
2024-07-24,530.0755615234375,459.07476806640625,388.1025695800781,40.42531967163086
2024-07-25,527.313720703125,454.01220703125,388.90081787109375,40.2620849609375
2024-07-26,533.219482421875,458.6685791015625,395.208984375,40.67498016357422
2024-07-29,533.5328369140625,459.5899353027344,394.7612609863281,40.54054641723633
2024-07-30,530.8297119140625,453.27911376953125,396.61083984375,40.35810470581055
2024-07-31,539.458251953125,466.6933288574219,397.6622619628906,41.24150848388672
2024-08-01,531.8189697265625,455.38934326171875,392.54168701171875,40.52134323120117
2024-08-02,521.9172973632812,444.5806884765625,386.6033020019531,39.94520568847656
2024-08-05,506.7171325683594,431.3249816894531,376.55682373046875,38.81214904785156
2024-08-06,511.38885498046875,435.44635009765625,379.62335205078125,39.03300094604492
2024-08-07,507.9707336425781,430.73052978515625,377.49139404296875,39.27305603027344
2024-08-08,519.7137451171875,443.9070129394531,384.06243896484375,40.16606140136719
2024-08-09,522.0054321289062,446.2252502441406,384.6758117675781,40.38691329956055
2024-08-12,522.2797241210938,447.1862487792969,383.332275390625,40.52134323120117
2024-08-13,530.868896484375,458.28216552734375,387.245849609375,40.9726448059082
2024-08-14,532.5436401367188,458.4308166503906,389.4848327636719,40.751792907714844
2024-08-15,541.6715698242188,470.01220703125,395.1214599609375,41.20309829711914
2024-08-16,542.885986328125,470.6165466308594,396.27777099609375,41.68321228027344
2024-08-19,548.0767211914062,476.7985534667969,398.5868835449219,42.08650207519531
2024-08-20,547.1856079101562,475.79791259765625,398.0510559082031,41.76002883911133
2024-08-21,549.0660400390625,478.0170593261719,398.4700012207031,41.92326736450195
2024-08-22,544.7566528320312,470.43817138671875,396.99884033203125,41.404747009277344
2024-08-23,550.5448608398438,475.5403137207031,401.2369384765625,42.096107482910156
2024-08-26,549.2324829101562,470.92364501953125,402.1040344238281,41.74082565307617
2024-08-27,549.9866333007812,472.3304138183594,402.2696838378906,41.79843521118164
2024-08-28,546.7938842773438,466.9706726074219,400.759521484375,41.5391731262207
2024-08-29,546.8427734375,466.287109375,403.2633972167969,41.55838394165039
2024-08-30,552.0629272460938,471.844970703125,405.50421142578125,41.644798278808594
2024-09-03,540.7019653320312,457.51934814453125,399.69757080078125,40.819007873535156
2024-09-04,539.5953369140625,456.3304443359375,399.8632507324219,40.809410095214844
2024-09-05,538.2828369140625,456.7565002441406,397.9534912109375,40.86701965332031
2024-09-06,529.2236328125,444.521240234375,394.0662536621094,40.118045806884766
2024-09-09,535.1488647460938,450.2376403808594,398.5284423828125,40.45412826538086
2024-09-10,537.4797973632812,454.3986511230469,397.7587585449219,40.30049133300781
2024-09-11,542.9937744140625,464.2660827636719,398.74273681640625,40.59815979003906
2024-09-12,547.567626953125,468.8233337402344,401.3733215332031,40.934242248535156
2024-09-13,550.4274291992188,470.92364501953125,404.26690673828125,41.12628173828125
2024-09-16,551.2402954101562,468.8431396484375,406.6441955566406,41.26071548461914
2024-09-17,551.465576171875,469.0908203125,406.52728271484375,41.30872344970703
2024-09-18,549.8300170898438,467.0599060058594,405.48480224609375,41.16468811035156
2024-09-19,559.2124633789062,478.8691101074219,410.57049560546875,42.038490295410156
2024-09-20,558.2459106445312,477.9576721191406,410.9692077636719,41.95207214355469
2024-09-23,559.6408081054688,479.2245788574219,411.4968566894531,42.27854919433594
2024-09-24,561.2421264648438,481.53619384765625,412.4936218261719,43.718875885009766
2024-09-25,560.0042724609375,481.982666015625,409.5523376464844,43.25796890258789
2024-09-26,562.2244873046875,485.6037902832031,411.9952697753906,44.84233856201172
2024-09-27,561.4091186523438,482.9052734375,413.2948913574219,44.755916595458984
2024-09-30,563.6588134765625,484.2148742675781,413.4609680175781,44.03575134277344
2024-10-01,558.6092529296875,477.4685363769531,411.8779602050781,44.35262680053711
2024-10-02,558.8450927734375,478.1431884765625,412.27862548828125,45.2264289855957
2024-10-03,557.8233642578125,477.7860107421875,410.39263916015625,44.68870544433594
2024-10-04,562.8925170898438,483.4707946777344,413.744384765625,45.101600646972656
2024-10-07,557.8037109375,478.2920227050781,410.0310974121094,45.47608184814453
2024-10-08,563.0791625976562,485.4351501464844,411.1939697265625,44.35262680053711
2024-10-09,566.9793090820312,489.2547607421875,415.3468933105469,44.11256790161133
2024-10-10,565.9871215820312,488.69915771484375,414.9657897949219,44.19898986816406
2024-10-11,569.3763427734375,489.4630432128906,418.9429016113281,44.51586151123047
2024-10-14,574.0328369140625,493.5703430175781,421.05364990234375,44.33341979980469
2024-10-15,569.5728759765625,486.9728698730469,417.7801208496094,43.39240264892578
2024-10-16,572.0484619140625,487.0324401855469,420.8874816894531,43.728485107421875
2024-10-17,572.0975341796875,487.3697509765625,422.5779724121094,43.6612663269043
2024-10-18,574.2981567382812,490.5643310546875,422.90936279296875,44.09336471557617
2024-10-21,573.3550415039062,491.5068054199219,419.71295166015625,43.786094665527344
2024-10-22,573.0504760742188,492.04254150390625,419.654296875,43.69007110595703
2024-10-23,567.8143310546875,484.50250244140625,415.59765625,43.43081283569336
2024-10-24,569.0422973632812,488.4312744140625,414.2486572265625,43.36359786987305
2024-10-25,568.8458251953125,491.4075927734375,411.6680603027344,43.32518768310547
2024-10-28,570.6044311523438,491.4869384765625,414.53216552734375,43.51723098754883
2024-10-29,571.52783203125,496.2093811035156,412.9975280761719,43.3828010559082
2024-10-30,569.798828125,492.4592590332031,412.2642822265625,42.96030807495117
2024-10-31,558.6289672851562,480.0281982421875,408.276123046875,42.68184280395508
2024-11-01,560.9866333007812,483.57989501953125,410.9642028808594,42.720252990722656
2024-11-04,559.7783203125,482.1711730957031,408.6475524902344,42.96030807495117
2024-11-05,566.5470581054688,488.3221130371094,412.80194091796875,43.54603958129883
2024-11-06,580.6345825195312,501.5865478515625,427.39617919921875,43.00831604003906
2024-11-07,585.1242065429688,509.4836120605469,427.5525817871094,43.95893096923828
2024-11-08,587.6588134765625,510.0789489746094,430.2113037109375,42.87388610839844
2024-11-11,588.21875,509.78131103515625,433.04620361328125,42.54741287231445
2024-11-12,586.3914794921875,508.858642578125,429.507568359375,41.74082565307617
2024-11-13,586.6763305664062,508.2038879394531,429.9181213378906,41.47195816040039
2024-11-14,582.9039306640625,504.6719665527344,427.85552978515625,41.24150848388672
2024-11-15,575.4376831054688,492.6477355957031,424.99566650390625,41.24150848388672
2024-11-18,577.7955932617188,496.0704650878906,424.6826477050781,41.712013244628906
2024-11-19,579.9076538085938,499.4833068847656,423.3621826171875,41.68321228027344
2024-11-20,580.1041259765625,499.19561767578125,424.7804260253906,41.63520050048828
2024-11-21,583.21826171875,500.99127197265625,429.3579406738281,41.54877853393555
2024-11-22,585.0259399414062,501.7948913574219,433.4562072753906,41.55838394165039
2024-11-25,587.0103759765625,502.5885314941406,437.7599182128906,41.587188720703125
2024-11-26,590.0753784179688,505.2870788574219,439.0509948730469,41.41434860229492
2024-11-27,588.2874145507812,501.3087463378906,437.9359130859375,41.47195816040039
2024-11-29,591.94189453125,505.7136535644531,440.2345275878906,41.5391731262207
2024-12-02,593.0029296875,511.21978759765625,438.91400146484375,41.702415466308594
2024-12-03,593.2779541015625,512.787353515625,438.0826721191406,41.78883361816406
2024-12-04,596.9619750976562,519.1268920898438,441.0657958984375,41.89445877075195
2024-12-05,595.9796752929688,517.6882934570312,438.8456115722656,42.17292022705078
2024-12-06,597.109375,522.3214111328125,437.3587951660156,42.105709075927734
2024-12-09,594.034423828125,518.2537841796875,435.33416748046875,42.969905853271484
2024-12-10,592.1875610351562,516.4879150390625,433.9746398925781,42.27854919433594
2024-12-11,596.7655639648438,525.7341918945312,432.8204650878906,42.451385498046875
2024-12-12,593.690673828125,522.34130859375,430.6294860839844,42.24013900756836
2024-12-13,593.5728149414062,526.3395385742188,429.7491760253906,42.27854919433594
2024-12-16,596.1073608398438,533.9191284179688,428.7711181640625,42.048095703125
2024-12-17,593.6513061523438,531.5678100585938,426.03240966796875,41.9475212097168
2024-12-18,575.9583740234375,512.3905029296875,414.9309387207031,40.97108840942383
2024-12-19,575.781494140625,510.1086730957031,415.23419189453125,41.1077880859375
2024-12-20,582.6973266601562,514.5631713867188,420.36737060546875,41.27378463745117
2024-12-23,586.1865844726562,519.576416015625,420.710693359375,41.50812530517578
2024-12-24,592.7020263671875,526.6218872070312,424.2518615722656,41.63506317138672
2024-12-26,592.7415161132812,526.2639770507812,424.9482727050781,41.48860168457031
2024-12-27,586.5020751953125,519.2684326171875,421.7994689941406,41.303077697753906
2024-12-30,579.80908203125,512.3621826171875,417.6501770019531,40.97108840942383
2024-12-31,577.69970703125,508.0097961425781,417.3852844238281,40.834388732910156
2025-01-02,576.2803344726562,507.01611328125,415.7176818847656,40.77580261230469
2025-01-03,583.4857788085938,515.3135375976562,419.013671875,41.1566162109375
2025-01-06,586.8469848632812,521.2359008789062,418.9842529296875,41.303077697753906
2025-01-07,580.2133178710938,511.9348449707031,417.218505859375,41.01014709472656
2025-01-08,581.0609130859375,512.0243530273438,418.0032958984375,40.81486129760742
2025-01-10,572.189697265625,503.9952087402344,411.33294677734375,40.1215934753418
2025-01-13,573.0768432617188,502.37548828125,414.8937683105469,39.84819793701172
2025-01-14,573.8653564453125,501.89849853515625,417.0419921875,40.2973518371582
2025-01-15,584.303955078125,513.4453125,423.99676513671875,40.82462692260742
2025-01-16,583.1802368164062,509.84814453125,423.3296813964844,40.77580261230469
2025-01-17,589.0353393554688,518.45361328125,426.58966064453125,41.098026275634766
2025-01-21,594.4270629882812,521.4942626953125,431.8690185546875,41.53742218017578
2025-01-22,597.7686767578125,528.1619873046875,433.02691650390625,41.56671142578125
2025-01-23,601.0313110351562,529.2848510742188,437.0502624511719,41.66435241699219
2025-01-24,599.2767944335938,526.2938842773438,435.81378173828125,41.93775939941406
2025-01-27,590.7996826171875,510.9710388183594,438.75775146484375,41.17613983154297
2025-01-28,595.8760986328125,518.5231323242188,440.0235595703125,41.47883605957031
2025-01-29,593.2047729492188,517.54931640625,438.8165283203125,41.48860168457031
2025-01-30,596.3886108398438,519.75537109375,440.4258728027344,42.191627502441406
2025-01-31,593.2146606445312,519.0000610351562,437.06011962890625,41.71317672729492
2025-02-03,589.2225952148438,514.8463745117188,435.96099853515625,41.410484313964844
2025-02-04,593.17529296875,521.1663208007812,437.19744873046875,42.15257263183594
2025-02-05,595.580322265625,523.5313720703125,440.2787170410156,42.045166015625
2025-02-06,597.6503295898438,526.2639770507812,438.9932556152344,42.220924377441406
2025-02-07,592.1796875,519.6260986328125,434.83251953125,42.18186569213867
2025-02-10,596.2012939453125,525.916259765625,436.46142578125,42.689613342285156
2025-02-11,596.65478515625,524.6642456054688,437.7666015625,42.523616790771484
2025-02-12,594.7325439453125,524.9722290039062,435.3330078125,42.75796127319336
2025-02-13,601.0115356445312,532.5244140625,438.8951416015625,43.0313606262207
2025-02-14,600.9819946289062,534.7601928710938,437.45257568359375,43.36334991455078
2025-02-18,602.746337890625,535.9725341796875,437.5801696777344,43.636749267578125
2025-02-19,604.165771484375,536.12158203125,438.3161926269531,43.568397521972656
2025-02-20,601.6522216796875,533.845947265625,434.1162414550781,43.96873474121094
2025-02-21,591.361572265625,522.7662353515625,426.6658630371094,43.84180450439453
2025-02-24,588.6707153320312,516.5953369140625,427.03936767578125,43.16806411743164
2025-02-25,585.7430419921875,510.08660888671875,428.6117248535156,43.197357177734375
2025-02-26,586.0387573242188,511.3187255859375,426.8525695800781,43.626983642578125
2025-02-27,576.6844482421875,497.1187744140625,424.8969421386719,42.77749252319336
2025-02-28,585.6838989257812,504.96905517578125,430.8131103515625,42.191627502441406
2025-03-03,575.4227294921875,493.9190673828125,424.6413879394531,41.82059097290039
2025-03-04,568.611572265625,492.42852783203125,418.2337951660156,42.17210006713867
2025-03-05,574.722900390625,498.84783935546875,423.04925537109375,43.431697845458984
2025-03-06,564.5209350585938,485.12481689453125,418.5580749511719,43.158302307128906
2025-03-07,567.6849975585938,488.6922302246094,420.8773193359375,43.373111724853516
2025-03-10,552.5643920898438,469.7522888183594,412.25860595703125,42.33809280395508
2025-03-11,547.9708862304688,468.62939453125,407.5904846191406,42.689613342285156
2025-03-12,550.8788452148438,473.9159240722656,406.8140869140625,42.923954010009766
2025-03-13,543.5353393554688,465.38995361328125,401.7331848144531,42.74819564819336
2025-03-14,554.7625732421875,476.638671875,408.1997985839844,43.52934265136719
2025-03-17,559.0404052734375,479.72900390625,411.9833984375,44.27143096923828
2025-03-18,552.9981079101562,471.5509033203125,409.3495788574219,44.046852111816406
2025-03-19,559.0206909179688,477.86090087890625,413.17254638671875,44.154258728027344
2025-03-20,557.4041137695312,476.2411804199219,412.8777160644531,43.74415969848633
2025-03-21,557.5880126953125,477.8111877441406,413.1741027832031,43.52934265136719
2025-03-24,567.5736083984375,488.29644775390625,418.9538879394531,43.72462463378906
2025-03-25,568.93798828125,491.0829162597656,419.27886962890625,43.597694396972656
2025-03-26,562.1458129882812,482.04669189453125,417.7132873535156,43.33405685424805
2025-03-27,560.6529541015625,479.29998779296875,416.443115234375,43.54887008666992
2025-03-28,549.3623657226562,466.68109130859375,409.2355041503906,42.738433837890625
2025-03-31,553.0501098632812,466.6611633300781,413.4300842285156,42.670082092285156
2025-04-01,554.6121826171875,470.4229736328125,413.1445617675781,42.80678176879883
2025-04-02,558.1219482421875,473.8562927246094,415.5470886230469,42.8653678894043
2025-04-03,530.6173095703125,448.4891357421875,398.99530029296875,41.95729064941406
2025-04-04,499.5533447265625,420.6339416503906,377.3332214355469,39.62361526489258
2025-04-07,498.6635437011719,421.6490478515625,373.73931884765625,38.149200439453125
2025-04-08,490.8531188964844,414.0557861328125,370.6968078613281,37.61216354370117
2025-04-09,542.4021606445312,463.7552185058594,399.842041015625,40.219234466552734
2025-04-10,518.6346435546875,444.0306701660156,389.60186767578125,39.525970458984375
2025-04-11,527.8884887695312,452.2110900878906,395.73614501953125,40.76604080200195
2025-04-14,533.0098266601562,455.2762756347656,399.1922302246094,41.1370849609375
2025-04-15,531.5169067382812,455.7838134765625,397.50848388671875,41.098026275634766
2025-04-16,519.7022705078125,442.04034423828125,390.6750793457031,40.61957550048828
2025-04-17,520.44384765625,441.9607238769531,385.5395812988281,40.932029724121094
2025-04-21,508.0558776855469,431.0236511230469,375.9444274902344,40.92226791381836
2025-04-22,521.2743530273438,442.33892822265625,386.04205322265625,41.53742218017578
2025-04-23,529.3516845703125,452.370361328125,390.02197265625,42.015872955322266
2025-04-24,540.4940185546875,465.0987548828125,395.0166015625,42.50408935546875
2025-04-25,544.3992919921875,470.28363037109375,395.0559387207031,42.42597198486328
2025-04-28,544.6068115234375,470.1343688964844,396.28741455078125,42.50408935546875
2025-04-29,548.0375366210938,473.23931884765625,399.18359375,42.62126159667969
2025-04-30,548.2550659179688,473.1795959472656,400.29681396484375,42.728668212890625
2025-05-01,552.1404418945312,479.35968017578125,401.3607482910156,42.718902587890625
2025-05-02,560.3365478515625,486.4752197265625,406.8971862792969,43.93944549560547
2025-05-05,557.1234130859375,483.5892333984375,406.12884521484375,44.27143096923828
2025-05-06,552.4667358398438,479.09100341796875,402.1685791015625,44.095672607421875
2025-05-07,554.7901611328125,480.97186279296875,404.936767578125,43.587928771972656
2025-05-08,558.6558227539062,485.9378662109375,407.7247009277344,43.55863571166992
2025-05-09,557.9439697265625,485.6194152832031,406.28643798828125,43.851566314697266
2025-05-12,576.382568359375,505.40362548828125,417.9207763671875,44.7987060546875
2025-05-13,580.18896484375,513.1063232421875,415.2412109375,44.87681579589844
2025-05-14,580.9304809570312,516.1814575195312,414.2954406738281,45.218570709228516
2025-05-15,583.7680053710938,516.7486572265625,417.18194580078125,45.19904327392578
2025-05-16,587.4655151367188,518.9978637695312,420.5260009765625,45.16974639892578
2025-05-19,588.108154296875,519.4954223632812,421.9950256347656,45.267391204833984
2025-05-20,586.1307983398438,517.7638549804688,420.9401550292969,45.218570709228516
2025-05-21,576.2540893554688,510.56866455078125,412.8361511230469,45.10139846801758
2025-05-22,576.4815063476562,511.5240783691406,412.9051818847656,44.954933166503906
2025-05-23,572.5465087890625,506.78692626953125,410.4503173828125,45.14045715332031
2025-05-27,584.4500732421875,518.709228515625,417.8641662597656,45.03304672241211
2025-05-28,581.0689086914062,516.4102783203125,415.46844482421875,44.82799530029297
2025-05-29,583.362548828125,517.4254150390625,416.4937438964844,44.99399185180664
2025-05-30,582.7100830078125,516.609375,416.8782958984375,44.44718933105469
2025-06-02,585.992431640625,520.689697265625,417.72613525390625,44.7694091796875
2025-06-03,589.3341064453125,524.7598876953125,419.99365234375,44.87681579589844
2025-06-04,589.1759643554688,526.222900390625,418.93878173828125,45.43338394165039
2025-06-05,586.3285522460938,522.2620239257812,417.9825134277344,45.667728424072266
2025-06-06,592.349609375,527.3672485351562,422.3302001953125,45.81419372558594
2025-06-09,592.8834228515625,528.1435546875,422.3104248046875,46.20476531982422
2025-06-10,596.2449951171875,531.63671875,423.5428161621094,46.46840286254883
2025-06-11,594.5443725585938,529.8452758789062,423.532958984375,46.663692474365234
2025-06-12,596.9073486328125,531.0892944335938,424.4104309082031,46.74180221557617
2025-06-13,590.23388671875,524.4215698242188,416.83880615234375,45.999717712402344
2025-06-16,595.8494262695312,531.7162475585938,420.25982666015625,46.56364440917969
2025-06-17,590.7578125,526.5313720703125,417.13458251953125,45.952392578125
2025-06-18,590.6688232421875,526.4417114257812,416.8684387207031,45.94253158569336
2025-06-20,589.2816162109375,524.292236328125,416.9860534667969,45.67634582519531
2025-06-23,595.1021728515625,529.6832275390625,420.9012145996094,46.05097961425781
2025-06-24,601.676513671875,537.783203125,425.9138488769531,47.2439079284668
2025-06-25,602.0135498046875,539.157958984375,424.9943542480469,47.28334426879883
2025-06-26,606.7236328125,544.1992797851562,429.0183410644531,47.59883117675781
2025-06-27,609.7380981445312,546.0623779296875,433.042236328125,47.4115104675293
2025-06-30,612.6533203125,549.5992431640625,435.6622314453125,47.55939865112305
2025-07-01,612.455078125,544.9664306640625,439.8542785644531,47.648128509521484
2025-07-02,615.2315063476562,548.7623291015625,439.6763000488281,47.85516357421875
2025-07-03,620.0803833007812,554.1622924804688,443.0180358886719,48.07205581665039
2025-07-07,615.4595336914062,549.9878540039062,438.97430419921875,47.39179229736328
2025-07-08,615.1224365234375,550.2966918945312,437.3727111816406,47.68756103515625
2025-07-09,618.8110961914062,554.1921997070312,439.4884033203125,47.60869216918945
2025-07-10,620.5563354492188,553.3952026367188,441.4460754394531,47.736854553222656
2025-07-11,618.3748168945312,552.1497802734375,438.5492248535156,47.5791130065918
2025-07-14,619.5548095703125,554.1524047851562,439.54779052734375,47.648128509521484
2025-07-15,616.9072875976562,554.660400390625,435.16790771484375,47.993186950683594
2025-07-16,618.9697265625,555.2283325195312,437.3529052734375,48.21994400024414
2025-07-17,622.7576293945312,559.7216186523438,440.1805419921875,48.49599075317383
2025-07-18,622.301513671875,559.1836547851562,438.42095947265625,48.38754653930664
2025-07-21,623.4815063476562,562.0828857421875,438.5990295410156,48.70302963256836
2025-07-22,623.5706787109375,559.1737060546875,440.1023864746094,48.73260498046875
2025-07-23,628.8757934570312,561.7242431640625,445.2950744628906,49.22555160522461
2025-07-24,629.083984375,562.9197387695312,442.2289123535156,48.9593620300293
2025-07-25,631.741455078125,564.2747192382812,444.1180725097656,48.81147384643555
2025-07-28,631.582763671875,566.0382690429688,443.4454650878906,48.48613357543945
2025-07-29,629.9169311523438,565.1614990234375,441.60577392578125,48.50585174560547
2025-07-30,629.1236572265625,565.9186401367188,439.90460205078125,48.15092849731445
2025-07-31,626.763671875,562.9197387695312,436.5119934082031,47.874881744384766
2025-08-01,616.4907836914062,551.8309936523438,430.9632873535156,47.519962310791016
2025-08-04,625.8612670898438,562.0131225585938,436.98681640625,48.01290512084961
2025-08-05,622.6881713867188,558.1973266601562,436.3240966796875,48.15092849731445
2025-08-06,627.4578247070312,565.2212524414062,437.1450500488281,48.377685546875
2025-08-07,626.9322509765625,567.1340942382812,434.9195556640625,48.781898498535156
2025-08-08,631.82080078125,572.4244995117188,437.0955505371094,48.742462158203125
2025-08-11,630.5712890625,570.730712890625,435.2064208984375,48.60443878173828
2025-08-12,637.284423828125,577.9041137695312,439.8254699707031,49.19597625732422
2025-08-13,639.4659423828125,578.193115234375,444.513671875,49.78750991821289
2025-08-14,639.5254516601562,577.7447509765625,444.2565002441406,49.1762580871582
2025-08-15,638.0281372070312,575.2042236328125,444.8859558105469,49.235408782958984
2025-08-18,637.8892822265625,574.9750366210938,444.4109191894531,49.52132034301758
2025-08-19,634.4286499023438,567.1740112304688,444.64849853515625,49.117103576660156
2025-08-20,632.7429809570312,563.8065185546875,444.71771240234375,49.048091888427734
2025-08-21,630.2044677734375,561.1962280273438,443.3223571777344,48.93964385986328
2025-08-22,639.88232421875,569.85400390625,451.92254638671875,49.91567611694336
2025-08-25,637.0662231445312,568.210205078125,448.389404296875,49.62976837158203
2025-08-26,639.733642578125,570.4915771484375,449.794677734375,49.50160217285156
2025-08-27,641.1912841796875,571.368408203125,451.3188171386719,49.205833435058594
2025-08-28,643.4620361328125,574.9451293945312,452.0710144042969,49.393150329589844
2025-08-29,639.6245727539062,568.2898559570312,451.378173828125,49.15653991699219
2025-09-02,634.884765625,563.527587890625,448.923828125,49.117103576660156
2025-09-03,638.3255615234375,567.9610595703125,448.57745361328125,49.304420471191406
2025-09-04,643.6603393554688,573.1019287109375,452.32830810546875,49.14667892456055
2025-09-05,641.7960815429688,573.9288940429688,450.2895812988281,49.738216400146484
2025-09-08,643.372802734375,576.728515625,451.4870910644531,50.19172668457031
2025-09-09,644.8601684570312,578.3624267578125,453.27838134765625,50.4677734375
2025-09-10,646.724365234375,578.5517578125,451.2198486328125,50.81283950805664
2025-09-11,652.0987548828125,581.9192504882812,457.14794921875,51.5522575378418
2025-09-12,651.8805541992188,584.4896850585938,454.5748596191406,51.52267837524414
2025-09-15,655.3511352539062,589.4910888671875,455.3171081542969,51.897315979003906
2025-09-16,654.4488525390625,588.992919921875,454.0403747558594,52.28181457519531
2025-09-17,653.6357421875,587.8173217773438,456.49481201171875,52.508567810058594
2025-09-18,656.6898193359375,593.11767578125,457.8506774902344,52.38040542602539
2025-09-19,659.9423217773438,597.1326904296875,459.4664306640625,52.2620964050293
2025-09-22,663.0645751953125,600.667724609375,460.1909484863281,52.518428802490234
2025-09-23,659.4551391601562,596.6779174804688,459.3969421386719,52.548004150390625
2025-09-24,657.3569946289062,594.583251953125,457.560791015625,52.37054443359375
2025-09-25,654.3242797851562,592.0198364257812,455.9827575683594,52.064918518066406
2025-09-26,658.072998046875,594.4535522460938,458.8113708496094,51.96632766723633
2025-09-29,659.9224243164062,597.20654296875,459.565673828125,52.43955612182617
2025-09-30,662.4082641601562,598.8424072265625,460.2603759765625,52.6465950012207
2025-10-01,664.6654052734375,601.7150268554688,460.7765197753906,53.0606689453125
2025-10-02,665.4309692382812,604.188720703125,461.6200866699219,53.3071403503418
2025-10-03,665.421142578125,601.645263671875,464.00213623046875,53.464881896972656
2025-10-06,667.8074951171875,606.1636962890625,463.3371887207031,53.71135711669922
2025-10-07,665.3316040039062,602.9718627929688,462.47369384765625,53.29728317260742
2025-10-08,669.2990112304688,609.8842163085938,462.5729675292969,53.72121810913086
2025-10-09,667.3600463867188,609.1461181640625,460.022216796875,53.16911697387695
2025-10-10,649.32275390625,588.0000610351562,451.45697021484375,51.207191467285156
2025-10-13,659.2860107421875,600.4782104492188,457.2233581542969,52.69588851928711
2025-10-14,658.4805908203125,596.4784545898438,459.2381591796875,52.22266387939453
2025-10-15,661.4039306640625,600.6876831054688,459.2381591796875,53.080387115478516
2025-10-16,656.8995971679688,598.46337890625,456.11175537109375,53.425445556640625
2025-10-17,660.62841796875,602.393310546875,458.46978759765625,53.41558837890625
2025-10-20,667.499267578125,609.9839477539062,463.6722106933594,54.14514923095703
2025-10-21,667.4893188476562,609.8244018554688,465.8564453125,53.543758392333984
2025-10-22,664.0191040039062,603.9493408203125,462.44110107421875,53.49446105957031
2025-10-23,667.9566650390625,609.0264282226562,463.9402770996094,53.967689514160156
2025-10-24,673.4155883789062,615.52978515625,468.82501220703125,54.322608947753906
2025-10-27,681.3603515625,626.4918823242188,471.9425048828125,54.92400360107422
2025-10-28,683.1700439453125,631.3095703125,473.72955322265625,54.9042854309082
2025-10-29,683.4982299804688,634.15234375,472.9551696777344,55.21976852416992
2025-10-30,675.9810180664062,624.45703125,471.6049499511719,54.647953033447266
2025-10-31,678.1983032226562,627.4694213867188,472.2602233886719,54.5197868347168
2025-11-03,679.4711303710938,630.4716796875,470.0759582519531,54.86485290527344
2025-11-04,671.4169921875,617.67431640625,467.5244140625,53.8592414855957
2025-11-05,673.7437133789062,621.6941528320312,469.7185363769531,54.34232711791992
2025-11-06,666.514892578125,610.1136474609375,465.9160461425781,53.9381103515625
2025-11-07,667.1710815429688,608.1885375976562,466.4918518066406,53.78036880493164
2025-11-10,677.5818481445312,621.6442260742188,470.4234619140625,54.72682189941406
2025-11-11,679.1329956054688,619.9884643554688,475.973388671875,54.78597640991211
2025-11-12,679.5109252929688,619.4996948242188,479.2994079589844,54.79583740234375
2025-11-13,668.235107421875,606.8519897460938,471.33685302734375,54.15501022338867
2025-11-14,668.1256713867188,607.310791015625,468.41790771484375,54.18458557128906
2025-11-17,661.901123046875,602.1240234375,462.97723388671875,53.543758392333984
2025-11-18,656.3427734375,594.7926635742188,457.9931945800781,53.277565002441406
2025-11-19,658.8783569335938,598.3436279296875,458.44989013671875,53.09024429321289
2025-11-20,648.8355712890625,584.1797485351562,454.816162109375,52.360687255859375
2025-11-21,655.2987670898438,588.568603515625,459.832275390625,52.350826263427734
2025-11-24,664.9437866210938,603.6201782226562,461.6911926269531,52.90292739868164
2025-11-25,671.1982421875,607.3407592773438,468.39129638671875,53.09024429321289
2025-11-26,675.8318481445312,612.70703125,471.5425720214844,53.47474670410156
2025-11-28,679.5208129882812,617.67431640625,474.3558349609375,53.55361557006836
2025-12-01,676.41845703125,615.599609375,470.5186767578125,53.51417922973633
2025-12-02,677.67138671875,620.4172973632812,472.44720458984375,53.533897399902344
2025-12-03,680.0180053710938,621.9334716796875,476.5726318359375,53.573333740234375
2025-12-04,680.51513671875,621.35498046875,476.2346496582031,53.5634765625
2025-12-05,681.8078002929688,623.8884887695312,477.1889343261719,53.967689514160156
2025-12-08,679.7594604492188,622.6915283203125,475.320068359375,53.84938049316406
2025-12-09,679.1727905273438,623.4595336914062,473.6003112792969,53.760650634765625
2025-12-10,683.6771850585938,626.0130615234375,478.50115966796875,54.36204528808594
2025-12-11,685.26806640625,623.98828125,484.9825439453125,54.105712890625
2025-12-12,677.9000854492188,612.0586547851562,482.5271911621094,53.47474670410156
2025-12-15,676.8758544921875,608.9865112304688,482.29852294921875,53.31700134277344
2025-12-16,675.0264282226562,610.1934204101562,479.1274108886719,52.97999954223633
2025-12-17,667.5986938476562,598.8822631835938,476.9602966308594,52.599998474121094
2025-12-18,672.6399536132812,607.5601196289062,477.6661376953125,53.20000076293945
2025-12-19,678.7363891601562,615.47998046875,479.34381103515625,53.720001220703125
2025-12-22,682.96484375,618.4302368164062,481.6451416015625,54.0099983215332
2025-12-23,686.0863037109375,621.3265380859375,482.4122314453125,54.310001373291016
2025-12-24,688.4996948242188,623.144287109375,485.18182373046875,54.41999816894531
2025-12-26,688.4298706054688,623.1043090820312,485.20172119140625,54.79999923706055
2025-12-29,685.9765625,620.088134765625,482.7708740234375,54.65999984741211
2025-12-30,685.138916015625,618.64990234375,481.7746276855469,54.880001068115234
2025-12-31,680.062744140625,613.536376953125,478.7659912109375,54.709999084472656
