Date,AAPL,AMZN,BBAR,BMA,DIA,EEM,GGAL,GOOGL,MSFT,NVDA,PAM,QQQ,SPY,YPF
2020-01-02,"72,40052795410156","94,90049743652344","4,03918981552124","26,840227127075195","257,6072082519531","40,087059020996094","12,645084381103516","67,8730239868164","152,1583709716797","5,9707536697387695","15,84000015258789","208,3175506591797","296,88818359375","11,260000228881836"
2020-01-03,"71,69662475585938","93,74849700927734","3,8784990310668945","26,102046966552734","255,5544891357422","39,34276580810547","12,175034523010254","67,5179672241211","150,2637939453125","5,875187873840332","15,5","206,40936279296875","294,6401062011719","11,15999984741211"
2020-01-06,"72,26793670654297","95,14399719238281","3,9515397548675537","26,448993682861328","256,1435241699219","39,24644088745117","12,306032180786133","69,31758880615234","150,65216064453125","5,899824142456055","15,350000381469727","207,7393035888672","295,7641296386719","11,140000343322754"
2020-01-07,"71,92806243896484","95,34300231933594","4,002668380737305","26,057754516601562","255,03675842285156","39,22018051147461","12,228976249694824","69,18370056152344","149,278564453125","5,971251487731934","15,260000228881836","207,71038818359375","294,9324645996094","10,90999984741211"
2020-01-08,"73,08509826660156","94,59850311279297","4,061102390289307","26,434232711791992","256,518310546875","39,44783401489258","12,35997486114502","69,6761245727539","151,6563262939453","5,98245096206665","14,949999809265137","209,27163696289062","296,50439453125","10,979999542236328"
2020-01-09,"74,63749694824219","95,05249786376953","4,214488983154297","27,19455337524414","258,4462890625","39,710533142089844","12,8300199508667","70,40757751464844","153,55096435546875","6,048153877258301","15,329999923706055","211,04489135742188","298,5148620605469","10,989999771118164"
2020-01-10,"74,80622100830078","94,15799713134766","4,199880123138428","26,714736938476562","257,2680969238281","39,92068862915039","12,614261627197266","70,86233520507812","152,84048461914062","6,080509185791016","15,0600004196167","210,5051727294922","297,6558532714844","10,65999984741211"
2020-01-13,"76,40438842773438","94,56500244140625","4,03918981552124","25,49673843383789","257,9643859863281","40,54240036010742","12,036332130432129","71,41129302978516","154,6782684326172","6,271146297454834","14,390000343322754","212,93377685546875","299,7029113769531","10,649999618530273"
2020-01-14,"75,37269592285156","93,47200012207031","3,907715082168579","24,83976173400879","258,14276123046875","40,314727783203125","11,920744895935059","70,94315338134766","153,58885192871094","6,154175281524658","14,369999885559082","212,09532165527344","299,24603271484375","10,640000343322754"
2020-01-15,"75,0496826171875","93,10099792480469","3,725111722946167","23,643905639648438","259,1514892578125","39,99949645996094","11,427579879760742","71,37012481689453","154,5835418701172","6,111617565155029","13,979999542236328","212,1820831298828","299,9222106933594","10,380000114440918"
2020-01-16,"75,98981475830078","93,89700317382812","3,8492817878723145","24,286123275756836","261,4542236328125","40,25343704223633","11,75892448425293","71,91364288330078","157,416015625","6,195240497589111","14,199999809265137","214,21551513671875","302,4170837402344","10,350000381469727"
2020-01-17,"76,83108520507812","93,23600006103516","3,973452568054199","24,396848678588867","261,8810119628906","40,48109817504883","12,020920753479004","73,36959838867188","158,2970428466797","6,203950881958008","14,949999809265137","215,2755889892578","303,3583984375","10,319999694824219"
2020-01-21,"76,31041717529297","94,5999984741211","3,776240587234497","23,953943252563477","260,5951232910156","39,456600189208984","11,620223045349121","73,5049819946289","157,72862243652344","6,170602321624756","14,270000457763672","215,17921447753906","302,7643737792969","9,819999694824219"
2020-01-22,"76,58280944824219","94,37300109863281","3,8784990310668945","24,33041763305664","260,5773010253906","39,78059005737305","11,535462379455566","73,5853271484375","156,9707489013672","6,224606990814209","14,579999923706055","215,747802734375","302,8008728027344","9,949999809265137"
2020-01-23,"76,95159912109375","94,22899627685547","3,549812078475952","23,392927169799805","260,336181640625","39,36903381347656","11,211819648742676","73,6259765625","157,93707275390625","6,293046474456787","13,899999618530273","216,44171142578125","303,1481628417969","9,760000228881836"
2020-01-24,"76,7298583984375","93,08200073242188","3,3599042892456055","22,35947608947754","258,782470703125","39,05379867553711","10,780302047729492","72,70758056640625","156,34555053710938","6,2338151931762695","13,199999809265137","214,62026977539062","300,4522399902344","9,65999984741211"
2020-01-27,"74,47359466552734","91,41699981689453","3,2357335090637207","21,95347785949707","254,81771850585938","37,705299377441406","10,595361709594727","70,99969482421875","153,73095703125","5,977972984313965","13,279999732971191","210,1872100830078","295,6361389160156","9,369999885559082"
2020-01-28,"76,58038330078125","92,6624984741211","3,3745126724243164","23,14194679260254","256,5412292480469","38,020538330078125","11,134760856628418","71,93050384521484","156,743408203125","6,1713480949401855","13,630000114440918","213,41563415527344","298,734130859375","9,420000076293945"
2020-01-29,"78,18339538574219","92,9000015258789","3,316080093383789","22,8466739654541","256,5412292480469","38,20441818237305","11,10394287109375","72,23796081542969","159,18748474121094","6,110870838165283","13,479999542236328","213,7625732421875","298,4874572753906","9,579999923706055"
2020-01-30,"78,07010650634766","93,53399658203125","3,4548580646514893","23,370786666870117","257,6573791503906","37,635257720947266","11,435285568237305","72,116455078125","163,67782592773438","6,117589950561523","13,65999984741211","214,5238800048828","299,4560852050781","9,609999656677246"
2020-01-31,"74,60859680175781","100,43599700927734","3,418337345123291","22,639984130859375","252,1924285888672","36,87343978881836","11,057705879211426","71,05176544189453","161,26214599609375","5,884145259857178","13,170000076293945","211,1219940185547","294,0186462402344","9,390000343322754"
2020-02-03,"74,40367126464844","100,20999908447266","3,579029083251953","24,45590591430664","253,5852813720703","37,285003662109375","11,704988479614258","73,5223388671875","165,1934814453125","5,981207370758057","14,350000381469727","214,31185913085938","296,20269775390625","9,680000305175781"
2020-02-04,"76,86001586914062","102,4834976196289","3,2941675186157227","23,65867042541504","257,2108154296875","38,24821090698242","11,404462814331055","71,67808532714844","170,63111877441406","6,150442600250244","13,520000457763672","219,2172088623047","300,7172546386719","9,699999809265137"
2020-02-05,"77,48676300048828","101,99349975585938","3,4621617794036865","23,968708038330078","261,51495361328125","38,46711730957031","11,350521087646484","71,7098159790039","170,42269897460938","6,240783214569092","13,640000343322754","219,9400177001953","304,19000244140625","9,850000381469727"
2020-02-06,"78,39311218261719","102,5114974975586","3,5205960273742676","23,961320877075195","262,3007507324219","38,50214385986328","11,404462814331055","73,19355773925781","173,9562225341797","6,327641010284424","13,819999694824219","221,83851623535156","305,2134704589844","9,850000381469727"
2020-02-07,"77,32752990722656","103,96399688720703","3,615549325942993","24,596160888671875","260,023681640625","37,96799850463867","11,543169021606445","73,34925842285156","174,20249938964844","6,261438369750977","14,029999732971191","220,88441467285156","303,5869140625","9,859999656677246"
2020-02-10,"77,69481658935547","106,69550323486328","3,6228530406951904","24,426380157470703","261,5953369140625","38,17814636230469","11,550871849060059","74,81465911865234","178,7591094970703","6,5446600914001465","13,800000190734863","223,5539093017578","305,85321044921875","9,899999618530273"
2020-02-11,"77,2260513305664","107,54000091552734","3,513291120529175","23,4888916015625","261,58642578125","38,67727279663086","11,29658317565918","74,88407897949219","174,72352600097656","6,667106628417969","13,430000305175781","223,59249877929688","306,3832702636719","9,5600004196167"
2020-02-12,"79,05998992919922","108,0","3,440249443054199","24,160634994506836","264,06878662109375","39,202659606933594","11,41217041015625","75,30907440185547","174,9793243408203","6,782832622528076","13,460000038146973","225,7705078125","308,3572082519531","9,430000305175781"
2020-02-13,"78,49700164794922","107,49349975585938","3,169996738433838","22,9721622467041","263,2652587890625","38,68602752685547","10,464366912841797","75,04922485351562","174,03201293945312","6,739030361175537","12,869999885559082","225,4813995361328","308,02825927734375","9,210000038146973"
2020-02-14,"78,5163345336914","106,74349975585938","3,1992132663726807","23,023836135864258","263,0151672363281","38,70354080200195","10,62618637084961","75,31402587890625","175,58560180664062","7,212141036987305","12,800000190734863","226,1270751953125","308,521728515625","9,479999542236328"
2020-02-18,"77,07865905761719","107,78350067138672","3,1919093132019043","23,07550811767578","261,5953369140625","38,44960403442383","10,55683422088623","75,34923553466797","177,36656188964844","7,380878448486328","12,800000190734863","226,21380615234375","307,7267150878906","9,479999542236328"
2020-02-19,"78,19500732421875","108,51100158691406","3,2284302711486816","24,21230697631836","262,62225341796875","38,72980880737305","10,857356071472168","75,61852264404297","177,89849853515625","7,832088947296143","12,90999984741211","228,3821563720703","309,1980285644531","9,649999618530273"
2020-02-20,"77,39276885986328","107,65499877929688","3,3306877613067627","25,02430534362793","261,4434509277344","38,125614166259766","11,026884078979492","75,22774505615234","175,18179321289062","7,682765007019043","13,210000038146973","226,26202392578125","307,92767333984375","9,699999809265137"
2020-02-21,"75,6409912109375","104,79850006103516","3,3452961444854736","25,275287628173828","259,4413146972656","37,90670394897461","11,1655855178833","73,56497955322266","169,64378356933594","7,318659782409668","13,25","221,91561889648438","304,7566223144531","9,59000015258789"
2020-02-24,"72,04800415039062","100,4645004272461","3,2649500370025635","24,278743743896484","250,3258056640625","36,4881591796875","10,74947738647461","70,41106414794922","162,32952880859375","6,801249027252197","12,890000343322754","213,35780334472656","294,64923095703125","9,119999885559082"
2020-02-25,"69,60759735107422","98,63700103759766","3,096954822540283","23,34125518798828","242,39236450195312","36,19919204711914","10,210077285766602","68,747802734375","159,65081787109375","6,521762371063232","12,470000267028809","207,5562286376953","285,7206726074219","8,5"
2020-02-26,"70,71180725097656","98,97949981689453","3,1261720657348633","23,481510162353516","241,5327911376953","36,4881591796875","10,248605728149414","68,95359802246094","161,64564514160156","6,661132335662842","12,180000305175781","208,6259002685547","284,66973876953125","8,569999694824219"
2020-02-27,"66,08953857421875","94,21499633789062","3,075043201446533","21,99776840209961","230,57278442382812","35,612510681152344","10,04055118560791","65,20855712890625","150,2562255859375","6,290337085723877","11,880000114440918","198,17926025390625","271,88470458984375","8,199999809265137"
2020-02-28,"66,05085754394531","94,1875","2,943568468093872","21,392459869384766","227,94021606445312","35,48116683959961","9,740028381347656","66,41358184814453","153,8943634033203","6,725381851196289","11,850000381469727","198,3334197998047","270,7424621582031","7,989999771118164"
2020-03-02,"72,20023345947266","97,69750213623047","3,089651346206665","22,24874496459961","239,10617065429688","36,251731872558594","10,079081535339355","68,747802734375","164,1343994140625","6,883759021759033","13,40999984741211","208,568115234375","282,46734619140625","8,039999961853027"
2020-03-03,"69,9072036743164","95,44950103759766","3,045825958251953","22,130638122558594","232,1845703125","36,00654983520508","9,986613273620605","66,33771514892578","156,26910400390625","6,621290683746338","13,430000305175781","201,87989807128906","274,3796081542969","8,100000381469727"
2020-03-04,"73,14981842041016","98,79149627685547","3,2649500370025635","23,14932632446289","242,5625","36,64577102661133","10,456657409667969","68,51373291015625","162,00657653808594","7,084970951080322","14,399999618530273","210,3028106689453","285,91259765625","8,239999771118164"
2020-03-05,"70,7770767211914","96,20149993896484","3,2138218879699707","22,676889419555664","234,11859130859375","35,875205993652344","10,16384220123291","65,19912719726562","157,94097900390625","6,805566310882568","13,829999923706055","203,9133758544922","276,4083557128906","7,75"
2020-03-06,"69,83712768554688","95,05449676513672","2,9800894260406494","20,875732421875","231,7815704345703","35,13966751098633","9,416388511657715","64,25592041015625","153,4763946533203","6,62502384185791","13,430000305175781","200,47291564941406","271,83905029296875","7,300000190734863"
2020-03-09,"64,3135757446289","90,03050231933594","2,468799591064453","16,90432357788086","213,75662231445312","32,74039077758789","7,674892902374268","60,291194915771484","143,074951171875","6,112036228179932","11,069999694824219","186,54710388183594","250,60997009277344","5,260000228881836"
2020-03-10,"68,94551849365234","94,59100341796875","2,7974853515625","19,037668228149414","224,27792358398438","34,40412139892578","8,522523880004883","63,23585891723633","152,85894775390625","6,501508712768555","11,819999694824219","196,70472717285156","263,5777282714844","6,079999923706055"
2020-03-11,"66,55101776123047","91,04299926757812","2,3957579135894775","17,56130599975586","211,1777801513672","32,80168914794922","7,829009532928467","60,0486946105957","145,93414306640625","6,1376848220825195","11,0","188,13729858398438","250,728759765625","5,409999847412109"
2020-03-12,"59,978797912597656","83,83049774169922","1,8990763425827026","14,645495414733887","189,92921447753906","29,51801872253418","6,727089881896973","55,12191390991211","132,09400939941406","5,386630058288574","10,09000015258789","170,88671875","226,73971557617188","4,650000095367432"
2020-03-13,"67,16474914550781","89,25","2,125505208969116","15,752763748168945","207,83778381347656","31,645841598510742","7,096967697143555","60,215816497802734","150,87364196777344","5,9974846839904785","10,34000015258789","185,3617401123047","246,1228485107422","4,5"
2020-03-16,"58,52421569824219","84,4574966430664","1,9355971813201904","12,822187423706055","181,31521606445312","27,696672439575195","5,501882076263428","53,21021270751953","128,6363525390625","4,890824317932129","9,479999542236328","163,15768432617188","219,191162109375","3,819999933242798"
2020-03-17,"61,097530364990234","90,39199829101562","2,0670714378356934","14,261639595031738","191,14698791503906","29,605587005615234","5,887167930603027","55,44474792480469","139,22784423828125","5,4105353355407715","10,699999809265137","175,53184509277344","231,02577209472656","3,509999990463257"
2020-03-18,"59,60185241699219","91,5","1,8041226863861084","11,973280906677246","178,5393524169922","27,048696517944336","4,68507719039917","54,112266540527344","133,3668670654297","5,050698280334473","9,819999694824219","170,19284057617188","219,3282470703125","2,569999933242798"
2020-03-19,"59,14520263671875","94,04650115966797","1,6580400466918945","11,19080924987793","180,2586212158203","27,258852005004883","4,700488090515137","55,127864837646484","135,56117248535156","5,303456783294678","9,130000114440918","171,21435546875","219,79429626464844","3,049999952316284"
2020-03-20,"55,39032745361328","92,30449676513672","1,752994179725647","12,076626777648926","172,34799194335938","27,460248947143555","5,247593879699707","52,972679138183594","130,46966552734375","5,123660564422607","9,369999885559082","164,50685119628906","210,3224334716797","3,5"
2020-03-23,"54,213600158691406","95,1415023803711","1,7091686725616455","11,286772727966309","167,166015625","26,80351448059082","4,970188617706299","52,27445602416992","129,16830444335938","5,296483993530273","9,020000457763672","164,62564086914062","204,94488525390625","3,4000000953674316"
2020-03-24,"59,65260696411133","97,00499725341797","1,8698596954345703","12,416187286376953","185,58627319335938","28,8175048828125","5,602056980133057","56,037353515625","140,90914916992188","6,205169677734375","11,020000457763672","177,3738250732422","223,51353454589844","3,930000066757202"
2020-03-25,"59,323997497558594","94,29199981689453","1,9063804149627686","13,132221221923828","190,45401000976562","29,833248138427734","5,871758460998535","54,629486083984375","139,56027221679688","6,116517543792725","11,630000114440918","176,06044006347656","226,859619140625","4,230000019073486"
2020-03-26,"62,4458122253418","97,77449798583984","1,8917722702026367","13,38320255279541","202,13853454589844","30,96283721923828","6,048989772796631","57,66936492919922","148,28994750976562","6,405883312225342","11,550000190734863","185,33181762695312","240,10589599609375","4,130000114440918"
2020-03-27,"59,86040115356445","95,00499725341797","1,6945606470108032","11,589426040649414","194,30694580078125","29,202783584594727","5,193653583526611","55,057945251464844","142,20103454589844","6,293575286865234","10,100000381469727","178,9577178955078","232,9541473388672","3,8499999046325684"
2020-03-30,"61,56870651245117","98,19750213623047","1,7456897497177124","11,928990364074707","200,369140625","29,68439483642578","5,185948371887207","56,84566879272461","152,2035369873047","6,6138176918029785","10,34000015258789","185,467041015625","240,51953125","4,039999961853027"
2020-03-31,"61,443050384521484","97,48600006103516","1,9136847257614136","12,534297943115234","196,8935089111328","29,885793685913086","5,43253231048584","57,621253967285156","149,8097686767578","6,564262390136719","11,300000190734863","183,88314819335938","236,93447875976562","4,170000076293945"
2020-04-01,"58,21009826660156","95,38500213623047","1,8625558614730835","12,157824516296387","188,047119140625","28,607343673706055","5,232183456420898","54,65328598022461","144,4903106689453","6,0530171394348145","10,640000343322754","176,07008361816406","226,27127075195312","4,070000171661377"
2020-04-02,"59,181434631347656","95,94149780273438","1,8990763425827026","12,563823699951172","192,16041564941406","29,570554733276367","5,548117160797119","55,3936767578125","147,4824981689453","6,361806392669678","10,729999542236328","179,64341735839844","231,49258422851562","4,360000133514404"
2020-04-03,"58,33091354370117","95,32949829101562","1,8990763425827026","12,903385162353516","189,1427764892578","29,010143280029297","5,655998229980469","54,187137603759766","146,12411499023438","6,073935508728027","10,949999809265137","177,0937957763672","228,1465301513672","4,360000133514404"
2020-04-06,"63,4195442199707","99,87950134277344","1,8698596954345703","12,357135772705078","203,4497528076172","30,595062255859375","5,401708126068115","58,67455291748047","156,9910430908203","6,6837944984436035","10,779999732971191","189,75506591796875","243,47030639648438","4,260000228881836"
2020-04-07,"62,68500900268555","100,58000183105469","1,8698596954345703","12,061861991882324","203,5125732421875","30,7526798248291","5,340062141418457","58,643314361572266","155,30023193359375","6,450459957122803","10,699999809265137","189,67779541015625","243,7184600830078","4,130000114440918"
2020-04-08,"64,28941345214844","102,1500015258789","1,9209890365600586","11,89946460723877","210,45497131347656","31,06791114807129","5,548117160797119","59,85529327392578","156,8580780029297","6,647685527801514","10,979999542236328","193,70510864257812","251,8997039794922","4,230000019073486"
2020-04-09,"64,75331115722656","102,13800048828125","1,8844679594039917","12,231644630432129","212,9786834716797","30,95407485961914","5,463354110717773","59,83396911621094","156,86756896972656","6,548076629638672","10,420000076293945","193,9851837158203","255,7329559326172","4,199999809265137"
2020-04-13,"66,02429962158203","108,44349670410156","1,8041226863861084","11,81826400756836","210,12274169921875","30,99786376953125","5,26300573348999","60,02439880371094","157,21905517578125","6,719902515411377","10,350000381469727","196,0808868408203","253,39813232421875","4,0"
2020-04-14,"69,35870361328125","114,16600036621094","1,8625558614730835","12,150444984436035","215,2598876953125","31,707124710083008","5,4864702224731445","62,7429313659668","164,99876403808594","7,071025848388672","10,25","204,6086883544922","260,8714904785156","4,0"
2020-04-15,"68,72566986083984","115,38400268554688","1,9063804149627686","12,807421684265137","211,1286163330078","30,892784118652344","5,840935230255127","62,34968566894531","163,2699432373047","6,9935784339904785","10,6899995803833","202,26181030273438","255,3285369873047","3,9600000381469727"
2020-04-16,"69,2717514038086","120,40950012207031","1,9429012537002563","12,770514488220215","211,36215209960938","31,05915641784668","5,763876914978027","62,35612869262695","168,17141723632812","7,338726043701172","10,680000305175781","205,9510498046875","256,5602722167969","3,9000000953674316"
2020-04-17,"68,33181762695312","118,75","2,023247003555298","12,098771095275879","217,85009765625","31,75091552734375","5,64829158782959","63,42578887939453","169,65333557128906","7,279458999633789","10,069999694824219","207,92124938964844","263,4913330078125","3,880000114440918"
2020-04-20,"66,91348266601562","119,68049621582031","2,0670714378356934","12,312843322753906","212,64707946777344","31,348115921020508","5,640584945678711","62,54059982299805","166,29067993164062","7,148223400115967","9,949999809265137","205,45852661132812","258,8492126464844","3,7699999809265137"
2020-04-21,"64,84513092041016","116,40599822998047","1,8844679594039917","11,508228302001953","206,8780975341797","30,481231689453125","5,278417110443115","60,111183166503906","159,41329956054688","6,711435317993164","9,619999885559082","197,87721252441406","250,98973083496094","3,450000047683716"
2020-04-22,"66,71292877197266","118,17449951171875","1,7895145416259766","11,24248218536377","210,96669006347656","31,313091278076172","5,13971471786499","62,404727935791016","164,82781982421875","7,1258111000061035","9,850000381469727","203,74916076660156","256,5602722167969","3,509999990463257"
2020-04-23,"66,45438385009766","119,97250366210938","1,7018646001815796","11,212956428527832","211,2362823486328","31,19925880432129","4,854603290557861","63,03749465942383","162,8329620361328","7,072518825531006","9,760000228881836","203,31454467773438","256,5419006347656","3,509999990463257"
2020-04-24,"68,37288665771484","120,51100158691406","1,6799521446228027","10,710991859436035","213,71646118164062","31,155473709106445","4,700488090515137","63,306766510009766","165,8061981201172","7,211474895477295","9,600000381469727","206,52088928222656","260,1177673339844","3,299999952316284"
2020-04-27,"68,42121124267578","118,80000305175781","1,716472864151001","10,445249557495117","216,85264587402344","31,78593635559082","4,569489002227783","63,02212142944336","165,33123779296875","7,397993087768555","9,34000015258789","208,18199157714844","263,8682556152344","3,299999952316284"
2020-04-28,"67,31214904785156","115,7040023803711","1,9429012537002563","12,135680198669434","216,64593505859375","31,84723472595215","5,378591537475586","61,12430953979492","161,30368041992188","7,255551338195801","9,890000343322754","204,26097106933594","262,6548767089844","3,759999990463257"
2020-04-29,"69,52301788330078","118,635498046875","2,1474173069000244","12,918149948120117","221,46250915527344","32,775421142578125","5,763876914978027","66,55889129638672","168,54196166992188","7,432359218597412","10,220000267028809","211,50428771972656","269,53076171875","4,059999942779541"
2020-04-30,"70,98968505859375","123,69999694824219","1,9063804149627686","12,039714813232422","218,55999755859375","32,08366394042969","5,4864702224731445","66,78303527832031","170,2327880859375","7,278462886810303","10,319999694824219","211,41737365722656","267,0211486816406","3,8399999141693115"
2020-05-01,"69,84680938720703","114,302001953125","1,7895145416259766","11,24248218536377","213,22216796875","30,92780113220215","5,108891010284424","65,3260726928711","165,82521057128906","7,041890621185303","9,380000114440918","205,45852661132812","259,9523010253906","3,5399999618530273"
2020-05-04,"70,83505249023438","115,79949951171875","1,9794219732284546","11,884700775146484","213,34800720214844","31,260557174682617","5,440237522125244","65,602783203125","169,8812713623047","7,253809452056885","9,890000343322754","207,85369873046875","260,6693115234375","3,7100000381469727"
2020-05-05,"71,89817810058594","115,88999938964844","1,9136847257614136","11,685393333435059","214,58811950683594","31,43568229675293","5,316945552825928","66,8980941772461","171,7051239013672","7,3148193359375","9,989999771118164","210,2101593017578","263,0777893066406","3,6600000858306885"
2020-05-06,"72,6399917602539","117,56300354003906","2,023247003555298","12,091386795043945","212,8448486328125","31,339359283447266","5,586645126342773","66,72004699707031","173,39593505859375","7,415673732757568","10,170000076293945","211,50428771972656","261,29437255859375","3,609999895095825"
2020-05-07,"73,39144897460938","118,38050079345703","2,191242218017578","13,265096664428711","214,68699645996094","31,59330177307129","6,04128360748291","67,90277099609375","174,40281677246094","7,591982364654541","10,420000076293945","214,22775268554688","264,4472961425781","3,8499999046325684"
2020-05-08,"75,1383056640625","118,98049926757812","2,308108329772949","13,663713455200195","218,91944885253906","32,25879669189453","6,241632461547852","68,64961242675781","175,42874145507812","7,781989097595215","10,75","217,16368103027344","268,82293701171875","4,050000190734863"
2020-05-11,"76,32062530517578","120,44999694824219","2,5637528896331787","14,424040794372559","217,9669647216797","32,04862976074219","6,788736820220947","69,60421752929688","177,38555908203125","8,033998489379883","11,40999984741211","219,1049346923828","268,8780822753906","4,110000133514404"
2020-05-12,"75,44841003417969","117,84750366210938","2,5783615112304688","14,793129920959473","213,941162109375","31,926042556762695","6,727089881896973","68,19536590576172","173,3674774169922","7,772027492523193","11,199999809265137","214,5175323486328","263,5189208984375","4,269999980926514"
2020-05-13,"74,53743743896484","118,39600372314453","2,4322783946990967","13,486551284790039","209,2144317626953","31,86474609375","6,110635280609131","66,86387634277344","170,7457275390625","7,74961519241333","10,40999984741211","211,8326416015625","258,8583679199219","3,819999933242798"
2020-05-14,"74,995361328125","119,44249725341797","2,519928216934204","14,128764152526855","212,74598693847656","31,987333297729492","6,51903772354126","67,28687286376953","171,4866485595703","7,999137878417969","11,210000038146973","214,23744201660156","261,956298828125","4,070000171661377"
2020-05-15,"74,5519790649414","120,48899841308594","2,468799591064453","13,818731307983398","213,3059844970703","31,549509048461914","6,47280216217041","68,0902328491211","173,9849090576172","8,457590103149414","10,930000305175781","215,62808227539062","263,1604309082031","4,139999866485596"
2020-05-18,"76,30850219726562","121,31300354003906","2,636794090270996","14,291168212890625","221,42733764648438","32,7841682434082","6,8503828048706055","68,69127655029297","175,64723205566406","8,716076850891113","11,6899995803833","219,64573669433594","271,17626953125","4,340000152587891"
2020-05-19,"75,86756134033203","122,46649932861328","2,4468870162963867","13,641568183898926","218,08692932128906","32,521484375","6,542154312133789","68,15669250488281","174,43136596679688","8,771113395690918","11,350000381469727","219,09524536132812","268,39093017578125","4,389999866485596"
2020-05-20,"77,34303283691406","124,89700317382812","2,5272324085235596","14,084474563598633","221,2472686767578","32,9505500793457","6,750208377838135","69,88043212890625","176,85084533691406","8,934968948364258","11,029999732971191","223,47018432617188","272,950439453125","4,389999866485596"
2020-05-21,"76,76641082763672","122,33699798583984","2,644098997116089","15,140076637268066","220,60801696777344","32,57402038574219","7,227963924407959","69,76093292236328","174,7266387939453","8,74097728729248","12,039999961853027","221,03646850585938","271,06591796875","4,619999885559082"
2020-05-22,"77,26065826416016","121,84400177001953","2,695227861404419","15,354146957397461","220,48196411132812","31,899770736694336","7,3281402587890625","70,082763671875","174,80287170410156","8,990998268127441","11,819999694824219","221,79937744140625","271,5806579589844","4,71999979019165"
2020-05-26,"76,73734283447266","121,09300231933594","2,717139959335327","15,464869499206543","225,31690979003906","32,600284576416016","7,3435492515563965","70,4859390258789","172,95494079589844","8,68370246887207","11,420000076293945","221,20065307617188","274,9266357421875","4,929999828338623"
2020-05-27,"77,07167053222656","120,51950073242188","2,7098357677459717","15,213891983032227","230,28695678710938","32,70536422729492","7,443723678588867","70,43187713623047","173,1835174560547","8,49195671081543","11,069999694824219","222,4078369140625","279,0173645019531","5,289999961853027"
2020-05-28,"77,1055908203125","120,05500030517578","2,549144983291626","14,379748344421387","229,0084228515625","32,47770690917969","6,804149627685547","70,33071899414062","172,79298400878906","8,453851699829102","10,729999542236328","222,11813354492188","278,5025634765625","4,909999847412109"
2020-05-29,"77,0304946899414","122,11849975585938","2,3154125213623047","12,667169570922852","228,95428466796875","33,038116455078125","6,172280311584473","71,08844757080078","174,55520629882812","8,840836524963379","10,359999656677246","225,372802734375","279,7435302734375","5,039999961853027"
2020-06-01,"77,97781372070312","123,552001953125","2,4322783946990967","13,46440315246582","229,8367462158203","33,799922943115234","6,5729780197143555","71,1553955078125","174,15512084960938","8,771859169006348","10,729999542236328","226,04881286621094","280,874267578125","5,090000152587891"
2020-06-02,"78,33882141113281","123,62049865722656","2,731748342514038","15,117927551269531","232,15968322753906","34,60552215576172","7,235671520233154","71,52436065673828","176,1364288330078","8,790781021118164","11,270000457763672","227,5650634765625","283,1999206542969","5,429999828338623"
2020-06-03,"78,77008056640625","123,91999816894531","2,9800894260406494","16,21043586730957","236,94964599609375","35,41111373901367","7,829009532928467","71,37261199951172","176,5650634765625","8,735251426696777","11,350000381469727","228,5887908935547","286,9687805175781","5,71999979019165"
2020-06-04,"78,0916748046875","123,02999877929688","2,8997440338134766","15,915164947509766","237,0937042236328","34,911991119384766","7,844422340393066","70,13531494140625","174,2408905029297","8,736247062683105","11,170000076293945","226,98562622070312","286,21502685546875","5,78000020980835"
2020-06-05,"80,3158187866211","124,1500015258789","2,987393617630005","15,988981246948242","244,48577880859375","35,8314208984375","7,990829944610596","71,41079711914062","178,31776428222656","8,8892183303833","11,40999984741211","231,48611450195312","293,5505676269531","5,739999771118164"
2020-06-08,"80,79068756103516","126,2030029296875","3,3087754249572754","17,679412841796875","248,75355529785156","36,05033493041992","8,861577033996582","71,8084945678711","179,42274475097656","8,774614334106445","12,079999923706055","233,28244018554688","297,0989074707031","6,570000171661377"
2020-06-09,"83,34188842773438","130,04299926757812","3,0823469161987305","16,37283706665039","246,14234924316406","35,805152893066406","8,299059867858887","72,00884246826172","180,79440307617188","9,01478385925293","11,699999809265137","234,97256469726562","294,8834533691406","6,440000057220459"
2020-06-10,"85,48605346679688","132,37249755859375","3,075043201446533","16,28425407409668","243,51336669921875","36,06784439086914","8,36841106414795","72,63467407226562","187,5003662109375","9,33442497253418","11,319999694824219","237,7926025390625","293,238037109375","6,269999980926514"
2020-06-11,"81,38184356689453","127,89800262451172","2,7682693004608154","14,822656631469727","226,91957092285156","34,18520736694336","7,690305709838867","69,5204086303711","177,431884765625","8,76589584350586","10,520000457763672","226,01022338867188","276,33306884765625","5,699999809265137"
2020-06-12,"82,08446502685547","127,2509994506836","2,972785472869873","15,900400161743164","231,16030883789062","34,911991119384766","8,283646583557129","70,06689453125","178,8321533203125","8,901674270629883","10,859999656677246","227,80653381347656","279,6424560546875","6,059999942779541"
2020-06-15,"83,09961700439453","128,63400268554688","2,8851354122161865","15,427963256835938","232,60987854003906","34,59493637084961","8,037065505981445","70,45469665527344","179,97520446777344","9,14209270477295","10,539999961853027","230,57827758789062","282,25311279296875","5,789999961853027"
2020-06-16,"85,30193328857422","130,7635040283203","2,870527744293213","15,457489967346191","237,53482055664062","34,81510925292969","8,00623893737793","71,73065185546875","184,38552856445312","9,037203788757324","10,609999656677246","234,5379638671875","287,6858215332031","5,800000190734863"
2020-06-17,"85,18323516845703","132,0489959716797","2,7974853515625","14,601203918457031","235,734130859375","35,1497917175293","7,751952648162842","72,03166198730469","185,0237274169922","9,20412826538086","10,40999984741211","235,28158569335938","286,4908142089844","5,739999771118164"
2020-06-18,"85,21715545654297","132,69900512695312","2,5564489364624023","13,781821250915527","235,40110778808594","35,16741180419922","7,189435958862305","71,11820983886719","187,0050506591797","9,186187744140625","9,720000267028809","235,91903686523438","286,6011657714844","5,349999904632568"
2020-06-19,"84,73017120361328","133,75050354003906","2,717139959335327","14,807891845703125","233,68812561035156","35,158592224121094","7,875242710113525","70,6480941772461","185,8905487060547","9,229289054870605","10,140000343322754","235,88038635253906","284,9632568359375","5,570000171661377"
2020-06-22,"86,94701385498047","135,6909942626953","2,6587071418762207","14,224729537963867","235,0605926513672","35,59016036987305","7,5901336669921875","71,93842315673828","191,05340576171875","9,493871688842773","9,859999656677246","238,7091827392578","286,791259765625","5,380000114440918"
2020-06-23,"88,8028793334961","138,2205047607422","2,7098357677459717","14,630728721618652","236,1260986328125","35,93363952636719","7,890654563903809","72,59896087646484","192,329833984375","9,417388916015625","10,220000267028809","240,7408447265625","288,1116027832031","5,559999942779541"
2020-06-24,"87,2353286743164","136,72000122070312","2,7536609172821045","14,564291000366211","229,9227752685547","35,458045959472656","7,736540794372559","71,04779052734375","188,45291137695312","9,203629493713379","10,180000305175781","235,77786254882812","280,7622375488281","5,460000038146973"
2020-06-25,"88,3934326171875","137,72900390625","2,972785472869873","15,324618339538574","232,46005249023438","35,60776901245117","8,222002983093262","71,46434020996094","190,83432006835938","9,457253456115723","10,9399995803833","238,0223388671875","283,77215576171875","5,769999980926514"
2020-06-26,"85,67745971679688","134,64349365234375","2,8267018795013428","14,505237579345703","226,08511352539062","35,17621612548828","7,867537975311279","67,56855010986328","187,01454162597656","9,123405456542969","10,510000228881836","232,4014129638672","277,03216552734375","5,699999809265137"
2020-06-29,"87,65205383300781","134,0189971923828","2,8851354122161865","14,579055786132812","231,0785675048828","35,334739685058594","7,960006237030029","69,28585815429688","189,0244598388672","9,168252944946289","10,649999618530273","234,93612670898438","281,1039123535156","5,849999904632568"
2020-06-30,"88,38372039794922","137,9409942626953","2,7390527725219727","13,69324016571045","232,84835815429688","35,22025680541992","7,474546432495117","70,3212890625","193,85386657714844","9,464973449707031","10,489999771118164","239,54122924804688","284,70465087890625","5,75"
2020-07-01,"88,21656036376953","143,93499755859375","2,8047897815704346","13,848258972167969","232,34268188476562","35,6165771484375","7,528487682342529","71,50897979736328","194,9874267578125","9,497111320495605","10,779999732971191","242,33717346191406","286,698974609375","5,809999942779541"
2020-07-02,"88,21656036376953","144,51499938964844","2,651402473449707","13,33152961730957","233,34495544433594","36,42684555053711","7,104671955108643","72,89403533935547","196,47340393066406","9,579079627990723","10,390000343322754","243,9818115234375","288,27777099609375","5,800000190734863"
2020-07-06,"90,57637786865234","152,8520050048828","3,206517219543457","16,328542709350586","237,48049926757812","37,994537353515625","8,722871780395508","74,36784362792969","200,70272827148438","9,80529499053955","11,649999618530273","249,9800262451172","292,72802734375","6,239999771118164"
2020-07-07,"90,29532623291016","150,00599670410156","3,045825958251953","15,383673667907715","233,90467834472656","37,36042022705078","8,39152717590332","73,88533020019531","198,36900329589844","9,837682723999023","11,220000267028809","248,25794982910156","289,7088317871094","6,019999980926514"
2020-07-08,"92,3983154296875","154,0554962158203","3,089651346206665","15,65679931640625","235,4217987060547","38,3292121887207","8,499404907226562","74,563720703125","202,73165893554688","10,180743217468262","11,460000038146973","251,52798461914062","291,9247131347656","6,199999809265137"
2020-07-09,"92,79566192626953","159,13150024414062","2,8997440338134766","15,00719928741455","232,27940368652344","38,3292121887207","8,106415748596191","75,31056213378906","204,15101623535156","10,472735404968262","10,979999542236328","253,64669799804688","290,26287841796875","6,190000057220459"
2020-07-10,"92,95797729492188","160,0","3,075043201446533","15,848727226257324","235,5120849609375","38,082611083984375","8,761399269104004","76,31971740722656","203,5318603515625","10,443086624145508","11,359999656677246","255,37850952148438","293,2266540527344","6,300000190734863"
2020-07-13,"92,52915954589844","155,1999969482422","3,096954822540283","15,988981246948242","235,71070861816406","37,82719421386719","8,738285064697266","74,99170684814453","197,24501037597656","10,017557144165039","11,5","250,12515258789062","290,6875305175781","6,199999809265137"
2020-07-14,"94,06036376953125","154,1999969482422","3,045825958251953","15,83396053314209","240,72216796875","37,88004684448242","8,684344291687012","75,4196548461914","198,46424865722656","10,341187477111816","11,479999542236328","251,8955535888672","294,4546203613281","6,329999923706055"
2020-07-15,"94,70722961425781","150,44349670410156","3,1553890705108643","16,616430282592773","242,8170928955078","37,994537353515625","9,00027847290039","75,2222900390625","198,16893005371094","10,191957473754883","11,6899995803833","252,40830993652344","297,1598205566406","6,510000228881836"
2020-07-16,"93,54187774658203","149,9949951171875","3,096954822540283","16,22519874572754","241,51686096191406","37,45729446411133","8,869281768798828","75,12509155273438","194,24441528320312","10,099776268005371","11,460000038146973","250,68626403808594","296,1811218261719","6,519999980926514"
2020-07-17,"93,35291290283203","148,09849548339844","3,0020015239715576","15,819201469421387","241,04783630371094","37,668670654296875","8,653522491455078","75,2208023071289","193,25379943847656","10,166295051574707","11,050000190734863","250,97650146484375","297,039794921875","6,409999847412109"
2020-07-20,"95,32023620605469","159,8419952392578","2,943568468093872","15,250802993774414","241,1200714111328","38,1530647277832","8,39152717590332","77,55104064941406","201,56007385253906","10,474481582641602","11,020000457763672","258,0968933105469","299,4403381347656","6,409999847412109"
2020-07-21,"94,00462341308594","156,9145050048828","3,060434341430664","15,878254890441895","242,4936065673828","38,5053596496582","8,753694534301758","77,15828704833984","198,8452606201172","10,292856216430664","11,579999923706055","255,40740966796875","300,0774230957031","6,489999771118164"
2020-07-22,"94,26871490478516","154,99549865722656","3,2357335090637207","17,147926330566406","243,97567749023438","38,33802032470703","9,478034019470215","77,60113525390625","201,70289611816406","10,402729034423828","12,300000190734863","256,3072204589844","301,785400390625","6,639999866485596"
2020-07-23,"89,97793579101562","149,32749938964844","3,3379921913146973","17,295555114746094","241,00265502929688","38,029762268066406","9,609031677246094","75,21583557128906","192,92990112304688","10,094791412353516","12,289999961853027","249,61241149902344","298,1846618652344","6,809999942779541"
2020-07-24,"89,75504302978516","150,44549560546875","3,316080093383789","17,3693790435791","239,1952667236328","37,994537353515625","9,609031677246094","74,79235076904297","191,74876403808594","10,159318923950195","12,279999732971191","247,24215698242188","296,26422119140625","6,659999847412109"
2020-07-27,"91,88225555419922","152,760498046875","3,3745126724243164","17,642501831054688","240,3339080810547","38,584625244140625","9,840202331542969","75,84464263916016","194,1777801513672","10,385536193847656","12,039999961853027","251,65370178222656","298,4246826171875","6,639999866485596"
2020-07-28,"90,37287139892578","150,01649475097656","3,2503416538238525","16,84527015686035","238,5084686279297","38,2675666809082","9,416388511657715","74,56621551513672","192,4345703125","10,180245399475098","11,520000457763672","248,4514617919922","296,5319519042969","6,480000019073486"
2020-07-29,"92,10517120361328","151,67649841308594","3,243037462234497","17,01504898071289","239,92724609375","38,884071350097656","9,49344539642334","75,55107116699219","194,3778076171875","10,4293851852417","11,420000076293945","251,31509399414062","300,17901611328125","6,46999979019165"
2020-07-30,"93,21963500976562","152,593994140625","3,169996738433838","16,21043586730957","237,9210662841797","38,390869140625","9,339329719543457","76,28799438476562","194,22535705566406","10,577372550964355","11,15999984741211","252,630859375","299,10797119140625","6,329999923706055"
2020-07-31,"102,97868347167969","158,23399353027344","3,023913860321045","15,708475112915039","238,88804626464844","38,12664794921875","9,246861457824707","73,78765106201172","195,28271484375","10,578119277954102","10,9399995803833","257,1391906738281","301,4715270996094","6,230000019073486"
2020-08-03,"105,57351684570312","155,59449768066406","3,272254228591919","17,33246421813965","241,02969360351562","38,390869140625","10,22549057006836","73,53028106689453","206,2656707763672","10,97225284576416","12,140000343322754","260,61236572265625","303,5674133300781","6,659999847412109"
2020-08-04,"106,27854919433594","156,94149780273438","3,301471471786499","17,147926330566406","242,55706787109375","38,90168762207031","10,055964469909668","73,06114959716797","203,16986083984375","11,189004898071289","12,229999542236328","261,5797424316406","304,7399597167969","6,809999942779541"
2020-08-05,"106,66376495361328","160,25149536132812","3,1334762573242188","16,476179122924805","245,80116271972656","39,324440002441406","9,747732162475586","73,34827423095703","202,83645629882812","11,24779987335205","11,619999885559082","262,22796630859375","306,6327819824219","6,71999979019165"
2020-08-06,"110,38519287109375","161,25","3,089651346206665","16,365449905395508","247,5181121826172","39,44774627685547","9,778558731079102","74,63067626953125","206,0846405029297","11,296380996704102","11,59000015258789","265,7011413574219","308,68243408203125","6,5"
2020-08-07,"107,87550354003906","158,3730010986328","3,089651346206665","16,446653366088867","248,1687774658203","38,637474060058594","9,901847839355469","74,30438232421875","202,39833068847656","11,160853385925293","11,529999732971191","262,6342468261719","308,9040222167969","6,440000057220459"
2020-08-10,"109,4434585571289","157,4080047607422","3,023913860321045","16,203052520751953","251,3497772216797","38,73434829711914","9,585912704467773","74,22750091552734","198,36900329589844","11,126470565795898","11,229999542236328","261,5121154785156","309,8273010253906","6,239999771118164"
2020-08-11,"106,1885986328125","154,0334930419922","2,8267018795013428","15,324618339538574","250,4912109375","38,628665924072266","9,138978004455566","73,4201889038086","193,73007202148438","10,812556266784668","11,020000457763672","256,5586853027344","307,2698059082031","5,900000095367432"
2020-08-12,"109,71772003173828","158,11199951171875","2,702531576156616","14,527383804321289","253,06674194335938","39,148292541503906","8,8307523727417","74,74424743652344","199,26443481445312","11,40077018737793","10,550000190734863","263,0115661621094","311,5538024902344","5,570000171661377"
2020-08-13,"111,659423828125","158,05099487304688","2,6879236698150635","14,911240577697754","252,5064239501953","39,03379440307617","8,884693145751953","75,21087646484375","198,79759216308594","11,403510093688965","11,0","263,6114501953125","310,9906005859375","5,659999847412109"
2020-08-14,"111,55995178222656","157,4010009765625","2,651402473449707","14,94076156616211","252,84983825683594","38,96333694458008","8,761399269104004","74,61482238769531","198,98812866210938","11,524092674255371","11,149999618530273","263,3018493652344","310,9998474121094","5,71999979019165"
2020-08-17,"111,26866912841797","159,12049865722656","2,468799591064453","14,099237442016602","252,08168029785156","39,45654296875","8,314468383789062","75,19054412841797","200,3026580810547","12,29442310333252","10,779999732971191","266,3590393066406","311,98773193359375","5,440000057220459"
2020-08-18,"112,19583892822266","165,62449645996094","2,4249744415283203","13,951601028442383","251,40399169921875","39,41250991821289","8,214293479919434","77,15135192871094","201,4552459716797","12,218441009521484","10,880000114440918","268,9227600097656","312,66180419921875","5,440000057220459"
2020-08-19,"112,33661651611328","163,0240020751953","2,468799591064453","13,752291679382324","250,70802307128906","38,92810821533203","7,990829944610596","76,59741973876953","200,23304748535156","12,096610069274902","10,890000343322754","267,1135559082031","311,35992431640625","5,46999979019165"
2020-08-20,"114,82933044433594","164,86849975585938","2,4103662967681885","13,612041473388672","251,10581970214844","38,804813385009766","7,8983612060546875","78,16646575927734","204,8927001953125","12,099102973937988","10,90999984741211","270,8189697265625","312,3293762207031","5,46999979019165"
2020-08-21,"120,74675750732422","164,23599243164062","2,4249744415283203","13,4496431350708","252,93882751464844","38,99856185913086","7,790480613708496","78,13274383544922","203,4031524658203","12,639729499816895","10,989999771118164","272,69580078125","313,43731689453125","5,349999904632568"
2020-08-24,"122,19093322753906","165,3730010986328","2,403061866760254","13,552989959716797","256,46173095703125","39,43012237548828","7,751952648162842","78,60780334472656","204,04290771484375","12,676352500915527","11,029999732971191","274,3985595703125","316,6134338378906","5,400000095367432"
2020-08-25,"121,18851470947266","167,32449340820312","2,4468870162963867","13,715385437011719","255,95458984375","39,82645034790039","7,836713790893555","79,63432312011719","206,69744873046875","12,706003189086914","11,1899995803833","276,55596923828125","317,72137451171875","5,550000190734863"
2020-08-26,"122,83655548095703","172,09249877929688","2,3665411472320557","13,530840873718262","256,6882019042969","39,93214416503906","7,736540794372559","81,53263092041016","211,16612243652344","12,728921890258789","11,4399995803833","282,4573669433594","320,90679931640625","5,559999942779541"
2020-08-27,"121,36813354492188","170,0","2,351933002471924","13,198661804199219","258,146240234375","39,59746170043945","7,628659725189209","80,75853729248047","216,3509979248047","12,584671020507812","11,510000228881836","281,5769958496094","321,6084289550781","5,380000114440918"
2020-08-28,"121,1715316772461","170,08999633789062","2,5564489364624023","14,16567611694336","259,6496887207031","40,117095947265625","8,168059349060059","81,29955291748047","218,5758056640625","13,102375030517578","11,989999771118164","283,0087890625","323,6857604980469","5,710000038146973"
2020-08-31,"125,28071594238281","172,54800415039062","2,4614951610565186","13,988511085510254","257,4580078125","39,22755813598633","7,960006237030029","80,8086166381836","215,34840393066406","13,328347206115723","11,489999771118164","285,2823486328125","322,51318359375","5,579999923706055"
2020-09-01,"130,27098083496094","174,95599365234375","2,512624502182007","13,885168075561523","259,73126220703125","39,896907806396484","8,013947486877441","82,07563018798828","217,00987243652344","13,777423858642578","11,779999732971191","290,1583251953125","325,5509033203125","5,639999866485596"
2020-09-02,"127,57195281982422","176,57249450683594","2,4249744415283203","13,922078132629395","263,73406982421875","39,791221618652344","7,790480613708496","85,16560363769531","221,1920928955078","14,301270484924316","11,760000228881836","292,9058837890625","330,25958251953125","5,539999961853027"
2020-09-03,"117,35843658447266","168,39999389648438","2,4614951610565186","14,29854965209961","256,606689453125","39,03379440307617","7,921477794647217","80,80762481689453","207,48995971679688","12,974465370178223","11,90999984741211","278,0555419921875","318,8940124511719","5,519999980926514"
2020-09-04,"117,43611907958984","164,7310028076172","2,4761035442352295","13,973751068115234","255,18479919433594","39,051414489746094","7,844422340393066","78,41242980957031","204,57762145996094","12,582704544067383","11,960000038146973","274,3501892089844","316,290283203125","5,420000076293945"
2020-09-08,"109,5332260131836","157,49200439453125","2,5053203105926514","13,929460525512695","249,43377685546875","38,373252868652344","7,906068325042725","75,5555419921875","193,51084899902344","11,87544059753418","11,930000305175781","261,1637878417969","307,6483459472656","5,440000057220459"
2020-09-09,"113,90216064453125","163,4304962158203","2,468799591064453","13,833492279052734","253,44601440429688","38,94572830200195","7,921477794647217","76,72735595703125","201,75125122070312","12,674915313720703","11,960000038146973","268,8356628417969","313,7235412597656","5,409999847412109"
2020-09-10,"110,1837158203125","158,7554931640625","2,468799591064453","13,826115608215332","249,7689208984375","38,320404052734375","7,8983612060546875","75,6770248413086","196,09849548339844","12,272934913635254","11,899999618530273","263,47601318359375","308,27618408203125","5,159999847412109"
2020-09-11,"108,7371597290039","155,81100463867188","2,403061866760254","13,287240982055664","250,94639587402344","38,690311431884766","7,505368232727051","75,166748046875","194,81903076171875","12,12614917755127","11,829999923706055","261,6475524902344","308,4331359863281","5,170000076293945"
2020-09-14,"111,99922943115234","155,14849853515625","2,3300204277038574","12,881242752075195","254,06179809570312","39,31562805175781","7,096967697143555","74,82308197021484","196,13674926757812","12,831665992736816","11,460000038146973","266,2042541503906","312,4956970214844","5,059999942779541"
2020-09-15,"112,17402648925781","157,80650329589844","2,293499708175659","12,74099063873291","254,1071014404297","39,72956848144531","7,066143989562988","76,1268081665039","199,35458374023438","12,950043678283691","11,479999542236328","269,9772644042969","314,07452392578125","5,119999885559082"
2020-09-16,"108,86333465576172","153,90499877929688","2,1328089237213135","11,914226531982422","254,5147247314453","39,676719665527344","6,44197940826416","74,98474884033203","195,79296875","12,475045204162598","10,729999542236328","265,6720886230469","312,8280029296875","4,849999904632568"
2020-09-17,"107,12548828125","150,43649291992188","2,0378549098968506","11,353211402893066","253,19244384765625","39,51819610595703","6,072106838226318","73,74250793457031","193,74960327148438","12,424205780029297","10,649999618530273","261,521728515625","310,07659912109375","4,550000190734863"
2020-09-18,"103,72744750976562","147,74549865722656","2,023247003555298","11,308918952941895","251,0291290283203","39,209938049316406","6,056694030761719","71,9597396850586","191,3433380126953","12,15081787109375","10,720000267028809","258,1839904785156","306,50677490234375","4,460000038146973"
2020-09-21,"106,87306213378906","148,02349853515625","1,9429012537002563","10,866010665893555","246,41729736328125","38,84885025024414","5,856346130371094","70,92086029052734","193,39625549316406","12,47778606414795","10,619999885559082","258,8031311035156","303,0954895019531","4,130000114440918"
2020-09-22,"108,55265045166016","156,44949340820312","1,8698596954345703","10,408340454101562","247,66107177734375","38,55820083618164","5,586645126342773","72,39266204833984","198,05601501464844","12,597905158996582","10,430000305175781","263,6114501953125","306,1822814941406","3,880000114440918"
2020-09-23,"103,99930572509766","149,9929962158203","1,7602980136871338","9,86208438873291","242,91310119628906","37,95930480957031","5,286123752593994","69,891845703125","191,53428649902344","12,085526466369629","9,550000190734863","255,5621795654297","299,0816650390625","3,6600000858306885"
2020-09-24,"105,06726837158203","150,989501953125","1,9209890365600586","10,80695629119873","243,38534545898438","37,783164978027344","5,879462242126465","70,559814453125","194,0169677734375","12,30906867980957","10,140000343322754","256,7521667480469","299,8788146972656","3,8399999141693115"
2020-09-25,"109,00895690917969","154,75650024414062","1,9209890365600586","10,71837329864502","246,65342712402344","37,818397521972656","5,702231407165527","71,36318969726562","198,4379425048828","12,833162307739258","10,329999923706055","262,7213439941406","304,7269592285156","3,680000066757202"
2020-09-28,"111,61090850830078","158,70249938964844","1,9136847257614136","10,578120231628418","250,46621704101562","38,24114227294922","5,571234226226807","72,33515167236328","199,9848175048828","12,99390697479248","10,34000015258789","268,1778564453125","309,788330078125","3,7200000286102295"
2020-09-29,"110,76622772216797","157,24400329589844","1,833338975906372","10,408340454101562","249,12269592285156","38,214717864990234","5,517294406890869","72,70014190673828","197,90321350097656","13,184053421020508","10,130000114440918","266,9685363769531","308,1011047363281","3,609999895095825"
2020-09-30,"112,43614959716797","157,43649291992188","1,840643048286438","10,555975914001465","251,9186553955078","38,83122634887695","5,578939914703369","72,67930603027344","200,8346405029297","13,487839698791504","10,329999923706055","268,7969055175781","310,43719482421875","3,569999933242798"
2020-10-01,"113,3875961303711","161,06300354003906","1,9355971813201904","10,792193412780762","252,49957275390625","39,192325592041016","5,717642784118652","73,78515625","202,8684539794922","13,571577072143555","10,579999923706055","273,0634460449219","312,43023681640625","3,6500000953674316"
2020-10-02,"109,72743225097656","156,25","1,8990763425827026","10,51906681060791","251,28323364257812","38,743160247802734","5,617467880249023","72,18340301513672","196,88153076171875","13,02106761932373","10,779999732971191","265,3819274902344","309,4638366699219","3,630000114440918"
2020-10-05,"113,10604095458984","159,9600067138672","1,9502055644989014","10,371430397033691","255,55902099609375","39,262786865234375","5,4864702224731445","73,53374481201172","200,8824005126953","13,599489212036133","10,989999771118164","271,04156494140625","314,9515686035156","3,7300000190734863"
2020-10-06,"109,86334228515625","154,9980010986328","1,833338975906372","10,142594337463379","252,1183624267578","39,33324432373047","5,32465124130249","71,95629119873047","196,61415100097656","13,693190574645996","10,369999885559082","266,2042541503906","310,4743347167969","3,569999933242798"
2020-10-07,"111,7274169921875","159,7845001220703","1,840643048286438","10,245940208435059","256,83905029296875","39,76479721069336","5,440237522125244","72,35895538330078","200,35719299316406","13,919974327087402","10,460000038146973","270,809326171875","315,8785400390625","3,6600000858306885"
2020-10-08,"111,62061309814453","159,52749633789062","1,8771634101867676","10,533829689025879","258,08270263671875","40,090667724609375","5,586645126342773","73,5634994506836","201,0733184814453","13,79511833190918","10,649999618530273","272,25079345703125","318,6780700683594","3,809999942779541"
2020-10-09,"113,56233978271484","164,33250427246094","1,8479472398757935","10,408340454101562","259,5716552734375","40,36369705200195","5,502472877502441","74,9034194946289","206,0671844482422","13,719359397888184","10,829999923706055","276,4107971191406","321,52398681640625","3,869999885559082"
2020-10-12,"120,7759017944336","172,14649963378906","1,840643048286438","10,201648712158203","261,868408203125","40,715980529785156","5,4557085037231445","77,58822631835938","211,40480041503906","14,181144714355469","11,270000457763672","284,9436950683594","326,6964111328125","3,7899999618530273"
2020-10-13,"117,57203674316406","172,18150329589844","1,774906039237976","9,898995399475098","260,306884765625","40,54864501953125","5,292036056518555","77,71121978759766","212,79893493652344","14,203328132629395","11,279999732971191","284,93414306640625","324,5644226074219","3,75"
2020-10-14,"117,65940856933594","168,1855010986328","1,7676019668579102","9,78826904296875","258,8453369140625","40,27561950683594","5,151748180389404","77,53120422363281","210,88925170898438","14,050813674926758","11,529999732971191","282,5541076660156","322,5249938964844","3,75"
2020-10-15,"117,19339752197266","166,9324951171875","1,7676019668579102","9,773503303527832","258,7637023925781","39,984981536865234","5,1127777099609375","77,1359634399414","209,74342346191406","13,925956726074219","11,550000190734863","280,657958984375","322,12646484375","3,569999933242798"
2020-10-16,"115,55262756347656","163,635498046875","1,9136847257614136","9,994958877563477","259,7145080566406","40,12589645385742","5,2686567306518555","77,74246215820312","209,74342346191406","13,767953872680664","11,760000228881836","279,11968994140625","321,9317321777344","3,559999942779541"
2020-10-19,"112,6011962890625","160,36050415039062","1,9429012537002563","10,209030151367188","256,13623046875","40,01140594482422","5,3699750900268555","75,87043762207031","204,54896545410156","13,455193519592285","12,029999732971191","274,5629577636719","317,03729248046875","3,5899999141693115"
2020-10-20,"114,08663940429688","160,85049438476562","1,8917722702026367","9,72921371459961","256,97186279296875","40,45176696777344","5,151748180389404","76,91827392578125","204,95957946777344","13,602477073669434","12,0","275,1531066894531","318,30718994140625","3,4600000381469727"
2020-10-21,"113,46527099609375","159,2469940185547","1,8187309503555298","9,337979316711426","256,081787109375","40,56625747680664","5,058220863342285","78,64946746826172","205,1028289794922","13,482110023498535","11,1899995803833","274,9402770996094","317,7047119140625","3,3399999141693115"
2020-10-22,"112,37788391113281","158,82000732421875","1,9355971813201904","9,522522926330566","257,6075439453125","40,55744934082031","5,143953323364258","79,67449951171875","205,1887664794922","13,318877220153809","11,390000343322754","274,9306335449219","319,4473876953125","3,450000047683716"
2020-10-23,"111,6885757446289","160,22000122070312","1,9648138284683228","9,633249282836914","257,3260498046875","40,795249938964844","5,18292236328125","80,97970581054688","206,46824645996094","13,547402381896973","11,970000267028809","275,47247314453125","320,5321044921875","3,609999895095825"
2020-10-26,"111,69828796386719","160,3520050048828","1,9063804149627686","9,559433937072754","251,5679931640625","40,266815185546875","5,237480640411377","78,5651626586914","200,5958709716797","13,099821090698242","12,390000343322754","271,3414001464844","314,60870361328125","3,609999895095825"
2020-10-27,"113,20314025878906","164,31649780273438","1,7895145416259766","9,020561218261719","249,44297790527344","40,442955017089844","4,956901550292969","79,28868865966797","203,62278747558594","13,354514122009277","11,800000190734863","273,4600524902344","313,5240783691406","3,319999933242798"
2020-10-28,"107,96044921875","158,13900756835938","1,6945606470108032","8,666232109069824","241,1057586669922","39,43012237548828","4,769846439361572","74,92078399658203","193,52996826171875","12,587190628051758","11,09000015258789","262,7987976074219","302,80816650390625","3,0999999046325684"
2020-10-29,"111,96041107177734","160,55050659179688","1,7602980136871338","8,887687683105469","242,1138153076172","39,82645034790039","4,917932987213135","77,20589447021484","195,47787475585938","12,982940673828125","11,3100004196167","267,3941955566406","305,8857116699219","3,259999990463257"
2020-10-30,"105,68861389160156","151,8074951171875","1,774906039237976","8,806488037109375","240,72434997558594","39,37727737426758","4,87896203994751","80,14309692382812","193,3294677734375","12,49448299407959","11,800000190734863","260,61236572265625","302,69683837890625","3,2200000286102295"
2020-11-02,"105,60121154785156","150,2239990234375","1,9867262840270996","9,699687957763672","244,48426818847656","39,879295349121094","5,408945560455322","80,55024719238281","193,19577026367188","12,541085243225098","12,140000343322754","261,19281005859375","306,08966064453125","3,319999933242798"
2020-11-03,"107,22258758544922","152,42050170898438","2,0159428119659424","9,72921371459961","249,4336395263672","40,05543518066406","5,494678974151611","81,60850524902344","197,1106719970703","12,9784517288208","12,34000015258789","265,7108459472656","311,49395751953125","3,5199999809265137"
2020-11-04,"111,60118103027344","162,05799865722656","1,9209890365600586","9,478232383728027","252,93946838378906","41,31487274169922","5,4712958335876465","86,57694244384766","206,62103271484375","13,750760078430176","12,359999656677246","277,57183837890625","318,4555358886719","3,5"
2020-11-05,"115,56233215332031","166,10000610351562","2,0743753910064697","10,33452033996582","257,84356689453125","42,01945877075195","5,860989093780518","87,40261840820312","213,20953369140625","14,115358352661133","12,640000343322754","284,80841064453125","324,6663818359375","3,740000009536743"
2020-11-06,"115,4310302734375","165,56849670410156","2,0816800594329834","10,35666561126709","257,2170104980469","42,213218688964844","5,9311347007751465","87,2652587890625","213,62013244628906","14,516088485717773","13,050000190734863","285,0211181640625","324,59222412109375","3,7300000190734863"
2020-11-09,"113,12611389160156","157,18699645996094","2,242371082305908","11,087465286254883","264,9365234375","42,50386047363281","6,305240631103516","87,34905242919922","208,53070068359375","13,587774276733398","13,029999732971191","279,19708251953125","328,6709289550781","4,139999866485596"
2020-11-10,"112,78572845458984","151,75100708007812","2,4395828247070312","12,084009170532227","267,47039794921875","42,01945877075195","6,858604431152344","86,17377471923828","201,48388671875","12,729740142822266","13,140000343322754","274,1954040527344","328,1888732910156","4,75"
2020-11-11,"116,2090835571289","156,8695068359375","2,3446288108825684","11,58204460144043","267,1071472167969","42,29248809814453","6,468912124633789","86,64537811279297","206,77378845214844","13,37569522857666","13,75","280,32904052734375","330,6268615722656","4,579999923706055"
2020-11-12,"115,93675994873047","155,51400756835938","2,1474173069000244","10,80695629119873","264,3280944824219","41,97541809082031","6,164949893951416","86,42667388916016","205,71392822265625","13,414323806762695","12,970000267028809","279,0132751464844","327,41943359375","4,320000171661377"
2020-11-13,"115,98538970947266","156,4405059814453","2,308108329772949","11,279390335083008","268,05169677734375","42,56550979614258","6,437736511230469","87,88661193847656","206,73561096191406","13,25507640838623","13,380000114440918","281,46099853515625","331,9524230957031","4,570000171661377"
2020-11-16,"116,99684143066406","156,55299377441406","2,3592369556427","11,32368278503418","272,4382019042969","43,093955993652344","6,523468971252441","87,9743881225586","207,423095703125","13,472639083862305","13,600000381469727","283,65704345703125","336,0960388183594","4,690000057220459"
2020-11-17,"116,11181640625","156,7830047607422","2,3738455772399902","11,604191780090332","270,9217224121094","43,04991149902344","6,710522174835205","87,36097717285156","204,77816772460938","13,379934310913086","13,649999618530273","282,7572937011719","334,28839111328125","4,920000076293945"
2020-11-18,"114,7891616821289","155,2729949951172","2,220458984375","11,087465286254883","267,6974792480469","42,90018844604492","6,383178234100342","86,31856536865234","202,07843017578125","13,386414527893066","13,229999542236328","280,6676025390625","330,26531982421875","4,739999771118164"
2020-11-19,"115,38240814208984","155,8509979248047","2,2496745586395264","11,153899192810059","268,21514892578125","42,970645904541016","6,492292404174805","87,20773315429688","203,36126708984375","13,397876739501953","13,020000457763672","282,8638000488281","331,6557922363281","4,78000020980835"
2020-11-20,"114,11810302734375","154,97000122070312","2,256978988647461","11,035794258117676","266,260009765625","43,208438873291016","6,328622341156006","86,1073226928711","201,41786193847656","13,046489715576172","13,270000457763672","280,9288330078125","329,38470458984375","4,760000228881836"
2020-11-23,"110,72393035888672","154,91949462890625","2,242371082305908","11,19080924987793","269,3183288574219","43,32292938232422","6,4767069816589355","85,66992950439453","201,14976501464844","13,0985746383667","13,899999618530273","280,9384765625","331,3591613769531","5,0"
2020-11-24,"112,0076904296875","155,9029998779297","2,3957579135894775","12,172589302062988","273,4506530761719","43,904212951660156","6,8741912841796875","87,47205352783203","204,73985290527344","12,916900634765625","14,0","284,8857727050781","336,6986083984375","5,329999923706055"
2020-11-25,"112,84407806396484","159,2534942626953","2,417670488357544","12,157824516296387","271,91241455078125","43,65760803222656","6,827428340911865","87,48343658447266","204,74945068359375","13,193021774291992","14,0600004196167","286,6367492675781","336,1794128417969","5,190000057220459"
2020-11-27,"113,38870239257812","159,76699829101562","2,5637528896331787","12,51953411102295","272,367431640625","44,07155227661133","7,069039344787598","88,61856079101562","206,0514373779297","13,219440460205078","14,079999923706055","289,2779541015625","337,11578369140625","5,400000095367432"
2020-11-30,"115,78117370605469","158,40199279785156","2,337324619293213","11,788737297058105","269,9828796386719","42,91780090332031","6,710522174835205","87,00093841552734","204,94094848632812","13,359246253967285","14,09000015258789","289,86810302734375","335,6232604980469","5,03000020980835"
2020-12-01,"119,35039520263672","161,00399780273438","2,4322783946990967","12,032334327697754","271,6392517089844","43,7632942199707","6,905367374420166","89,03215026855469","206,98963928222656","13,347783088684082","14,149999618530273","293,58306884765625","339,2941589355469","5,269999980926514"
2020-12-02,"119,70051574707031","160,17649841308594","2,549144983291626","12,490008354187012","272,3129577636719","43,824947357177734","7,108008861541748","90,50051879882812","206,18548583984375","13,501799583435059","14,180000305175781","293,96044921875","340,0079040527344","5,340000152587891"
2020-12-03,"119,5643310546875","159,3365020751953","2,5053203105926514","12,320225715637207","273,1138916015625","44,326961517333984","6,991100311279297","90,34529876708984","205,10365295410156","13,357708930969238","14,420000076293945","294,37640380859375","339,9152526855469","5,130000114440918"
2020-12-04,"118,89329528808594","158,12899780273438","2,6075780391693115","12,438335418701172","275,41656494140625","44,78493881225586","7,076834201812744","90,44052124023438","205,218505859375","13,519495010375977","14,050000190734863","295,5760192871094","342,844482421875","5,289999961853027"
2020-12-07,"120,35213470458984","157,89999389648438","2,549144983291626","12,231644630432129","274,06036376953125","44,78493881225586","6,97551155090332","90,10676574707031","205,15151977539062","13,56785774230957","14,130000114440918","297,2497253417969","342,13995361328125","5,25"
2020-12-08,"120,9648208618164","158,864501953125","2,4468870162963867","11,936371803283691","275,06170654296875","44,80255126953125","6,796254634857178","89,82411193847656","206,79815673828125","13,311842918395996","13,800000190734863","298,25592041015625","343,14111328125","5,159999847412109"
2020-12-09,"118,43620300292969","155,2100067138672","2,403061866760254","11,958518028259277","273,8601989746094","44,415035247802734","6,850811004638672","88,16433715820312","202,76773071289062","12,893789291381836","13,510000228881836","291,50311279296875","340,0635681152344","5,139999866485596"
2020-12-10,"119,85611724853516","155,07449340820312","2,512624502182007","12,534297943115234","273,55078125","44,98750686645508","7,310649871826172","87,65799713134766","201,5423126220703","12,93517017364502","14,380000114440918","292,6737365722656","339,9523010253906","5,539999961853027"
2020-12-11,"119,04888153076172","155,8209991455078","2,403061866760254","12,150444984436035","273,9056396484375","44,67044448852539","7,006687641143799","88,01256561279297","204,16542053222656","12,976054191589355","14,229999542236328","292,0255126953125","339,5536804199219","5,449999809265137"
2020-12-14,"118,43620300292969","157,84849548339844","2,3446288108825684","11,921608924865723","272,24017333984375","44,43819808959961","6,866398334503174","86,89481353759766","205,0653533935547","13,270711898803711","14,149999618530273","294,1443176269531","338,0334167480469","5,389999866485596"
2020-12-15,"124,36869812011719","158,25599670410156","2,388453960418701","12,268552780151367","275,4439697265625","44,918704986572266","7,061244964599609","87,33219909667969","204,99835205078125","13,32231330871582","14,239999771118164","297,2884521484375","342,60345458984375","5,510000228881836"
2020-12-16,"124,3006362915039","162,04800415039062","2,381150245666504","12,18735408782959","275,01611328125","45,132266998291016","7,045656681060791","87,13928985595703","209,9287109375","13,20465087890625","14,390000343322754","298,9234619140625","343,14111328125","5,480000019073486"
2020-12-17,"125,16619873046875","161,8040008544922","2,3665411472320557","12,05448055267334","276,23583984375","45,42591094970703","6,936543941497803","86,31212615966797","210,0627899169922","13,303116798400879","14,640000343322754","300,8776550292969","345,0600280761719","5,480000019073486"
2020-12-18,"123,18220520019531","160,08250427246094","2,337324619293213","11,759207725524902","275,3219909667969","45,372520446777344","6,80404806137085","85,60348510742188","209,26812744140625","13,234064102172852","14,399999618530273","299,96832275390625","343,6822204589844","5,389999866485596"
2020-12-21,"124,70909118652344","160,3090057373047","2,2642831802368164","11,404881477355957","275,5408935546875","44,70515060424805","6,6014084815979","86,01705932617188","213,09756469726562","13,294140815734863","13,720000267028809","299,4071350097656","342,4533386230469","5,190000057220459"
2020-12-22,"128,25889587402344","160,3260040283203","2,308108329772949","11,30153751373291","273,6531066894531","44,34921646118164","6,58582067489624","85,30593872070312","214,38999938964844","13,240297317504883","13,609999656677246","300,2212219238281","341,876220703125","5,010000228881836"
2020-12-23,"127,36415100097656","159,2635040283203","2,3154125213623047","11,74444580078125","274,756591796875","44,80302047729492","6,772871494293213","85,70315551757812","211,59454345703125","12,972065925598145","13,380000114440918","298,7092590332031","342,1833801269531","5,039999961853027"
2020-12-24,"128,34640502929688","158,63450622558594","2,293499708175659","11,493465423583984","275,431640625","44,60726547241211","6,765079021453857","85,99723052978516","213,250732421875","12,956610679626465","13,279999732971191","300,0274353027344","343,5146484375","4,940000057220459"
2020-12-28,"132,9368438720703","164,197998046875","2,308108329772949","11,441791534423828","277,2371826171875","44,73184585571289","6,757283687591553","87,9709243774414","215,36651611328125","12,863126754760742","13,1899995803833","303,05133056640625","346,4656677246094","4,909999847412109"
2020-12-29,"131,16677856445312","166,10000610351562","2,4103662967681885","12,002808570861816","276,74468994140625","45,39921951293945","7,1158037185668945","87,16755676269531","214,591064453125","12,906253814697266","13,279999732971191","303,3227233886719","345,80462646484375","4,929999828338623"
2020-12-30,"130,04837036132812","164,29249572753906","2,388453960418701","11,692773818969727","277,3557434082031","46,00429916381836","6,920955657958984","86,10087585449219","212,22637939453125","13,108177185058594","13,6899995803833","303,3323669433594","346,2981262207031","4,900000095367432"
2020-12-31,"129,04664611816406","162,84649658203125","2,3446288108825684","11,493465423583984","278,8695373535156","45,977603912353516","6,8118414878845215","86,91366577148438","212,934814453125","13,017685890197754","13,779999732971191","304,07867431640625","348,05755615234375","4,699999809265137"
2021-01-04,"125,8566665649414","159,3314971923828","2,205850601196289","10,792193412780762","275,7051696777344","46,2712516784668","6,4533233642578125","85,59902954101562","208,40658569335938","13,076017379760742","13,079999923706055","299,78509521484375","343,3191223144531","4,519999980926514"
2021-01-05,"127,4127426147461","160,92550659179688","2,1839375495910645","10,740520477294922","277,09112548828125","47,38353729248047","6,383178234100342","86,28932189941406","208,6075897216797","13,366437911987305","13,0","302,256591796875","345,68365478515625","4,619999885559082"
2021-01-06,"123,12387084960938","156,91900634765625","2,1766340732574463","10,910300254821777","281,0765075683594","46,98310852050781","6,4767069816589355","85,4378433227539","203,1985321044922","12,578445434570312","12,979999542236328","298,0696105957031","347,75030517578125","4,650000095367432"
2021-01-07,"127,32526397705078","158,10800170898438","2,1620256900787354","10,954590797424316","283,1649169921875","47,42803192138672","6,484498977661133","87,98977661132812","208,98095703125","13,305859565734863","13,420000076293945","305,2805480957031","352,9171142578125","4,78000020980835"
2021-01-08,"128,4241943359375","159,13499450683594","2,1693296432495117","10,836482048034668","283,65740966796875","48,68269348144531","6,406560897827148","89,15463256835938","210,2542266845703","13,238801002502441","13,010000228881836","309,205810546875","354,9279479980469","4,690000057220459"
2021-01-11,"125,4384765625","155,7104949951172","2,0670714378356934","10,452629089355469","282,8638916015625","48,02421951293945","6,1883320808410645","87,09467315673828","208,21510314941406","13,582565307617188","12,619999885559082","304,73779296875","352,53533935546875","4,420000076293945"
2021-01-12,"125,26347351074219","156,04150390625","2,191242218017578","10,60026741027832","283,38385009765625","48,495826721191406","6,320828437805176","86,15939331054688","205,76425170898438","13,446208953857422","12,680000305175781","304,25311279296875","352,6098937988281","4,179999828338623"
2021-01-13,"127,29603576660156","158,29449462890625","2,191242218017578","10,4378662109375","283,283447265625","48,60261154174805","6,313035011291504","86,64636993408203","207,11412048339844","13,493074417114258","12,6899995803833","306,307861328125","353,55938720703125","4,090000152587891"
2021-01-14,"125,37042236328125","156,37350463867188","2,242371082305908","10,696229934692383","282,75445556640625","49,056419372558594","6,445530414581299","85,83655548095703","203,93569946289062","13,162521362304688","12,970000267028809","304,669921875","352,3212890625","4,150000095367432"
2021-01-15,"123,64903259277344","155,21249389648438","2,1620256900787354","10,33452033996582","281,11053466796875","48,362361907958984","6,235095024108887","85,67292022705078","203,5814208984375","12,822741508483887","12,829999923706055","302,256591796875","349,7518615722656","3,9600000381469727"
2021-01-19,"124,32009887695312","156,03799438476562","2,140113115310669","10,297611236572266","282,205322265625","49,163204193115234","6,0636305809021","88,49211120605469","207,20980834960938","12,988020896911621","13,0","306,66644287109375","352,49810791015625","3,940000057220459"
2021-01-20,"128,40475463867188","163,16900634765625","2,191242218017578","10,533829689025879","284,4404296875","50,026344299316406","6,141568660736084","93,2329330444336","214,77293395996094","13,327547073364258","13,260000228881836","313,7998352050781","357,3762512207031","3,680000066757202"
2021-01-21,"133,11187744140625","165,34950256347656","2,1035921573638916","10,25332260131836","284,5318603515625","50,11533737182617","5,9311347007751465","93,43525695800781","215,3760528564453","13,827861785888672","12,600000381469727","316,3100280761719","357,7020568847656","3,25"
2021-01-22,"135,25144958496094","164,6114959716797","2,0524632930755615","9,86208438873291","282,7983093261719","49,67930603027344","5,829813480377197","93,85231018066406","216,31430053710938","13,67330551147461","12,390000343322754","315,3990478515625","356,43603515625","3,490000009536743"
2021-01-25,"138,99574279785156","164,6999969482422","2,023247003555298","9,876847267150879","282,50634765625","50,05303955078125","5,751875400543213","93,93760681152344","219,7416229248047","13,614222526550293","12,569999694824219","318,0060729980469","357,8416748046875","3,450000047683716"
2021-01-26,"139,22915649414062","166,30650329589844","2,0670714378356934","10,260703086853027","282,26922607421875","49,68820571899414","6,0636305809021","94,6155014038086","222,42222595214844","13,396848678588867","13,079999923706055","318,47137451171875","357,2831726074219","3,740000009536743"
2021-01-27,"138,1593780517578","161,62899780273438","2,1182010173797607","10,15735912322998","276,6764831542969","48,30896759033203","6,009073257446289","90,20149230957031","222,96791076660156","12,88082504272461","13,199999809265137","309,5935363769531","348,5509948730469","4,050000190734863"
2021-01-28,"133,3258056640625","161,88099670410156","2,0670714378356934","10,142594337463379","279,2402038574219","48,647098541259766","6,040248870849609","91,90044403076172","228,74073791503906","13,01369571685791","13,25","311,42523193359375","351,5485534667969","3,9800000190734863"
2021-01-29,"128,33668518066406","160,30999755859375","1,9648138284683228","9,832559585571289","273,5289001464844","47,43693542480469","5,8142266273498535","90,61903381347656","222,06800842285156","12,952621459960938","12,609999656677246","304,8734130859375","344,5106506347656","3,6500000953674316"
2021-02-01,"130,45684814453125","167,1439971923828","2,023247003555298","10,061394691467285","275,54522705078125","48,718292236328125","6,125980377197266","93,87759399414062","229,42999267578125","13,19916820526123","13,59000015258789","312,49151611328125","350,24530029296875","4,010000228881836"
2021-02-02,"131,2834930419922","169,0","2,0305511951446533","9,898995399475098","279,92449951171875","49,35006332397461","6,0636305809021","95,16942596435547","229,29600524902344","13,518003463745117","13,119999885559082","317,58941650390625","355,1978454589844","3,9100000858306885"
2021-02-03,"130,26234436035156","165,62649536132812","2,0816800594329834","9,980195045471191","280,3258361816406","49,599220275878906","6,0636305809021","102,10014343261719","232,63719177246094","13,491827011108398","13,130000114440918","316,32940673828125","355,4771728515625","4,300000190734863"
2021-02-04,"133,61756896972656","166,5500030517578","2,0962882041931152","10,179503440856934","283,4371032714844","49,61701965332031","6,25068473815918","101,83979797363281","231,68942260742188","13,625191688537598","13,4399995803833","320,0705871582031","359,5174255371094","4,300000190734863"
2021-02-05,"133,20362854003906","167,6074981689453","2,1693296432495117","10,555975914001465","284,2307434082031","50,04413604736328","6,445530414581299","103,58537292480469","231,8712921142578","13,55215072631836","13,40999984741211","321,1561279296875","360,9323425292969","4,210000038146973"
2021-02-08,"133,3497314453125","166,14700317382812","2,191242218017578","10,747902870178223","286,3746337890625","50,133121490478516","6,4767069816589355","103,37162780761719","232,12979125976562","14,397481918334961","13,619999885559082","323,3077087402344","363,53900146484375","4,510000228881836"
2021-02-09,"132,47312927246094","165,25","2,2131545543670654","10,858627319335938","286,40216064453125","50,66701126098633","6,445530414581299","102,91887664794922","233,37435913085938","14,222480773925781","13,640000343322754","323,2398986816406","363,29705810546875","4,679999828338623"
2021-02-10,"131,86924743652344","164,32899475097656","2,1985461711883545","10,725754737854004","286,9312438964844","50,8449821472168","6,336415767669678","103,46881866455078","232,4648895263672","14,722049713134766","13,59000015258789","322,50323486328125","363,1387939453125","4,519999980926514"
2021-02-11,"131,6160430908203","163,10650634765625","2,2496745586395264","10,998884201049805","287,09552001953125","51,387786865234375","6,468912124633789","103,5813980102539","234,0636444091797","15,207155227661133","13,770000457763672","324,2769775390625","363,72515869140625","4,599999904632568"
2021-02-12,"131,84979248046875","163,885498046875","2,205850601196289","10,947210311889648","287,423828125","51,43227767944336","6,4533233642578125","103,89282989501953","234,54229736328125","14,918487548828125","14,430000305175781","326,08941650390625","365,52191162109375","4,639999866485596"
2021-02-16,"129,72647094726562","163,44749450683594","2,300804376602173","11,441791534423828","287,91668701171875","51,556846618652344","6,6949334144592285","104,66991424560547","233,30731201171875","15,286429405212402","15,039999961853027","325,2073974609375","365,2054138183594","4,739999771118164"
2021-02-17,"127,43758392333984","165,4320068359375","2,227762460708618","11,471319198608398","288,8472900390625","51,57464599609375","6,726109027862549","105,06265258789062","234,324462890625","14,863395690917969","14,979999542236328","323,64691162109375","365,28924560546875","4,800000190734863"
2021-02-18,"126,33699798583984","166,4114990234375","2,256978988647461","11,32368278503418","287,8984069824219","50,86278533935547","6,796254634857178","104,42740631103516","233,9310302734375","14,786615371704102","14,609999656677246","322,23187255859375","363,7344970703125","4,630000114440918"
2021-02-19,"126,4928207397461","162,4949951171875","2,286196231842041","11,257245063781738","287,8627014160156","51,19202423095703","6,726109027862549","103,5843734741211","231,22508239746094","14,883832931518555","14,720000267028809","320,8265075683594","363,0921325683594","4,400000095367432"
2021-02-22,"122,72344207763672","159,03700256347656","2,125505208969116","10,504302024841309","288,12774658203125","49,68820571899414","6,258477687835693","101,87104034423828","225,02635192871094","14,314717292785645","14,470000267028809","312,51080322265625","360,29931640625","4,110000133514404"
2021-02-23,"122,58708953857422","159,72500610351562","2,1035921573638916","10,393573760986328","288,2922668457031","49,910667419433594","6,1961259841918945","102,16163635253906","223,8364715576172","14,101577758789062","14,260000228881836","311,58038330078125","360,7369079589844","4,099999904632568"
2021-02-24,"122,09034729003906","157,97650146484375","2,140113115310669","10,733137130737305","292,0765075683594","49,59032440185547","6,359796047210693","103,33642578125","225,064697265625","14,457557678222656","14,350000381469727","314,14874267578125","364,7119445800781","4,460000038146973"
2021-02-25,"117,8437271118164","152,85800170898438","2,0743753910064697","10,17212200164795","287,00341796875","48,460235595703125","5,962309837341309","99,97124481201172","219,72955322265625","13,269463539123535","13,420000076293945","303,1966857910156","355,9239196777344","4,28000020980835"
2021-02-26,"118,10669708251953","154,64649963378906","1,9794219732284546","10,009721755981445","282,862548828125","47,81066131591797","5,806433200836182","100,26679229736328","222,98245239257812","13,675299644470215","13,329999923706055","304,4663391113281","354,0900573730469","4,329999923706055"
2021-03-01,"124,46690368652344","157,3070068359375","1,9794219732284546","10,408340454101562","288,4751281738281","49,092018127441406","5,915548801422119","102,63471984863281","227,35801696777344","13,8021879196167","13,380000114440918","313,6253356933594","362,6732177734375","4,159999847412109"
2021-03-02,"121,86632537841797","154,72650146484375","1,9648138284683228","10,4378662109375","287,1954345703125","48,611515045166016","5,977898120880127","102,37783813476562","224,4121856689453","13,367931365966797","13,270000457763672","308,5951843261719","359,84320068359375","3,9600000381469727"
2021-03-03,"118,8858871459961","150,25","1,9575092792510986","10,009721755981445","286,0984802246094","48,51362991333008","5,673938274383545","99,74610137939453","218,3573760986328","12,768148422241211","13,270000457763672","299,6397705078125","355,07684326171875","3,990000009536743"
2021-03-04,"117,00607299804688","148,8784942626953","1,9867262840270996","9,943285942077637","282,9814453125","47,38353729248047","5,759668827056885","100,86287689208984","217,56092834472656","12,334892272949219","13,510000228881836","294,73553466796875","350,682861328125","4,190000057220459"
2021-03-05,"118,26254272460938","150,0229949951172","1,9648138284683228","9,670158386230469","288,1551513671875","47,89964294433594","5,549234390258789","103,99398803710938","222,2340087890625","12,425883293151855","13,670000076293945","299,1745910644531","357,1342468261719","4,25"
2021-03-08,"113,3341293334961","147,59750366210938","1,8552515506744385","9,389650344848633","290,90655517578125","46,6093864440918","5,557028770446777","99,55220794677734","218,1942901611328","11,560112953186035","13,279999732971191","290,70361328125","355,3561096191406","3,950000047683716"
2021-03-09,"117,94111633300781","153,1425018310547","1,8698596954345703","9,507758140563965","291,2355041503906","47,63269805908203","5,6037917137146","101,1817398071289","224,32582092285156","12,488776206970215","13,300000190734863","302,16943359375","360,4296569824219","4,079999923706055"
2021-03-10,"116,85999298095703","152,8820037841797","2,0159428119659424","10,268084526062012","295,5500793457031","47,41913604736328","6,040248870849609","100,9749526977539","223,02085876464844","12,436904907226562","13,880000114440918","301,30670166015625","362,6732177734375","4,309999942779541"
2021-03-11,"118,78852081298828","155,67950439453125","2,0962882041931152","10,489540100097656","297,3782043457031","48,91405487060547","6,125980377197266","104,16606903076172","227,54037475585938","12,960832595825195","13,970000267028809","308,2462158203125","366,3504333496094","4,400000095367432"
2021-03-12,"117,88267517089844","154,47450256347656","2,1035921573638916","10,644556045532227","300,1022033691406","48,04201889038086","6,1883320808410645","101,65978240966797","226,21621704101562","12,823676109313965","14,289999961853027","305,7457275390625","366,8437805175781","4,409999847412109"
2021-03-15,"120,76570892333984","154,08399963378906","2,242371082305908","10,954590797424316","301,7291564941406","48,15768814086914","6,406560897827148","101,87996673583984","225,31419372558594","13,158085823059082","14,6899995803833","309,011962890625","369,031494140625","4,510000228881836"
2021-03-16,"122,30463409423828","154,59300231933594","2,1985461711883545","10,799575805664062","300,60498046875","48,362361907958984","6,235095024108887","103,34040069580078","228,09695434570312","13,257835388183594","14,579999923706055","310,7080078125","368,5660705566406","4,389999866485596"
2021-03-17,"121,51568603515625","156,7864990234375","2,1328089237213135","10,925066947937012","302,35076904296875","48,42464828491211","6,289651870727539","103,257568359375","227,45396423339844","13,307709693908691","14,6899995803833","311,98736572265625","369,8229064941406","4,559999942779541"
2021-03-18,"117,39569091796875","151,39950561523438","2,0670714378356934","10,474772453308105","301,0619812011719","47,534812927246094","6,079218864440918","100,23853302001953","221,3895721435547","12,690516471862793","14,479999542236328","302,4311218261719","364,4419860839844","4,349999904632568"
2021-03-19,"116,86972045898438","153,7480010986328","2,0816800594329834","10,555975914001465","298,60833740234375","48,122100830078125","6,172745227813721","100,51721954345703","221,0345458984375","12,813454627990723","14,59000015258789","303,4972229003906","363,7677307128906","4,400000095367432"
2021-03-22,"120,18130493164062","155,5435028076172","2,1108968257904053","10,696229934692383","299,7347106933594","47,97972869873047","6,1571574211120605","100,70219421386719","226,44644165039062","13,153098106384277","14,869999885559082","309,18865966796875","366,6724548339844","4,389999866485596"
2021-03-23,"119,35342407226562","156,875","2,1182010173797607","10,75528335571289","296,82208251953125","47,06319808959961","6,141568660736084","101,2298355102539","227,97219848632812","13,037888526916504","14,579999923706055","307,8398742675781","363,78631591796875","4,199999809265137"
2021-03-24,"116,96711730957031","154,35350036621094","2,0524632930755615","10,371430397033691","296,8403625488281","45,98650360107422","5,962309837341309","100,79344177246094","225,93792724609375","12,611213684082031","14,609999656677246","302,64801025390625","361,93707275390625","4,099999904632568"
2021-03-25,"117,45410919189453","152,31300354003906","2,023247003555298","10,046632766723633","298,77313232421875","46,2000617980957","5,923341274261475","100,78997802734375","222,9440460205078","12,503734588623047","14,109999656677246","302,1240234375","363,9731750488281","4,099999904632568"
2021-03-26,"118,05801391601562","152,60150146484375","1,9794219732284546","10,098302841186523","302,8215637207031","47,40133285522461","5,962309837341309","100,4066390991211","226,91665649414062","12,806970596313477","14,100000381469727","306,6559143066406","369,83856201171875","4,119999885559082"
2021-03-29,"118,23332977294922","153,7864990234375","1,9940303564071655","10,098302841186523","303,7832336425781","47,07209777832031","5,915548801422119","101,45101165771484","225,72677612304688","12,915698051452637","14,520000457763672","306,56854248046875","369,6517639160156","4,090000152587891"
2021-03-30,"116,78205871582031","152,76449584960938","2,0086381435394287","9,898995399475098","303,01385498046875","47,22336959838867","6,001280307769775","101,4847412109375","222,47389221191406","12,839387893676758","14,779999732971191","305,0256042480469","368,6711120605469","4,119999885559082"
2021-03-31,"118,97354888916016","154,70399475097656","1,9940303564071655","9,854704856872559","302,42779541015625","47,463623046875","5,9311347007751465","102,28064727783203","226,23538208007812","13,314691543579102","14,84000015258789","309,693359375","370,1654968261719","4,110000133514404"
2021-04-01,"119,80146026611328","158,0500030517578","2,0013341903686523","9,72921371459961","303,5909118652344","47,92634201049805","5,915548801422119","105,61608123779297","232,54925537109375","13,777024269104004","14,989999771118164","314,9725341796875","374,1629638671875","4,239999771118164"
2021-04-05,"122,62606048583984","161,3365020751953","1,9648138284683228","9,721830368041992","307,0256652832031","48,11320495605469","5,977898120880127","110,03852844238281","238,9974822998047","13,952333450317383","14,859999656677246","321,2608642578125","379,5332946777344","4,150000095367432"
2021-04-06,"122,927978515625","161,1909942626953","2,0378549098968506","10,024486541748047","306,2654724121094","48,380149841308594","6,079218864440918","109,5574951171875","237,8364715576172","13,82664966583252","15,0","321,0377502441406","379,3091125488281","4,380000114440918"
2021-04-07,"124,57403564453125","163,96949768066406","1,9794219732284546","9,78088665008545","306,2654724121094","47,66828536987305","6,0558366775512695","111,03380584716797","239,7939453125","14,107941627502441","14,6899995803833","321,8140869140625","379,74810791015625","4,289999961853027"
2021-04-08,"126,97006225585938","164,96499633789062","2,023247003555298","9,803030967712402","306,9615173339844","48,05980682373047","6,001280307769775","111,5991439819336","243,00848388671875","14,281007766723633","14,609999656677246","325,1717529296875","381,5506591796875","4,179999828338623"
2021-04-09,"129,54141235351562","168,61000061035156","1,9721176624298096","9,655396461486816","309,46209716796875","47,65048599243164","5,853194713592529","112,60284423828125","245,5033416748047","14,363797187805176","14,420000076293945","327,1416931152344","384,32464599609375","4,019999980926514"
2021-04-12,"127,82718658447266","168,96949768066406","1,9282935857772827","9,352742195129395","309,1781921386719","47,365745544433594","5,705112457275391","111,3110122680664","245,56089782714844","15,170764923095703","14,699999809265137","326,7147216796875","384,4647216796875","3,9200000762939453"
2021-04-13,"130,93423461914062","170,0","1,8844679594039917","9,441322326660156","308,4820556640625","47,56150436401367","5,6817307472229","111,79749298095703","248,0365447998047","15,6400785446167","14,1899995803833","330,5285949707031","385,6042175292969","3,930000066757202"
2021-04-14,"128,59661865234375","166,64999389648438","1,9063804149627686","9,426559448242188","309,159912109375","47,801761627197266","5,720700263977051","111,1766357421875","245,25381469726562","15,238591194152832","14,15999984741211","326,5594787597656","384,2872619628906","3,940000057220459"
2021-04-15,"131,0023651123047","168,95449829101562","1,8625558614730835","9,249395370483398","311,8252868652344","48,23777389526367","5,6115851402282715","113,32585906982422","249,00567626953125","16,096681594848633","14,170000076293945","331,5086975097656","388,41552734375","3,8399999141693115"
2021-04-16,"130,6712188720703","169,9720001220703","1,9355971813201904","9,59634017944336","313,2289733886719","48,362361907958984","5,744081497192383","113,20188903808594","250,19554138183594","15,872495651245117","14,5600004196167","331,8967590332031","389,7137756347656","3,9600000381469727"
2021-04-19,"131,33358764648438","168,60049438476562","1,9355971813201904","9,588959693908691","312,2119445800781","48,184391021728516","5,783051490783691","113,54951477050781","248,2764892578125","15,323128700256348","14,600000381469727","328,859375","387,7991027832031","3,9200000762939453"
2021-04-20,"129,64854431152344","166,7344970703125","1,9063804149627686","9,301068305969238","309,8020935058594","47,79286575317383","5,6037917137146","113,01641845703125","247,8158721923828","15,133108139038086","14,300000190734863","326,46246337890625","384,959716796875","3,799999952316284"
2021-04-21,"130,02842712402344","168,1009979248047","1,9209890365600586","9,389650344848633","312,7158203125","48,08650588989258","5,634967803955078","112,98370361328125","250,04205322265625","15,321883201599121","14,229999542236328","329,25726318359375","388,6023254394531","3,859999895095825"
2021-04-22,"128,50897216796875","165,45199584960938","1,8625558614730835","9,271541595458984","309,8020935058594","47,917442321777344","5,6037917137146","111,70276641845703","246,76998901367188","14,812914848327637","14,180000305175781","325,2882385253906","385,0531311035156","3,759999990463257"
2021-04-23,"130,8271026611328","167,04400634765625","1,8625558614730835","9,256779670715332","311,9188232421875","48,611515045166016","5,6115851402282715","114,05384063720703","250,58895874023438","15,226873397827148","13,850000381469727","329,38336181640625","389,22808837890625","3,75"
2021-04-26,"131,2166748046875","170,4499969482422","1,8771634101867676","9,478232383728027","311,4056396484375","48,673797607421875","5,7752580642700195","114,54974365234375","250,9728546142578","15,439087867736816","13,40999984741211","331,528076171875","390,0406799316406","3,7799999713897705"
2021-04-27,"130,89523315429688","170,8715057373047","1,9648138284683228","10,245940208435059","311,36895751953125","48,647098541259766","6,016867637634277","113,61001586914062","251,3758087158203","15,343079566955566","13,449999809265137","330,09185791015625","389,95648193359375","3,880000114440918"
2021-04-28,"130,1063232421875","172,9250030517578","1,9867262840270996","10,216413497924805","310,0312805175781","49,01193618774414","6,0714240074157715","116,98512268066406","244,26547241210938","15,238340377807617","13,619999885559082","328,9758605957031","389,844482421875","4,0"
2021-04-29,"130,0089111328125","173,5655059814453","1,9721176624298096","10,113067626953125","312,0470886230469","48,89625549316406","5,94672155380249","118,65728759765625","242,2984161376953","15,286221504211426","13,619999885559082","330,15972900390625","392,3289794921875","3,990000009536743"
2021-04-30,"128,04144287109375","173,37100219726562","1,9136847257614136","9,869465827941895","310,55352783203125","48,033119201660156","5,837608337402344","116,71039581298828","241,98171997070312","14,97176456451416","13,420000076293945","327,9956970214844","389,7510681152344","3,7799999713897705"
2021-05-03,"129,09336853027344","169,32449340820312","1,8552515506744385","9,758742332458496","312,5417785644531","48,033119201660156","5,705112457275391","116,19366455078125","241,6746826171875","14,799447059631348","13,359999656677246","326,24884033203125","390,5917053222656","3,759999990463257"
2021-05-04,"124,52533721923828","165,593505859375","1,8625558614730835","9,537283897399902","312,8898620605469","47,49032211303711","5,642760276794434","114,3960189819336","237,76925659179688","14,315170288085938","13,350000381469727","320,3778076171875","388,1820373535156","3,680000066757202"
2021-05-05,"124,76884460449219","163,52699279785156","1,8552515506744385","9,552048683166504","313,6139221191406","47,71277618408203","5,673938274383545","114,78976440429688","236,502685546875","14,422148704528809","13,640000343322754","319,3006286621094","388,3034362792969","3,7899999618530273"
2021-05-06,"126,36616516113281","165,31849670410156","1,9209890365600586","9,611104965209961","316,5732727050781","48,16659164428711","5,8142266273498535","115,90950775146484","239,63082885742188","14,48648738861084","13,550000190734863","321,7073059082031","391,4042053222656","3,7699999809265137"
2021-05-07,"127,03939056396484","164,58050537109375","2,0378549098968506","10,504302024841309","318,7447814941406","48,664894104003906","6,149363040924072","116,63251495361328","242,25042724609375","14,77501106262207","14,3100004196167","324,3177490234375","394,25286865234375","3,990000009536743"
2021-05-10,"123,76119232177734","159,52450561523438","2,1108968257904053","10,378811836242676","318,6166076660156","47,79286575317383","6,1883320808410645","113,64820861816406","237,18394470214844","14,22988510131836","14,369999885559082","316,12738037109375","390,3489074707031","4,070000171661377"
2021-05-11,"122,84410095214844","161,19549560546875","2,0816800594329834","10,12044906616211","314,1910400390625","47,65938949584961","6,118185997009277","112,57259368896484","236,2723846435547","14,270281791687012","14,279999732971191","315,690673828125","386,8651428222656","3,9000000953674316"
2021-05-12,"119,78055572509766","157,5970001220703","2,023247003555298","9,96543025970459","307,85968017578125","46,34244155883789","5,993484973907471","109,1106948852539","229,33473205566406","13,72391128540039","14,039999961853027","307,51959228515625","378,64599609375","4,150000095367432"
2021-05-13,"121,92698669433594","158,07350158691406","2,0889837741851807","10,54859447479248","311,9370422363281","46,280147552490234","6,203919887542725","110,53840637207031","233,20176696777344","13,63089370727539","14,899999618530273","309,8971862792969","383,1945495605469","4,199999809265137"
2021-05-14,"124,3465805053711","161,14500427246094","2,205850601196289","11,29415225982666","315,42791748046875","47,11659240722656","6,544915199279785","112,98517608642578","238,11471557617188","14,207193374633789","15,670000076293945","316,7386779785156","389,0785827636719","4,46999979019165"
2021-05-17,"123,19532775878906","163,51950073242188","2,286196231842041","11,64109992980957","314,86907958984375","47,07209777832031","6,725627899169922","113,50785827636719","235,2647705078125","14,129886627197266","15,050000190734863","314,81719970703125","388,08856201171875","4,690000057220459"
2021-05-18,"121,80989837646484","161,61399841308594","2,242371082305908","11,463936805725098","312,5417785644531","47,70388412475586","6,615628719329834","112,1961898803711","233,24974060058594","13,980515480041504","14,970000267028809","312,6919860839844","384,74493408203125","4,690000057220459"
2021-05-19,"121,65380096435547","161,58999633789062","2,220458984375","11,404881477355957","311,01171875","47,56150436401367","6,55277156829834","112,64400482177734","233,82676696777344","14,030387878417969","14,670000076293945","313,051025390625","383,7362365722656","4,550000190734863"
2021-05-20,"124,21002197265625","162,38400268554688","2,308108329772949","11,633719444274902","312,91748046875","47,83735656738281","6,717770576477051","114,4019775390625","237,058349609375","14,575763702392578","14,930000305175781","319,1065979003906","387,86456298828125","4,579999923706055"
2021-05-21,"122,37577056884766","160,1540069580078","2,2715871334075928","11,176046371459961","314,0403137207031","47,28565979003906","6,466344833374023","113,7662124633789","235,79844665527344","14,954057693481445","14,670000076293945","317,3403015136719","387,5468444824219","4,5"
2021-05-24,"124,00509643554688","162,24949645996094","2,227762460708618","10,969355583190918","315,8031311035156","47,677188873291016","6,38777494430542","117,08430480957031","241,19403076171875","15,572749137878418","14,569999694824219","322,67767333984375","391,4976806640625","4,630000114440918"
2021-05-25,"123,80998229980469","162,95249938964844","2,15472149848938","10,762664794921875","315,08697509765625","48,1487922668457","6,364203453063965","117,175048828125","242,0980987548828","15,60840892791748","14,390000343322754","323,1241149902344","390,6289978027344","4,510000228881836"
2021-05-26,"123,76119232177734","163,25799560546875","2,205850601196289","11,205573081970215","315,1697692871094","48,50472640991211","6,529202938079834","118,03990936279297","241,87689208984375","15,660528182983398","14,609999656677246","324,2498474121094","391,4042053222656","4,519999980926514"
2021-05-27,"122,22940826416016","161,5054931640625","2,293499708175659","11,286772727966309","316,3908386230469","48,51362991333008","6,733484268188477","117,16564178466797","239,78018188476562","15,449061393737793","14,649999618530273","323,0367431640625","391,6097106933594","4,559999942779541"
2021-05-28,"121,57575225830078","161,15350341796875","2,4614951610565186","12,098771095275879","317,34564208984375","48,825069427490234","6,977053642272949","116,87652587890625","240,13604736328125","16,203655242919922","15,289999961853027","324,05572509765625","392,31024169921875","4,699999809265137"
2021-06-01,"121,2537841796875","160,9324951171875","2,5637528896331787","12,16520881652832","317,5567321777344","49,83058166503906","7,157763957977295","118,08303833007812","237,94322204589844","16,22361183166504","16,100000381469727","322,97857666015625","391,9646301269531","4,880000114440918"
2021-06-02,"122,01478576660156","161,69949340820312","2,717139959335327","12,334988594055176","318,0067138671875","49,910667419433594","7,126337051391602","117,55789184570312","237,8470458984375","16,736066818237305","16,530000686645508","323,6093444824219","392,58099365234375","4,949999809265137"
2021-06-03,"120,53180694580078","159,35049438476562","2,731748342514038","12,748369216918945","317,69464111328125","49,376766204833984","7,36204719543457","116,41680908203125","236,3177947998047","16,927085876464844","16,739999771118164","320,2419738769531","391,1239929199219","5,150000095367432"
2021-06-04,"122,8245620727539","160,31100463867188","2,7901811599731445","13,006734848022461","319,4206237792969","49,821678161621094","7,802041530609131","118,69744873046875","241,20361328125","17,5340576171875","16,940000534057617","325,67633056640625","394,70123291015625","5,400000095367432"
2021-06-07,"122,8343505859375","159,90049743652344","2,877831220626831","13,368441581726074","318,2178649902344","49,5725212097168","8,022040367126465","119,13038635253906","244,1082000732422","17,574705123901367","17,479999542236328","326,64678955078125","394,3182678222656","5,659999847412109"
2021-06-08,"123,65386962890625","163,20550537109375","2,8047897815704346","13,065790176391602","317,98822021484375","49,332275390625","7,676329612731934","118,93897247314453","242,91563415527344","17,413116455078125","17,420000076293945","326,8020935058594","394,40234375","5,510000228881836"
2021-06-09,"124,03437805175781","164,0574951171875","3,009305477142334","13,516077041625977","316,5652770996094","49,18989562988281","8,022040367126465","119,41008758544922","243,8966064453125","17,318578720092773","17,420000076293945","326,87969970703125","393,8138732910156","5,550000190734863"
2021-06-10,"123,03921508789062","167,4824981689453","3,009305477142334","13,545605659484863","316,7396240234375","49,58403015136719","8,163466453552246","120,75843048095703","247,40707397460938","17,385177612304688","17,40999984741211","330,2858581542969","395,6445007324219","5,71999979019165"
2021-06-11,"124,24901580810547","167,3415069580078","2,8413100242614746","13,006734848022461","316,8682556152344","49,414222717285156","7,786327362060547","120,51395416259766","248,0322723388672","17,78451156616211","16,770000457763672","331,1495666503906","396,29827880859375","5,380000114440918"
2021-06-14,"127,30276489257812","169,19349670410156","2,8997440338134766","13,036259651184082","316,1152648925781","49,548282623291016","7,935611248016357","121,44178771972656","249,95578002929688","17,977569580078125","17,040000915527344","334,3228759765625","397,1856384277344","5,460000038146973"
2021-06-15,"126,48328399658203","169,156494140625","2,863223075866699","13,080551147460938","315,2982177734375","49,20867156982422","7,9120378494262695","120,42420196533203","248,48422241210938","17,74784278869629","17,06999969482422","332,1393737792969","396,45709228515625","5,429999828338623"
2021-06-16,"126,9808349609375","170,7624969482422","2,870527744293213","13,272477149963379","312,86529541015625","48,53837203979492","8,02989673614502","119,78250122070312","247,541748046875","17,769548416137695","16,989999771118164","330,9263000488281","394,24346923828125","5,5"
2021-06-17,"128,5808868408203","174,46200561523438","2,782876968383789","12,844332695007324","310,9278564453125","48,806488037109375","7,786327362060547","120,74553680419922","250,92715454101562","18,614612579345703","16,889999389648438","335,1283264160156","394,1127624511719","5,139999866485596"
2021-06-18,"127,28330993652344","174,34500122070312","2,782876968383789","12,593353271484375","306,14935302734375","48,46686935424805","7,597757816314697","119,12641906738281","249,51333618164062","18,596153259277344","16,600000381469727","332,4984436035156","388,7959899902344","5,050000190734863"
2021-06-21,"129,0785369873047","172,697998046875","2,6587071418762207","12,16520881652832","311,5008239746094","48,672420501708984","7,424902439117432","120,81398010253906","252,59107971191406","18,385133743286133","16,59000015258789","334,56500244140625","394,3620300292969","5,039999961853027"
2021-06-22,"130,7175750732422","175,27200317382812","2,717139959335327","12,482625007629395","312,1167907714844","48,448997497558594","7,652756690979004","121,32772827148438","255,3609161376953","18,84358024597168","16,8799991607666","337,6837158203125","396,4703674316406","5,210000038146973"
2021-06-23,"130,44439697265625","175,1909942626953","2,6879236698150635","12,120917320251465","311,5008239746094","48,74393081665039","7,527045249938965","121,12589263916016","255,1301727294922","19,01369285583496","16,469999313354492","337,8488464355469","395,9925537109375","5,050000190734863"
2021-06-24,"130,16143798828125","172,45399475097656","2,636794090270996","12,091386795043945","314,44305419921875","49,1907958984375","7,495617389678955","121,49584197998047","256,4959411621094","19,161603927612305","16,399999618530273","339,93768310546875","398,3350830078125","5,21999979019165"
2021-06-25,"129,86880493164062","170,072998046875","2,534536838531494","11,655860900878906","316,7140808105469","49,60190963745117","7,2284770011901855","121,5042724609375","254,8896484375","18,987504959106445","15,449999809265137","339,5198669433594","399,75006103515625","4,889999866485596"
2021-06-28,"131,49813842773438","172,1945037841797","2,512624502182007","11,58204460144043","315,1970520019531","49,64659118652344","7,197049140930176","121,53153991699219","258,4482421875","19,939327239990234","15,199999809265137","343,64898681640625","400,5558776855469","4,690000057220459"
2021-06-29,"133,01034545898438","172,40699768066406","2,4249744415283203","11,264630317687988","315,2520446777344","49,61083984375","6,914196014404297","121,27021026611328","261,02581787109375","19,980979919433594","15,0","344,892578125","400,7714538574219","4,550000190734863"
2021-06-30,"133,62503051757812","172,00799560546875","2,3738455772399902","11,094846725463867","317,1739196777344","49,289100646972656","6,772768974304199","121,08871459960938","260,5449523925781","19,956787109375","15,170000076293945","344,3484802246094","401,1087341308594","4,679999828338623"
2021-07-01,"133,927490234375","171,64849853515625","2,3300204277038574","10,917684555053711","318,47021484375","49,01205062866211","6,67848539352417","121,4407958984375","261,21820068359375","20,165802001953125","14,890000343322754","344,48455810546875","403,3294677734375","4,590000152587891"
2021-07-02,"136,5519256591797","175,5489959716797","2,351933002471924","11,072701454162598","319,9230651855469","48,95841979980469","6,702056884765625","124,23072052001953","267,0368957519531","20,44017791748047","15,119999885559082","348,4388122558594","406,4123229980469","4,53000020980835"
2021-07-06,"138,5618133544922","183,78700256347656","2,300804376602173","10,725754737854004","317,973876953125","48,10044479370117","6,529202938079834","125,15559387207031","267,04644775390625","20,651195526123047","15,130000114440918","349,9447021484375","405,6720275878906","4,340000152587891"
2021-07-07,"141,04969787597656","184,82899475097656","2,286196231842041","10,563359260559082","318,9853515625","48,04682159423828","6,521346092224121","125,43726348876953","269,22979736328125","20,3251895904541","15,399999618530273","350,6830749511719","407,105712890625","4,329999923706055"
2021-07-08,"139,75210571289062","186,57049560546875","2,227762460708618","10,33452033996582","316,6498718261719","47,04584503173828","6,38777494430542","124,01897430419922","266,81573486328125","19,85725975036621","15,630000114440918","348,56512451171875","403,78863525390625","4,21999979019165"
2021-07-09,"141,5765380859375","185,9669952392578","2,2788913249969482","10,555975914001465","320,6494140625","47,85913848876953","6,442774772644043","124,48959350585938","267,3158264160156","20,00442123413086","15,880000114440918","350,7413330078125","408,0990295410156","4,320000171661377"
2021-07-12,"140,98141479492188","185,92750549316406","2,4249744415283203","11,006263732910156","321,8447570800781","47,90382385253906","6,7413411140441895","125,93466186523438","266,7195129394531","20,465621948242188","16,329999923706055","352,1112976074219","409,560791015625","4,53000020980835"
2021-07-13,"142,09365844726562","183,8679962158203","2,417670488357544","10,998884201049805","320,89776611328125","47,948509216308594","6,67848539352417","126,29765319824219","270,2395935058594","20,203716278076172","16,399999618530273","352,1112976074219","408,1645812988281","4,550000190734863"
2021-07-14,"145,5181884765625","184,08399963378906","2,388453960418701","10,96197509765625","321,2747802734375","48,1540641784668","6,709914684295654","127,18580627441406","271,711181640625","19,796154022216797","15,770000457763672","352,7427062988281","408,773681640625","4,5"
2021-07-15,"144,86451721191406","181,55999755859375","2,3665411472320557","10,666704177856445","321,7620849609375","48,27024841308594","6,560629367828369","125,96390533447266","270,2876892089844","18,92290496826172","15,550000190734863","350,2652893066406","407,3775329589844","4,340000152587891"
2021-07-16,"142,82542419433594","178,68150329589844","2,293499708175659","10,408340454101562","319,0084533691406","47,89488983154297","6,427060604095459","125,92919158935547","270,0184020996094","18,11949348449707","15,720000267028809","347,4283752441406","404,1822204589844","4,21999979019165"
2021-07-19,"138,98133850097656","177,47950744628906","2,220458984375","10,282848358154297","312,6970520019531","47,09053421020508","6,238490104675293","123,55679321289062","266,4214172363281","18,736827850341797","15,460000038146973","344,5816955566406","398,2132873535156","4,099999904632568"
2021-07-20,"142,59124755859375","178,6595001220703","2,205850601196289","10,164741516113281","317,48114013671875","47,24246597290039","6,3092041015625","125,17493438720703","268,64306640625","18,569461822509766","16,239999771118164","348,5845031738281","403,91986083984375","4,150000095367432"
2021-07-21,"141,8594970703125","179,25999450683594","2,308108329772949","10,740520477294922","320,158447265625","47,54633712768555","6,584199905395508","126,50344848632812","270,6435241699219","19,36563491821289","16,309999465942383","351,2757568359375","407,1901550292969","4,389999866485596"
2021-07-22,"143,22537231445312","181,90150451660156","2,220458984375","10,386194229125977","320,4068298339844","47,635711669921875","6,379917621612549","127,36878967285156","275,202392578125","19,54921531677246","16,540000915527344","353,5977783203125","408,0428161621094","4,320000171661377"
2021-07-23,"144,94252014160156","182,83200073242188","2,1985461711883545","10,083540916442871","322,5321350097656","46,929664611816406","6,2620625495910645","131,9246368408203","278,597412109375","19,51329803466797","16,100000381469727","357,7268371582031","412,24078369140625","4,239999771118164"
2021-07-26,"145,36209106445312","184,99099731445312","2,2350668907165527","10,238557815551758","323,3049621582031","46,03593444824219","6,403488636016846","132,93629455566406","278,00115966796875","19,24990463256836","16,3799991607666","358,0086669921875","413,25274658203125","4,360000133514404"
2021-07-27,"143,19615173339844","181,3195037841797","2,2788913249969482","10,23117446899414","322,5782470703125","45,10646057128906","6,356346130371094","130,8188018798828","275,58709716796875","19,164098739624023","16,610000610351562","354,0640563964844","411,3692626953125","4,21999979019165"
2021-07-28,"141,44973754882812","181,51600646972656","2,286196231842041","10,393573760986328","321,4188537597656","46,33086013793945","6,48991584777832","134,97840881347656","275,2793273925781","19,45842933654785","16,649999618530273","355,4241943359375","411,20062255859375","4,329999923706055"
2021-07-29,"142,09365844726562","179,99600219726562","2,286196231842041","10,378811836242676","322,7621154785156","46,563232421875","6,348490238189697","134,66448974609375","275,548583984375","19,617061614990234","16,6200008392334","356,0557861328125","412,906005859375","4,380000114440918"
2021-07-30,"142,30825805664062","166,37950134277344","2,2350668907165527","9,96543025970459","321,5293273925781","46,116363525390625","6,136349678039551","133,6221160888672","274,0194396972656","19,454435348510742","15,510000228881836","354,2001037597656","410,90081787109375","4,360000133514404"
2021-08-02,"141,97654724121094","166,57400512695312","2,1985461711883545","9,891613006591797","320,48980712890625","46,44705581665039","6,120635986328125","133,74905395507812","273,93292236328125","19,704864501953125","15,5","354,229248046875","410,0386657714844","4,269999980926514"
2021-08-03,"143,77178955078125","168,31199645996094","2,2642831802368164","10,149975776672363","323,0104064941406","46,64366149902344","6,301347732543945","134,51821899414062","276,14495849609375","19,769712448120117","15,5","356,37640380859375","413,37457275390625","4,289999961853027"
2021-08-04,"143,37176513671875","167,73599243164062","2,2131545543670654","9,97281265258789","320,158447265625","46,884979248046875","6,254205703735352","134,0178680419922","275,55828857421875","20,227664947509766","15,25","356,89129638671875","411,3411560058594","4,190000057220459"
2021-08-05,"143,47906494140625","168,79949951171875","2,2496745586395264","10,179503440856934","322,56890869140625","46,8134765625","6,364203453063965","135,1345977783203","278,453125","20,58983612060547","15,479999542236328","359,155029296875","413,94610595703125","4,389999866485596"
2021-08-06,"142,7951202392578","167,2469940185547","2,2642831802368164","10,23117446899414","323,9305725097656","46,42023468017578","6,450631618499756","134,6258087158203","278,3955078125","20,31945037841797","15,5","357,5810546875","414,63018798828125","4,429999828338623"
2021-08-09,"142,74627685546875","167,093505859375","2,2788913249969482","10,312376976013184","323,0657958984375","46,572166442871094","6,442774772644043","135,7906951904297","277,30865478515625","20,248611450195312","15,449999809265137","358,24176025390625","414,2928771972656","4,480000019073486"
2021-08-10,"142,26747131347656","166,03399658203125","2,4103662967681885","10,8291015625","324,5194396972656","46,63473129272461","6,717770576477051","135,68557739257812","275,49090576171875","19,89043617248535","15,800000190734863","356,405517578125","414,8082275390625","4,739999771118164"
2021-08-11,"142,52149963378906","164,60549926757812","2,3957579135894775","10,969355583190918","326,5525817871094","46,75984573364258","6,8434834480285645","135,16189575195312","275,9814147949219","19,653976440429688","15,699999809265137","355,79351806640625","415,8389892578125","5,099999904632568"
2021-08-12,"145,4821319580078","165,1750030517578","2,3957579135894775","10,969355583190918","326,8192443847656","46,348731994628906","6,8434834480285645","136,06936645507812","278,7320861816406","19,859508514404297","16,239999771118164","357,075927734375","417,0852355957031","5,039999961853027"
2021-08-13,"145,68734741210938","164,69850158691406","2,3592369556427","10,710991859436035","326,9666442871094","46,23255157470703","6,662771224975586","136,5985107421875","281,6559753417969","20,141860961914062","16,600000381469727","358,3292541503906","417,84423828125","4,869999885559082"
2021-08-16,"147,66110229492188","164,94949340820312","2,351933002471924","10,504302024841309","328,0522155761719","45,8125","6,568485736846924","137,17572021484375","283,3389892578125","19,904407501220703","16,170000076293945","358,4845886230469","418,828125","4,800000190734863"
2021-08-17,"146,7523956298828","162,09800720214844","2,3592369556427","10,482157707214355","325,5313415527344","44,97239303588867","6,5370588302612305","135,54122924804688","281,87713623046875","19,413530349731445","15,819999694824219","355,3271484375","416,0826416015625","4,769999980926514"
2021-08-18,"143,0100860595703","160,06100463867188","2,3446288108825684","10,4378662109375","322,1180725097656","45,04389572143555","6,434915542602539","134,33871459960938","280,1521911621094","18,99648666381836","15,399999618530273","351,9071960449219","411,5285949707031","4,599999904632568"
2021-08-19,"143,34226989746094","159,3874969482422","2,293499708175659","10,555975914001465","321,5293273925781","44,27528762817383","6,521346092224121","134,5677947998047","285,9725036621094","19,75275230407715","15,210000038146973","353,607421875","412,1657409667969","4,400000095367432"
2021-08-20,"144,79815673828125","159,99749755859375","2,388453960418701","10,777430534362793","323,6407775878906","44,23954772949219","6,717770576477051","136,302978515625","293,28631591796875","20,768428802490234","15,520000457763672","357,2701721191406","415,44537353515625","4,409999847412109"
2021-08-23,"146,2834014892578","163,2935028076172","2,4907119274139404","11,38273811340332","325,7514953613281","44,90983200073242","7,03991174697876","138,89356994628906","293,5658264160156","21,907814025878906","15,9399995803833","362,6138000488281","419,0998229980469","4,570000171661377"
2021-08-24,"146,1954803466797","165,28900146484375","2,717139959335327","12,430949211120605","326,0185241699219","45,928688049316406","7,652756690979004","140,1035614013672","291,6096496582031","21,743194580078125","17,15999984741211","363,72137451171875","419,76513671875","4,840000152587891"
2021-08-25,"144,96429443359375","164,95899963378906","2,8413100242614746","12,844332695007324","326,42401123046875","45,9823112487793","7,951324462890625","140,9143524169922","291,0218200683594","22,162235260009766","17,020000457763672","364,1390686035156","420,6459655761719","5,0"
2021-08-26,"144,16307067871094","165,8000030517578","2,870527744293213","12,615499496459961","324,5623474121094","45,54438400268555","7,896327495574951","140,2810821533203","288,20806884765625","22,017562866210938","16,850000381469727","361,82684326171875","418,16278076171875","4,909999847412109"
2021-08-27,"145,19882202148438","167,48150634765625","3,0166096687316895","13,028877258300781","326,7834777832031","46,10742950439453","8,037753105163574","142,8235626220703","288,8151550292969","22,584264755249023","17,489999771118164","365,3439025878906","421,90167236328125","5,070000171661377"
2021-08-30,"149,61534118652344","171,07850646972656","3,243037462234497","14,106621742248535","326,3318786621094","46,205745697021484","8,627030372619629","143,40525817871094","292,5443420410156","22,636146545410156","18,469999313354492","369,44384765625","423,7568359375","5,199999809265137"
2021-08-31,"148,35487365722656","173,5395050048828","3,1773011684417725","13,803970336914062","326,1845397949219","46,84029006958008","8,469891548156738","143,51136779785156","290,89654541015625","22,337778091430664","18,209999084472656","369,1426696777344","423,12908935546875","5,210000038146973"
2021-09-01,"149,01930236816406","173,9499969482422","3,0823469161987305","13,582513809204102","325,84356689453125","47,439090728759766","8,289179801940918","144,02513122558594","290,848388671875","22,39366340637207","17,389999389648438","369,7546691894531","423,35406494140625","5,039999961853027"
2021-09-02,"150,13323974609375","173,156005859375","3,0677385330200195","13,250334739685059","327,06005859375","47,224586486816406","8,139894485473633","142,1124267578125","290,1930847167969","22,3487548828125","17,239999771118164","369,5798034667969","424,6565856933594","5,050000190734863"
2021-09-03,"150,76832580566406","173,90249633789062","3,0531301498413086","13,117462158203125","326,3872375488281","47,474830627441406","8,077037811279297","142,5612335205078","290,18353271484375","22,794809341430664","16,989999771118164","370,71649169921875","424,5534973144531","4,940000057220459"
2021-09-07,"153,1036376953125","175,46449279785156","3,2649500370025635","14,01804256439209","323,8988952636719","47,75189208984375","8,768458366394043","143,09779357910156","289,2584228515625","22,614192962646484","18,290000915527344","371,2412109375","423,035400390625","5,320000171661377"
2021-09-08,"151,559814453125","176,27499389648438","3,1626930236816406","13,70062255859375","323,244384765625","47,05478286743164","8,70560073852539","142,5131378173828","289,2873229980469","22,2918758392334","17,40999984741211","369,94903564453125","422,5200500488281","5,199999809265137"
2021-09-09,"150,54364013671875","174,20799255371094","3,0823469161987305","13,678478240966797","321,9357604980469","46,96540069580078","8,50131893157959","142,3643341064453","286,4350280761719","22,13021469116211","17,0","368,6763000488281","420,7115478515625","5,260000228881836"
2021-09-10,"145,56033325195312","173,45750427246094","3,045825958251953","13,501315116882324","319,5303039550781","46,91178894042969","8,297035217285156","139,72119140625","284,9510498046875","22,430578231811523","16,649999618530273","365,878173828125","417,3945007324219","5,150000095367432"
2021-09-13,"146,12709045410156","172,85850524902344","3,272254228591919","14,564291000366211","321,926513671875","47,03690719604492","9,067028045654297","141,16578674316406","286,1844787597656","22,105270385742188","18,459999084472656","365,6256103515625","418,4627685546875","5,420000076293945"
2021-09-14,"144,72979736328125","172,5","3,1188676357269287","14,68978214263916","319,3182678222656","46,64366149902344","8,831314086914062","141,3760223388672","288,882568359375","22,19508171081543","17,989999771118164","364,5860595703125","416,20440673828125","5,349999904632568"
2021-09-15,"145,61895751953125","173,7895050048828","3,1334762573242188","14,342838287353516","321,484130859375","46,63473129272461","8,658459663391113","143,24559020996094","293,7295837402344","22,293869018554688","17,780000686645508","367,2966613769531","419,6807861328125","5,349999904632568"
2021-09-16,"145,3844451904297","174,41200256347656","3,1115636825561523","14,350220680236816","320,8942565917969","46,10742950439453","8,69774341583252","142,4327850341797","294,1150207519531","22,19508171081543","18,299999237060547","367,5493469238281","419,0155334472656","5,349999904632568"
2021-09-17,"142,71693420410156","173,12600708007812","3,0823469161987305","14,520003318786621","319,2281494140625","45,91080856323242","8,627030372619629","139,6458282470703","288,959716796875","21,85379981994629","17,649999618530273","363,1966552734375","414,9339294433594","5,179999828338623"
2021-09-20,"139,66831970214844","167,7864990234375","2,702531576156616","12,777896881103516","313,4649658203125","44,67747497558594","7,723471164703369","137,5823974609375","283,59228515625","21,068464279174805","16,610000610351562","355,69189453125","408,01513671875","4,860000133514404"
2021-09-21,"140,1471405029297","167,18150329589844","2,644098997116089","12,467864036560059","313,19708251953125","45,008148193359375","7,550617218017578","137,893310546875","284,07415771484375","21,201181411743164","16,700000762939453","356,1295471191406","407,6298522949219","4,699999809265137"
2021-09-22,"142,51174926757812","169,00250244140625","2,717139959335327","12,512152671813965","316,328125","45,57119369506836","7,621330738067627","139,13356018066406","287,7166442871094","21,89472198486328","16,889999389648438","359,4559631347656","411,6060485839844","4,659999847412109"
2021-09-23,"143,46932983398438","170,8000030517578","2,702531576156616","12,364516258239746","321,00140380859375","45,928688049316406","7,534904479980469","140,05841064453125","288,6610107421875","22,434572219848633","16,709999084472656","362,77264404296875","416,607177734375","4,630000114440918"
2021-09-24,"143,55726623535156","171,2760009765625","2,651402473449707","11,869935989379883","321,28765869140625","45,383514404296875","7,369906902313232","141,04922485351562","288,45855712890625","22,03441619873047","16,350000381469727","363,113037109375","417,2933654785156","4,53000020980835"
2021-09-27,"142,042724609375","170,2899932861328","2,7536609172821045","12,298080444335938","321,9712219238281","45,67844009399414","7,613473892211914","139,91561889648438","283,4671936035156","21,61431121826172","16,56999969482422","360,2146911621094","416,0995178222656","4,550000190734863"
2021-09-28,"138,66195678710938","165,79800415039062","2,717139959335327","12,224262237548828","316,716064453125","45,088584899902344","7,542760848999023","134,71656799316406","273,20452880859375","20,655332565307617","16,6299991607666","350,02142333984375","407,71435546875","4,579999923706055"
2021-09-29,"139,56088256835938","165,05599975585938","2,7682693004608154","12,438335418701172","317,5010681152344","44,668521881103516","7,6684722900390625","133,2521514892578","273,6671142578125","20,473716735839844","17,450000762939453","349,4476013183594","408,4006042480469","4,53000020980835"
2021-09-30,"138,2613067626953","164,2519989013672","2,8413100242614746","12,541677474975586","312,439697265625","45,02601623535156","7,9120378494262695","132,58023071289062","271,66278076171875","20,672298431396484","17,469999313354492","348,16375732421875","403,4090270996094","4,659999847412109"
2021-10-01,"139,38494873046875","164,16299438476562","2,8193976879119873","12,785280227661133","316,9561462402344","44,9813346862793","8,045611381530762","135,42373657226562","278,58154296875","20,698244094848633","17,440000534057617","350,3229675292969","408,2032470703125","4,670000076293945"
2021-10-04,"135,95533752441406","159,48899841308594","2,7682693004608154","12,39404296875","314,0284118652344","44,319969177246094","7,97489595413208","132,56385803222656","272,80950927734375","19,690378189086914","18,059999465942383","342,9698486328125","402,93902587890625","4,71999979019165"
2021-10-05,"137,88026428222656","161,0500030517578","2,8340065479278564","12,600733757019043","316,9099426269531","44,632774353027344","8,100610733032227","134,90798950195312","278,25390625","20,407859802246094","18,260000228881836","347,599609375","407,13153076171875","4,900000095367432"
2021-10-06,"138,74984741210938","163,10049438476562","2,8340065479278564","12,541677474975586","317,8243408203125","44,38254165649414","8,037753105163574","136,43734741210938","282,4456787109375","20,656328201293945","17,770000457763672","349,826904296875","408,8235778808594","4,809999942779541"
2021-10-07,"140,0102996826172","165,1215057373047","2,775573253631592","12,275935173034668","321,06610107421875","45,24945068359375","8,037753105163574","138,08375549316406","284,1223449707031","21,030542373657227","18,040000915527344","353,0365295410156","412,3581848144531","4,800000190734863"
2021-10-08,"139,62925720214844","164,43099975585938","2,775573253631592","12,216878890991211","320,9737854003906","45,41925811767578","8,053467750549316","138,6396484375","284,1223449707031","20,78705406188965","18,149999618530273","351,27618408203125","411,6060485839844","4,820000171661377"
2021-10-11,"139,54129028320312","162,31500244140625","2,746356248855591","12,194734573364258","318,61859130859375","45,32989501953125","8,100610733032227","137,77529907226562","283,52490234375","20,65134048461914","19,93000030517578","348,5819091796875","408,626220703125","4,769999980926514"
2021-10-12,"138,2710723876953","162,3665008544922","2,746356248855591","12,076626777648926","317,5102844238281","45,097511291503906","8,132037162780762","135,33050537109375","282,2239990234375","20,62739372253418","19,600000381469727","347,36614990234375","407,620361328125","4,590000152587891"
2021-10-13,"137,68482971191406","164,21400451660156","2,746356248855591","12,202116966247559","317,6119384765625","45,72312927246094","8,0848970413208","136,45419311523438","285,5291748046875","20,894826889038086","19,610000610351562","350,14788818359375","409,08685302734375","4,610000133514404"
2021-10-14,"140,4696044921875","164,9929962158203","2,7536609172821045","12,386663436889648","322,4515380859375","45,86612319946289","8,108465194702148","139,99392700195312","291,73492431640625","21,70012664794922","19,790000915527344","356,596435546875","415,9679260253906","4,539999961853027"
2021-10-15,"141,52488708496094","170,4510040283203","2,8267018795013428","12,763134956359863","325,99652099609375","46,42023468017578","8,438461303710938","140,20916748046875","293,14178466796875","21,81588363647461","19,56999969482422","358,8432312011719","419,1358947753906","4,579999923706055"
2021-10-18,"143,1957244873047","172,33700561523438","2,8413100242614746","12,637643814086914","325,6731872558594","46,304054260253906","8,462035179138184","141,60760498046875","296,1097412109375","22,175119400024414","19,709999084472656","362,45166015625","420,376708984375","4,53000020980835"
2021-10-19,"145,35511779785156","172,20750427246094","2,877831220626831","12,622879981994629","327,48394775390625","46,92072296142578","8,579888343811035","142,06283569335938","297,0155029296875","22,242979049682617","20,469999313354492","365,19451904296875","423,6199035644531","4,519999980926514"
2021-10-20,"145,8437042236328","170,7530059814453","3,1334762573242188","13,545605659484863","328,9344482421875","46,91178894042969","9,200596809387207","140,6068878173828","296,225341796875","22,056371688842773","20,889999389648438","364,7179260253906","425,2837219238281","4,739999771118164"
2021-10-21,"146,05862426757812","171,75050354003906","3,0312178134918213","13,302005767822266","328,86981201171875","46,6079216003418","8,95702838897705","140,72293090820312","299,4534912109375","22,644126892089844","20,600000381469727","366,9452209472656","426,3929748535156","4,590000152587891"
2021-10-22,"145,28675842285156","166,77749633789062","3,0166096687316895","13,014113426208496","329,5905456542969","46,50960922241211","8,964883804321289","136,4388427734375","297,91168212890625","22,678054809570312","20,110000610351562","363,8620300292969","425,9511413574219","4,46999979019165"
2021-10-25,"145,2379150390625","166,01849365234375","3,184605836868286","13,479166030883789","330,3387451171875","46,750919342041016","9,349879264831543","136,3203125","296,9192199707031","23,117130279541016","20,440000534057617","367,5871276855469","428,2354736328125","4,659999847412109"
2021-10-26,"145,90234375","168,80349731445312","3,1553890705108643","13,07317066192627","330,29266357421875","46,50960922241211","9,184882164001465","138,16653442382812","298,8271484375","24,664857864379883","20,049999237060547","368,74462890625","428,6208801269531","4,639999866485596"
2021-10-27,"145,44309997558594","169,62449645996094","2,9508721828460693","12,327609062194824","327,96435546875","46,134246826171875","8,650601387023926","145,01893615722656","311,4119567871094","24,3994197845459","19,09000015258789","369,6005859375","426,7219543457031","4,489999771118164"
2021-10-28,"149,07794189453125","172,32850646972656","2,943568468093872","12,268552780151367","330,10772705078125","46,17892837524414","8,760600090026855","144,65341186523438","312,54901123046875","24,888385772705078","18,93000030517578","373,7050476074219","430,8393249511719","4,389999866485596"
2021-10-29,"146,371337890625","168,6215057373047","2,775573253631592","11,611572265625","330,9669494628906","45,508628845214844","8,352035522460938","146,8324432373047","319,5545349121094","25,513065338134766","18,329999923706055","375,54327392578125","431,7135925292969","4,199999809265137"
2021-11-01,"145,55056762695312","165,90550231933594","2,7901811599731445","11,71491527557373","331,79852294921875","45,86612319946289","8,509176254272461","142,32070922851562","317,3863220214844","25,77251434326172","18,1200008392334","376,82720947265625","432,456298828125","4,349999904632568"
2021-11-02,"146,58633422851562","165,6374969482422","2,812093496322632","11,81826400756836","333,1289978027344","45,45500946044922","8,752744674682617","144,24037170410156","321,00958251953125","26,345306396484375","17,90999984741211","378,4028015136719","434,2046813964844","4,170000076293945"
2021-11-03,"148,02267456054688","169,1999969482422","2,9216558933258057","12,386663436889648","334,04351806640625","45,669498443603516","9,232022285461426","145,39630126953125","321,84796142578125","26,541889190673828","18,200000762939453","382,4198303222656","436,8556823730469","4,28000020980835"
2021-11-04,"147,50482177734375","173,85000610351562","2,8193976879119873","11,951135635375977","333,8496398925781","45,562255859375","8,909884452819824","147,0521240234375","324,1991271972656","29,738134384155273","17,6200008392334","387,32196044921875","438,9143371582031","4,110000133514404"
2021-11-05,"148,03321838378906","175,94949340820312","2,7536609172821045","11,906843185424805","335,6512451171875","45,508628845214844","8,964883804321289","147,63185119628906","323,83294677734375","29,68923568725586","18,100000381469727","387,69158935546875","440,4371643066406","4,190000057220459"
2021-11-08,"147,2112579345703","174,44900512695312","2,8559188842773438","12,401423454284668","336,593505859375","45,928688049316406","9,342023849487305","147,80935668945312","324,7290954589844","30,739013671875","18,989999771118164","387,1662902832031","440,8132019042969","4,340000152587891"
2021-11-09,"147,57325744628906","178,81149291992188","2,9362640380859375","12,578587532043457","335,63262939453125","45,74993133544922","9,49130630493164","147,69778442382812","323,7269287109375","30,592330932617188","18,770000457763672","384,5013122558594","439,356201171875","4,559999942779541"
2021-11-10,"144,7452850341797","174,1024932861328","2,972785472869873","12,696697235107422","333,59088134765625","45,562255859375","9,538447380065918","144,69757080078125","318,7643127441406","29,3968563079834","18,850000381469727","378,8502502441406","435,8215637207031","4,400000095367432"
2021-11-11,"144,6963653564453","173,625","2,9362640380859375","12,92553424835205","332,10321044921875","46,348731994628906","9,3341646194458","144,57162475585938","320,3350524902344","30,32588768005371","19,09000015258789","379,9006652832031","435,9626159667969","4,300000190734863"
2021-11-12,"146,77088928222656","176,25750732421875","2,9143521785736084","12,667169570922852","333,7847595214844","46,47385787963867","9,051311492919922","147,45924377441406","324,4689636230469","30,32588768005371","18,540000915527344","383,898193359375","439,2527160644531","4,300000190734863"
2021-11-15,"146,7806854248047","177,28399658203125","2,8193976879119873","12,593353271484375","333,74786376953125","46,321922302246094","8,94917106628418","147,235107421875","323,84259033203125","29,9616641998291","18,350000381469727","383,8106689453125","439,40313720703125","4,25"
2021-11-16,"147,7592010498047","177,03500366210938","2,629490375518799","11,567282676696777","334,38531494140625","46,384490966796875","8,249895095825195","146,663818359375","327,1575012207031","30,1392822265625","17,739999771118164","386,5437927246094","441,1422424316406","4,019999980926514"
2021-11-17,"150,19578552246094","177,4499969482422","2,4907119274139404","11,257245063781738","332,463623046875","46,1431770324707","7,904184341430664","146,83340454101562","327,3794250488281","29,199268341064453","17,760000228881836","386,74810791015625","440,0705871582031","3,9700000286102295"
2021-11-18,"154,48178100585938","184,80299377441406","2,5053203105926514","11,48608112335205","332,0017395019531","45,58012771606445","8,006325721740723","148,61021423339844","329,4550476074219","31,60818099975586","18,350000381469727","390,7552795410156","441,5652770996094","4,099999904632568"
2021-11-19,"157,104248046875","183,82850646972656","2,337324619293213","10,895538330078125","329,4663391113281","45,508628845214844","7,527045249938965","147,70570373535156","331,2313232421875","32,91542053222656","17,75","392,93402099609375","440,7755432128906","3,869999885559082"
2021-11-22,"157,56417846679688","178,6284942626953","2,220458984375","10,408340454101562","329,73468017578125","45,1422004699707","7,189194202423096","145,10272216796875","328,06488037109375","31,888587951660156","17,3799991607666","388,37225341796875","439,53472900390625","3,759999990463257"
2021-11-23,"157,94577026367188","179,0019989013672","2,242371082305908","10,46001148223877","331,4195556640625","45,097511291503906","7,275620460510254","144,5869903564453","325,9893798828125","31,679033279418945","17,75","386,6021728515625","440,1176452636719","3,7799999713897705"
2021-11-24,"158,46444702148438","179,02049255371094","2,1474173069000244","10,179503440856934","331,42877197265625","45,03496170043945","7,181335926055908","144,92221069335938","326,2113952636719","32,60507583618164","17,440000534057617","387,8471374511719","441,2926940917969","3,6500000953674316"
2021-11-26,"153,44451904296875","175,22799682617188","2,1035921573638916","10,017104148864746","323,0881042480469","43,52455520629883","7,189194202423096","141,01748657226562","318,26629638671875","31,436542510986328","16,799999237060547","380,4940185546875","431,4504699707031","3,430000066757202"
2021-11-29,"156,8009033203125","178,07850646972656","2,059767484664917","9,78088665008545","325,0970153808594","43,69436264038086","6,906339168548584","144,33753967285156","324,9756774902344","33,30558395385742","16,739999771118164","388,75164794921875","436,7428283691406","3,390000104904175"
2021-11-30,"161,75228881835938","175,35350036621094","2,1693296432495117","9,795653343200684","319,2743835449219","43,64967727661133","6,819913387298584","140,73434448242188","319,144775390625","32,6070671081543","16,520000457763672","383,0422668457031","428,2448425292969","3,5799999237060547"
2021-12-01,"161,2336883544922","172,18600463867188","2,242371082305908","10,555975914001465","315,1642150878906","43,810550689697266","7,409189701080322","139,89524841308594","318,6524658203125","31,372528076171875","17,770000457763672","376,52569580078125","423,4882507324219","3,6700000762939453"
2021-12-02,"160,24534606933594","171,8679962158203","2,454190969467163","10,792193412780762","320,8573303222656","44,34678268432617","7,487760066986084","141,7940673828125","318,0828552246094","32,06215286254883","18,739999771118164","379,23931884765625","429,9745788574219","3,9600000381469727"
2021-12-03,"158,36654663085938","169,489501953125","2,256978988647461","10,430484771728516","320,5146484375","43,72117233276367","7,2049078941345215","140,8374786376953","311,8271789550781","30,632001876831055","18,479999542236328","372,6448974609375","426,23321533203125","3,819999933242798"
2021-12-06,"161,7718505859375","171,36849975585938","2,3154125213623047","10,54859447479248","326,6059265136719","44,06079864501953","7,377763748168945","141,98150634765625","314,89715576171875","29,977304458618164","18,81999969482422","375,6308898925781","431,28125","3,990000009536743"
2021-12-07,"167,506103515625","176,1645050048828","2,3300204277038574","10,703609466552734","331,1604309082031","44,75790023803711","7,566329479217529","146,0623016357422","323,3248596191406","32,36255645751953","19,040000915527344","386,9425354003906","440,20220947265625","4,190000057220459"
2021-12-08,"171,32240295410156","176,1580047607422","2,3592369556427","10,792193412780762","331,3918762207031","44,9366455078125","7,629185676574707","146,97177124023438","323,3731689453125","31,762754440307617","19,0","388,673828125","441,3677673339844","4,170000076293945"
2021-12-09,"170,8135528564453","174,17100524902344","2,300804376602173","10,710991859436035","331,5027770996094","44,72215270996094","7,6684722900390625","146,4282684326172","321,5679626464844","30,429407119750977","18,90999984741211","382,95477294921875","438,3878479003906","4,070000171661377"
2021-12-10,"175,59861755371094","172,21200561523438","2,2715871334075928","10,489540100097656","333,46527099609375","44,75790023803711","7,519189357757568","146,7882843017578","330,6811218261719","30,137985229492188","18,600000381469727","387,11767578125","442,5146179199219","3,990000009536743"
2021-12-13,"171,96826171875","169,5675048828125","2,1620256900787354","10,06877613067627","330,5123596191406","44,04808807373047","7,149908065795898","144,63111877441406","327,6497802734375","28,10503387451172","18,06999969482422","381,5250549316406","438,5947265625","3,880000114440918"
2021-12-14,"170,5885009765625","169,0915069580078","2,1766340732574463","10,364048957824707","329,7069396972656","43,94837188720703","7,330620765686035","142,7273712158203","316,97271728515625","28,280683517456055","17,950000762939453","377,5762023925781","435,5771789550781","3,809999942779541"
2021-12-15,"175,4518280029297","173,31500244140625","2,227762460708618","10,629792213439941","333,0764465332031","43,82146072387695","7,4641900062561035","145,24058532714844","323,0642395019531","30,398468017578125","18,239999771118164","386,183837890625","442,383056640625","3,819999933242798"
2021-12-16,"168,56289672851562","168,87100219726562","2,293499708175659","10,90291976928711","332,73394775390625","43,87584686279297","7,660617351531982","143,26097106933594","313,65179443359375","28,330581665039062","18,93000030517578","376,2533874511719","438,48187255859375","3,9100000858306885"
2021-12-17,"167,4669647216797","170,0175018310547","2,220458984375","10,585501670837402","327,959716796875","43,65828323364258","7,3856201171875","140,56326293945312","312,5899353027344","27,745750427246094","18,739999771118164","374,37615966796875","433,815185546875","3,809999942779541"
2021-12-20,"166,10678100585938","167,07899475097656","2,2496745586395264","10,46001148223877","323,9161682128906","43,005584716796875","7,424902439117432","140,4462127685547","308,8346252441406","27,66391372680664","19,010000228881836","370,74456787109375","429,20220947265625","3,75"
2021-12-21,"169,2772979736328","170,41700744628906","2,2350668907165527","10,563359260559082","329,1468200683594","43,73080825805664","7,456332206726074","142,29641723632812","315,9591064453125","29,017221450805664","19,639999389648438","379,0420227050781","436,824462890625","3,8399999141693115"
2021-12-22,"171,87037658691406","171,03700256347656","2,2788913249969482","10,570737838745117","331,4468078613281","43,93931198120117","7,495617389678955","145,21478271484375","321,6644287109375","29,341567993164062","19,639999389648438","383,6582336425781","441,19219970703125","3,890000104904175"
2021-12-23,"172,49667358398438","171,06849670410156","2,337324619293213","10,740520477294922","333,273681640625","44,16594314575195","7,613473892211914","145,71217346191406","323,1028137207031","29,581090927124023","19,729999542236328","386,5505676269531","443,937255859375","3,9200000762939453"
2021-12-27,"176,459716796875","169,66949462890625","2,4103662967681885","11,183425903320312","336,575439453125","44,36537551879883","7,97489595413208","146,694091796875","330,59423828125","30,883499145507812","20,0","392,9391784667969","450,21990966796875","4,070000171661377"
2021-12-28,"175,4420166015625","170,66099548339844","2,3300204277038574","10,688847541809082","337,5676574707031","44,220333099365234","7,550617218017578","145,4845733642578","329,4357604980469","30,261737823486328","20,6299991607666","391,1179504394531","449,8520812988281","4,070000171661377"
2021-12-29,"175,5301055908203","169,2010040283203","2,3957579135894775","10,60026741027832","338,35589599609375","44,020896911621094","7,739186763763428","145,4528045654297","330,11151123046875","29,941377639770508","20,459999084472656","391,0595397949219","450,427490234375","3,990000009536743"
2021-12-30,"174,3754119873047","168,64450073242188","2,351933002471924","10,570737838745117","337,6418762207031","44,52519607543945","7,652756690979004","145,00205993652344","327,572509765625","29,527206420898438","20,8799991607666","389,8909912109375","449,1822509765625","3,9100000858306885"
2021-12-31,"173,75892639160156","166,7169952392578","2,300804376602173","10,349285125732422","336,9463195800781","44,30751037597656","7,456332206726074","143,66461181640625","324,6764221191406","29,352548599243164","21,110000610351562","387,456298828125","448,05023193359375","3,819999933242798"
2022-01-03,"178,1036834716797","170,4044952392578","2,3300204277038574","10,533829689025879","339,1350402832031","44,62496566772461","7,621330738067627","143,802978515625","323,1607971191406","30,061138153076172","20,049999237060547","391,1861572265625","450,6444091796875","4,039999961853027"
2022-01-04,"175,8432159423828","167,52200317382812","2,2715871334075928","10,364048957824707","341,1661376953125","44,47077178955078","7,566329479217529","143,2158203125","317,6195373535156","29,231788635253906","19,979999542236328","386,1123352050781","450,49346923828125","4,159999847412109"
2022-01-05,"171,1658172607422","164,35699462890625","2,1693296432495117","9,906376838684082","337,6605224609375","43,74516677856445","7,212763786315918","136,6456298828125","305,4267578125","27,549137115478516","18,959999084472656","374,2505798339844","441,84307861328125","3,990000009536743"
2022-01-06,"168,30853271484375","163,25399780273438","2,220458984375","10,017104148864746","336,0837707519531","43,944705963134766","7,283477306365967","136,61834716796875","303,01336669921875","28,12199592590332","18,75","373,987548828125","441,42791748046875","3,950000047683716"
2022-01-07,"168,47488403320312","162,5540008544922","2,2788913249969482","10,327138900756836","336,0096435546875","44,34379577636719","7,369906902313232","135,8938446044922","303,16778564453125","27,192848205566406","19,15999984741211","369,9362487792969","439,68280029296875","4,03000020980835"
2022-01-10,"168,49441528320312","161,48599243164062","2,256978988647461","10,179503440856934","334,59991455078125","44,34379577636719","7,283477306365967","137,53277587890625","303,38970947265625","27,34554672241211","18,670000076293945","370,1798095703125","439,1357116699219","3,9100000858306885"
2022-01-11,"171,32240295410156","165,36199951171875","2,308108329772949","10,386194229125977","336,2229919433594","45,36871337890625","7,472046852111816","138,59054565429688","304,0752258300781","27,761716842651367","18,889999389648438","375,7405700683594","443,1354675292969","4,090000152587891"
2022-01-12,"171,76275634765625","165,20700073242188","2,3446288108825684","10,511683464050293","336,60321044921875","46,12153244018555","7,519189357757568","140,27113342285156","307,2513122558594","27,943357467651367","19,68000030517578","377,23052978515625","444,3334655761719","4,150000095367432"
2022-01-13,"168,49441528320312","161,21400451660156","2,3446288108825684","10,666704177856445","334,9802551269531","45,46849060058594","7,4799041748046875","137,45098876953125","294,2476501464844","26,522188186645508","19,459999084472656","367,79376220703125","438,2111511230469","4,199999809265137"
2022-01-14,"169,35552978515625","162,13800048828125","2,403061866760254","10,836482048034668","333,06964111328125","45,45035171508789","7,456332206726074","138,33712768554688","299,46075439453125","26,888456344604492","19,479999542236328","370,0823059082031","438,3904724121094","4,360000133514404"
2022-01-18,"166,1557159423828","158,91749572753906","2,256978988647461","10,304993629455566","328,1637268066406","44,64311218261719","7,0006232261657715","134,88319396972656","292,1720886230469","25,851520538330078","18,440000534057617","360,8694152832031","430,626708984375","4,170000076293945"
2022-01-19,"162,66233825683594","156,2989959716797","2,256978988647461","10,423102378845215","324,9178466796875","44,83357620239258","7,0713372230529785","134,0089111328125","292,8285827636719","25,01718521118164","18,709999084472656","356,9058837890625","426,1552429199219","4,090000152587891"
2022-01-20,"160,979248046875","151,66749572753906","2,2350668907165527","10,297611236572266","322,1170349121094","45,09661865234375","6,9534807205200195","132,2147674560547","291,1584167480469","24,102001190185547","18,469999313354492","352,2701110839844","421,4385681152344","3,9800000190734863"
2022-01-21,"158,92434692382812","142,64300537109375","2,1474173069000244","9,758742332458496","317,7345275878906","44,44356918334961","6,623487949371338","129,28297424316406","285,78131103515625","23,327547073364258","18,579999923706055","342,5022277832031","413,16546630859375","3,8299999237060547"
2022-01-24,"158,15127563476562","144,54400634765625","2,0743753910064697","9,160816192626953","319,08953857421875","43,817726135253906","6,48991584777832","129,73178100585938","286,1094665527344","23,32554817199707","18,6299991607666","344,0700988769531","414,9200744628906","3,7699999809265137"
2022-01-25,"156,35076904296875","139,98599243164062","2,1474173069000244","9,456084251403809","318,3006286621094","43,7360954284668","6,725627899169922","125,89448547363281","278,5023498535156","22,279632568359375","19,1299991607666","336,09405517578125","409,8543395996094","3,930000066757202"
2022-01-26,"156,26271057128906","138,87249755859375","2,1474173069000244","9,559433937072754","316,9084777832031","43,18281555175781","6,827768325805664","128,17364501953125","286,4377136230469","22,726747512817383","19,079999923706055","335,5682067871094","408,8260498046875","3,950000047683716"
2022-01-27,"155,80279541015625","139,6374969482422","2,140113115310669","9,448705673217773","316,99200439453125","42,6839599609375","6,819913387298584","127,94750213623047","289,4593505859375","21,900390625","18,850000381469727","332,1889343261719","406,8072814941406","3,9700000286102295"
2022-01-28,"166,67434692382812","143,97799682617188","2,3665411472320557","10,304993629455566","322,1521911621094","42,89257049560547","7,487760066986084","132,2578887939453","297,587890625","22,79460906982422","19,440000534057617","342,6092834472656","416,9104919433594","4,25"
2022-01-31,"171,02880859375","149,57350158691406","2,4761035442352295","10,651939392089844","325,83673095703125","44,298439025878906","7,605616092681885","134,1944122314453","300,21368408203125","24,43733787536621","19,8799991607666","353,56536865234375","424,4194641113281","4,320000171661377"
2022-02-01,"170,8625030517578","151,19349670410156","2,4322783946990967","10,555975914001465","328,4911804199219","44,57054901123047","7,605616092681885","136,5157012939453","298,07061767578125","24,589035034179688","20,280000686645508","355,9708251953125","427,2873229980469","4,369999885559082"
2022-02-02,"172,06607055664062","150,6125030517578","2,3665411472320557","10,504302024841309","330,4309997558594","44,497982025146484","7,534904479980469","146,7868194580078","302,6078186035156","25,191835403442383","20,020000457763672","358,86328125","431,43798828125","4,309999942779541"
2022-02-03,"169,18917846679688","138,8455047607422","2,351933002471924","10,282848358154297","325,74407958984375","44,026336669921875","7,307048797607422","141,9170684814453","290,8205871582031","23,900405883789062","19,440000534057617","344,3135681152344","421,2970886230469","4,159999847412109"
2022-02-04,"168,9050750732422","157,63949584960938","2,3446288108825684","10,201648712158203","325,6420593261719","44,13517761230469","7,307048797607422","142,118408203125","295,34820556640625","24,270666122436523","19,229999542236328","348,6570739746094","423,278076171875","4,099999904632568"
2022-02-07,"168,1898193359375","157,9355010986328","2,337324619293213","10,282848358154297","325,6698303222656","44,04447555541992","7,36204719543457","138,05995178222656","290,5309753417969","24,678861618041992","18,940000534057617","345,85235595703125","421,9195556640625","4,130000114440918"
2022-02-08,"171,29571533203125","161,4134979248047","2,322716236114502","10,238557815551758","329,04803466796875","44,47077178955078","7,338475704193115","138,25634765625","294,0160217285156","25,058103561401367","18,940000534057617","349,7380676269531","425,39111328125","4,050000190734863"
2022-02-09,"172,71640014648438","161,1894989013672","2,286196231842041","10,135212898254395","331,9530334472656","45,16917037963867","7,29133415222168","140,43133544921875","300,43572998046875","26,651927947998047","19,170000076293945","357,1492614746094","431,61724853515625","4,070000171661377"
2022-02-10,"168,64051818847656","159,0034942626953","2,256978988647461","10,105683326721191","327,20111083984375","44,86985778808594","7,252048492431641","137,4836883544922","291,911376953125","25,772676467895508","19,010000228881836","349,0660705566406","423,8630065917969","4,110000133514404"
2022-02-11,"165,23089599609375","153,2935028076172","2,322716236114502","10,15735912322998","322,31939697265625","44,18960952758789","7,094908237457275","133,1817626953125","284,8255615234375","23,90140151977539","20,309999465942383","337,9931640625","415,5049133300781","4,190000057220459"
2022-02-14,"165,4660186767578","155,16700744628906","2,293499708175659","10,002338409423828","321,02001953125","43,881221771240234","7,0713372230529785","134,41506958007812","284,7869873046875","24,218772888183594","19,889999389648438","338,41192626953125","414,14642333984375","4,090000152587891"
2022-02-15,"169,29693603515625","156,510498046875","2,3300204277038574","10,179503440856934","325,0387878417969","44,83357620239258","7,2049078941345215","135,4886932373047","290,06756591796875","26,442346572875977","19,899999618530273","346,8262023925781","420,8253479003906","4,139999866485596"
2022-02-16,"169,0618133544922","158,10049438476562","2,5053203105926514","10,666704177856445","324,5282287597656","45,16010665893555","7,637042999267578","136,60894775390625","289,7289733886719","26,458316802978516","20,399999618530273","346,73858642578125","421,2970886230469","4,389999866485596"
2022-02-17,"165,4660186767578","154,65249633789062","2,468799591064453","10,371430397033691","318,96893310546875","44,634033203125","7,409189701080322","131,45254516601562","281,24505615234375","24,45829200744629","20,579999923706055","336,4252014160156","412,2975769042969","4,320000171661377"
2022-02-18,"163,91795349121094","152,60150146484375","2,5637528896331787","10,651939392089844","316,9416198730469","44,18960952758789","7,605616092681885","129,3340606689453","278,536376953125","23,595012664794922","20,299999237060547","332,588134765625","409,6278991699219","4,289999961853027"
2022-02-22,"160,99819946289062","150,19749450683594","2,6221861839294434","11,279390335083008","312,322021484375","43,563758850097656","8,006325721740723","128,74937438964844","278,33331298828125","23,343517303466797","21,079999923706055","329,24774169921875","405,2319641113281","4,460000038146973"
2022-02-23,"156,8341064453125","144,82699584960938","2,629490375518799","11,308918952941895","308,14849853515625","43,05583572387695","7,951324462890625","126,54212951660156","271,12640380859375","22,342506408691406","21,079999923706055","320,81402587890625","398,043701171875","4,440000057220459"
2022-02-24,"159,45013427734375","151,35800170898438","2,483407497406006","11,072701454162598","308,9107360839844","42,16695785522461","7,833470344543457","131,60330200195312","284,9791564941406","23,700803756713867","20,989999771118164","331,59478759765625","404,03387451171875","4,309999942779541"
2022-02-25,"161,51754760742188","153,7884979248047","2,5272324085235596","10,998884201049805","316,5326843261719","42,94699478149414","7,770615100860596","133,35733032226562","287,61041259765625","24,108991622924805","21,600000381469727","336,73681640625","412,9483947753906","4,380000114440918"
2022-02-28,"161,78199768066406","153,56300354003906","2,3592369556427","10,651939392089844","315,41741943359375","42,3846435546875","7,440616130828857","133,94992065429688","289,0421447753906","24,33653450012207","20,950000762939453","337,7398681640625","411,8919372558594","4,199999809265137"
2022-03-01,"159,9008331298828","151,14199829101562","2,293499708175659","10,592884063720703","309,6728515625","41,822303771972656","7,582043647766113","132,96255493164062","285,3275451660156","23,430339813232422","23,190000534057617","332,5686340332031","405,6186828613281","4,349999904632568"
2022-03-02,"163,19293212890625","152,05250549316406","2,403061866760254","10,99150276184082","315,1012878417969","41,894859313964844","7,770615100860596","133,4683837890625","290,3964538574219","24,175979614257812","23,559999465942383","338,1489562988281","413,08050537109375","4,679999828338623"
2022-03-03,"162,8695831298828","147,89849853515625","2,3957579135894775","11,153899192810059","314,2926025390625","41,3053092956543","7,849185943603516","132,80189514160156","286,2657775878906","23,67090606689453","24,100000381469727","333,3185729980469","411,0240173339844","4,550000190734863"
2022-03-04,"159,87142944335938","145,64100646972656","2,2131545543670654","10,703609466552734","312,7496032714844","40,47085189819336","7,534904479980469","130,82522583007812","280,4034423828125","22,894319534301758","23,93000030517578","328,4881591796875","407,6845397949219","4,340000152587891"
2022-03-07,"156,07968139648438","137,4530029296875","2,1474173069000244","10,526448249816895","305,3136291503906","38,95614242553711","7,157763957977295","125,3425521850586","269,8106994628906","21,31319808959961","23,40999984741211","316,3730163574219","395,66632080078125","4,079999923706055"
2022-03-08,"154,25726318359375","136,01449584960938","2,2350668907165527","10,858627319335938","303,51043701171875","39,083126068115234","7,369906902313232","126,0625991821289","266,8505554199219","21,474903106689453","23,200000762939453","314,902587890625","392,66656494140625","4,380000114440918"
2022-03-09,"159,6558837890625","139,2790069580078","2,3665411472320557","11,434410095214844","309,8961181640625","40,18967819213867","7,817756175994873","132,32632446289062","279,0878601074219","22,97217559814453","23,139999389648438","326,238525390625","403,1943054199219","4,650000095367432"
2022-03-10,"155,3154296875","146,8175048828125","2,454190969467163","11,862555503845215","308,6969299316406","39,43685531616211","8,092753410339355","131,3439483642578","276,2727966308594","22,6168212890625","24,110000610351562","322,6156005859375","401,37359619140625","4,820000171661377"
2022-03-11,"151,60205078125","145,52450561523438","2,403061866760254","11,463936805725098","306,75439453125","38,611480712890625","7,967039585113525","128,805908203125","270,93292236328125","22,059831619262695","22,850000381469727","315,9251403808594","396,2701721191406","4,659999847412109"
2022-03-14,"147,57513427734375","141,85299682617188","2,3592369556427","11,19819164276123","306,80078125","37,67726135253906","7,79418420791626","124,91854858398438","267,4213562011719","21,291240692138672","21,639999389648438","309,85791015625","393,37408447265625","4,5"
2022-03-15,"151,95480346679688","147,3665008544922","2,3665411472320557","11,176046371459961","312,4892883300781","37,7316780090332","7,802041530609131","128,138916015625","277,7818908691406","22,931251525878906","21,270000457763672","319,5771789550781","402,02459716796875","4,340000152587891"
2022-03-16,"156,3638153076172","153,10400390625","2,468799591064453","11,449173927307129","317,2948303222656","40,770164489746094","7,97489595413208","132,18798828125","284,78570556640625","24,451478958129883","20,93000030517578","331,42926025390625","410,9391174316406","4,309999942779541"
2022-03-17,"157,3730010986328","157,23899841308594","2,483407497406006","11,663244247436523","321,0965270996094","40,561553955078125","8,218465805053711","132,74188232421875","285,5886535644531","24,720991134643555","21,510000228881836","335,44158935546875","416,080322265625","4,480000019073486"
2022-03-18,"160,66506958007812","161,25050354003906","2,512624502182007","11,8773193359375","323,4367370605469","41,14204406738281","8,06132698059082","135,00965881347656","290,6285705566406","26,404926300048828","21,450000762939453","342,307373046875","420,6375732421875","4,380000114440918"
2022-03-21,"162,03677368164062","161,4915008544922","2,5272324085235596","12,076626777648926","321,8064880371094","40,50713348388672","8,202751159667969","134,98587036132812","289,4001159667969","26,68541717529297","22,030000686645508","341,3557434082031","420,5146484375","4,570000171661377"
2022-03-22,"165,4072265625","164,88900756835938","2,5637528896331787","12,194734573364258","324,3216857910156","41,24181365966797","8,187037467956543","138,7214813232422","294,1402282714844","26,475797653198242","22,229999542236328","348,0643310546875","425,4351501464844","4,53000020980835"
2022-03-23,"166,76910400390625","163,4080047607422","2,534536838531494","12,172589302062988","319,9153747558594","40,96970748901367","8,069181442260742","137,1420135498047","289,7193908691406","25,58741569519043","22,3700008392334","343,0622253417969","419,9562072753906","4,650000095367432"
2022-03-24,"170,5511016845703","163,64950561523438","2,6733152866363525","12,51953411102295","323,3155212402344","41,18739700317383","8,52488899230957","140,4114990234375","294,17901611328125","28,098838806152344","22,90999984741211","350,687255859375","426,2868347167969","4,789999961853027"
2022-03-25,"171,1879425048828","164,77349853515625","2,629490375518799","12,534297943115234","324,69439697265625","40,86086654663086","8,40703296661377","140,5116729736328","293,7725524902344","27,64167594909668","22,90999984741211","350,3947448730469","428,36859130859375","4,789999961853027"
2022-03-28,"172,0501708984375","168,99049377441406","2,629490375518799","12,733607292175293","325,5793151855469","40,996917724609375","8,399176597595215","140,29595947265625","300,5635986328125","28,167715072631836","23,059999465942383","355,8161315917969","431,4156799316406","4,760000228881836"
2022-03-29,"175,34225463867188","169,31500244140625","2,600273847579956","12,667169570922852","328,8211975097656","41,69532012939453","8,399176597595215","141,3373565673828","305,1199645996094","28,603919982910156","22,440000534057617","361,93963623046875","436,7526550292969","4,809999942779541"
2022-03-30,"174,17626953125","166,30099487304688","2,6075780391693115","12,652403831481934","328,0293884277344","41,57740020751953","8,509176254272461","140,77499389648438","303,6204833984375","27,639678955078125","22,90999984741211","357,9418640136719","434,0557861328125","4,880000114440918"
2022-03-31,"171,08021545410156","162,99749755859375","2,5929696559906006","12,770514488220215","323,101318359375","40,95157241821289","8,48560619354248","137,92752075195312","298,2516174316406","27,236413955688477","23,6299991607666","353,5052490234375","427,375","4,829999923706055"
2022-04-01,"170,78622436523438","163,55999755859375","2,695227861404419","13,14698600769043","324,20062255859375","41,63182830810547","8,721315383911133","139,0016326904297","299,3254089355469","26,663455963134766","24,06999969482422","352,8324279785156","428,5862731933594","5,050000190734863"
2022-04-04,"174,832763671875","168,34649658203125","2,651402473449707","13,043641090393066","325,3464660644531","42,36650848388672","8,650601387023926","141,79953002929688","304,6943054199219","27,310274124145508","23,950000762939453","360,0968017578125","432,2577819824219","5,309999942779541"
2022-04-05,"171,5210723876953","164,05499267578125","2,5929696559906006","12,733607292175293","322,644775390625","41,58647155761719","8,344181060791016","139,4385528564453","300,7377624511719","25,883874893188477","23,969999313354492","352,1011047363281","426,79779052734375","5,190000057220459"
2022-04-06,"168,3563690185547","158,75599670410156","2,5272324085235596","12,541677474975586","321,1636962890625","41,042266845703125","8,25775146484375","135,42869567871094","289,7289733886719","24,362648010253906","23,350000381469727","344,45648193359375","422,5301208496094","5,070000171661377"
2022-04-07,"168,66009521484375","157,7845001220703","2,498015880584717","12,563823699951172","322,3001708984375","40,71574783325195","8,100610733032227","134,77459716796875","291,5379943847656","24,16400909423828","23,450000762939453","345,27557373046875","424,6592712402344","5,130000114440918"
2022-04-08,"166,65151977539062","154,4604949951172","2,5053203105926514","12,704079627990723","323,6043395996094","40,75202560424805","8,092753410339355","132,1949005126953","287,2815856933594","23,07698631286621","24,149999618530273","340,44891357421875","423,523681640625","5,139999866485596"
2022-04-11,"162,39926147460938","151,1219940185547","2,4103662967681885","12,39404296875","319,71966552734375","40,244102478027344","7,8413262367248535","127,76750946044922","275,95355224609375","21,877168655395508","23,540000915527344","332,39483642578125","416,2847900390625","5,03000020980835"
2022-04-12,"164,2706756591797","150,78750610351562","2,322716236114502","12,16520881652832","318,8067932128906","40,11711883544922","7,802041530609131","126,6676025390625","272,85797119140625","21,46491813659668","23,739999771118164","330,9906921386719","414,7423400878906","5,070000171661377"
2022-04-13,"166,9552764892578","155,54100036621094","2,322716236114502","12,29069709777832","322,1045227050781","40,6431884765625","7,833470344543457","128,82920837402344","278,2366027832031","22,162649154663086","24,15999984741211","337,71868896484375","419,4925842285156","5,139999866485596"
2022-04-14,"161,9485626220703","151,7064971923828","2,388453960418701","12,608116149902344","320,85198974609375","40,11711883544922","7,8570427894592285","125,69116973876953","270,7007141113281","21,21936798095703","24,889999389648438","329,99603271484375","414,2691345214844","5,179999828338623"
2022-04-18,"161,73304748535156","152,78500366210938","2,3738455772399902","12,549063682556152","320,6750183105469","39,9810676574707","7,959183692932129","126,62989807128906","271,3681640625","21,743412017822266","24,049999237060547","330,2496337890625","414,43951416015625","5,230000019073486"
2022-04-19,"164,0159149169922","158,11549377441406","2,4249744415283203","12,578587532043457","325,3531799316406","39,78152084350586","7,951324462890625","128,9432830810547","275,99224853515625","22,157657623291016","25,079999923706055","337,63092041015625","421,129638671875","5,139999866485596"
2022-04-20,"163,84934997558594","153,9980010986328","2,4761035442352295","12,49738883972168","327,5990905761719","39,54570007324219","7,888472080230713","126,99041748046875","277,0177001953125","21,442960739135742","24,649999618530273","332,7067565917969","420,81744384765625","5,070000171661377"
2022-04-21,"163,05575561523438","148,29600524902344","2,3154125213623047","11,781354904174805","324,0391540527344","38,7838134765625","7,472046852111816","123,7913589477539","271,64874267578125","20,14632225036621","23,049999237060547","325,8227844238281","414,5246887207031","4,769999980926514"
2022-04-22,"158,51934814453125","144,35000610351562","2,242371082305908","11,449173927307129","315,24176025390625","38,439151763916016","7,275620460510254","118,65482330322266","265,08990478515625","19,47953224182129","22,59000015258789","317,29083251953125","403,1504821777344","4,639999866485596"
2022-04-25,"159,5873260498047","146,07400512695312","2,2496745586395264","11,338444709777832","317,3758239746094","38,15797424316406","7,307048797607422","122,06513977050781","271,56170654296875","19,86583137512207","22,469999313354492","321,3666076660156","405,4877624511719","4,46999979019165"
2022-04-26,"153,63023376464844","139,39100646972656","2,140113115310669","10,592884063720703","309,818115234375","37,32352828979492","6,969195365905762","117,67740631103516","261,40423583984375","18,753856658935547","21,5","309,2366638183594","393,7445068359375","4,150000095367432"
2022-04-27,"153,40487670898438","138,16700744628906","2,1693296432495117","10,821718215942383","310,35845947265625","37,75889205932617","7,181335926055908","113,35760498046875","273,9801025390625","18,381534576416016","22,200000762939453","308,86614990234375","394,85162353515625","4,190000057220459"
2022-04-28,"160,33192443847656","144,59649658203125","2,220458984375","10,969355583190918","316,19232177734375","38,303096771240234","7,29133415222168","117,55094146728516","280,1809997558594","19,74604606628418","22,3799991607666","319,83575439453125","404,8253479003906","4,329999923706055"
2022-04-29,"154,46299743652344","124,28150177001953","2,1693296432495117","10,8291015625","307,24591064453125","38,439151763916016","7,142052173614502","113,17411804199219","268,466064453125","18,513296127319336","21,56999969482422","305,443603515625","389,8647766113281","4,239999771118164"
2022-05-02,"154,7667694091797","124,5","2,0962882041931152","10,504302024841309","308,22442626953125","38,384727478027344","6,906339168548584","115,6273422241211","275,1893310546875","19,49750328063965","20,6200008392334","310,54327392578125","392,2115173339844","4,139999866485596"
2022-05-03,"156,2560272216797","124,25350189208984","2,2131545543670654","11,043172836303711","308,69970703125","38,66590118408203","7,197049140930176","116,3721923828125","272,587158203125","19,566373825073242","21,270000457763672","310,8747863769531","394,00946044921875","4,260000228881836"
2022-05-04,"162,663818359375","125,92849731445312","2,2715871334075928","11,24248218536377","317,40399169921875","39,083126068115234","7,299191474914551","121,25880432128906","280,5196228027344","20,297048568725586","21,579999923706055","321,3861389160156","406,00823974609375","4,400000095367432"
2022-05-05,"153,60081481933594","116,40699768066406","2,1693296432495117","10,688847541809082","307,7584228515625","37,6409797668457","7,008479595184326","115,55048370361328","268,30169677734375","18,809751510620117","20,559999465942383","305,1997985839844","391,5775451660156","4,139999866485596"
2022-05-06,"154,32691955566406","114,77249908447266","2,1693296432495117","10,629792213439941","306,6681213378906","37,12398147583008","7,008479595184326","114,79769897460938","265,7671203613281","18,641061782836914","20,469999313354492","301,5433044433594","389,2402038574219","4,119999885559082"
2022-05-09,"149,20494079589844","108,78900146484375","2,0378549098968506","10,135212898254395","300,638671875","36,053707122802734","6,819913387298584","111,58871459960938","255,94825744628906","16,919198989868164","19,549999237060547","289,74481201171875","376,7778625488281","3,880000114440918"
2022-05-10,"151,60891723632812","108,85900115966797","2,0159428119659424","10,304993629455566","299,9210205078125","36,22603988647461","6,961338520050049","113,45726776123047","260,7077331542969","17,56302261352539","20,31999969482422","293,2647705078125","377,6483459472656","3,9200000762939453"
2022-05-11,"143,7493133544922","105,37200164794922","2,0743753910064697","10,629792213439941","296,7803649902344","35,97207260131836","7,126337051391602","112,67127990722656","252,04971313476562","16,599777221679688","20,920000076293945","284,567138671875","371,6490478515625","4,059999942779541"
2022-05-12,"139,88331604003906","106,93049621582031","2,0743753910064697","10,858627319335938","296,0163269042969","35,73625564575195","7,134194374084473","111,91899871826172","247,01939392089844","16,14560317993164","20,68000030517578","283,894287109375","371,2610778808594","4,039999961853027"
2022-05-13,"144,3478546142578","113,05500030517578","2,1474173069000244","11,449173927307129","300,2937927246094","36,724891662597656","7,420543193817139","115,09920501708984","252,60105895996094","17,673816680908203","21,450000762939453","294,41546630859375","380,1370849609375","4,25"
2022-05-16,"142,8073272705078","110,81050109863281","2,2642831802368164","11,773971557617188","300,80621337890625","36,57978057861328","7,592352390289307","113,50686645507812","252,9687042236328","17,232622146606445","21,649999618530273","291,0025939941406","378,5946350097656","4,420000076293945"
2022-05-17,"146,43788146972656","115,36849975585938","2,2788913249969482","11,980660438537598","304,83221435546875","37,47771453857422","7,764162540435791","115,51824951171875","258,1151123046875","18,14396858215332","22,270000457763672","298,5400390625","386,3824157714844","4,489999771118164"
2022-05-18,"138,1759796142578","107,11250305175781","2,191242218017578","11,611572265625","294,0686340332031","36,57978057861328","7,567807197570801","110,98223876953125","246,36325073242188","16,90721321105957","21,31999969482422","283,8846130371094","370,80682373046875","4,260000228881836"
2022-05-19,"134,77114868164062","107,31900024414062","2,2350668907165527","11,64109992980957","291,8598937988281","37,1602668762207","7,575990200042725","109,47915649414062","245,45181274414062","17,092880249023438","21,520000457763672","282,3634338378906","368,5357971191406","4,369999885559082"
2022-05-20,"135,00660705566406","107,59100341796875","2,1693296432495117","11,471319198608398","291,84588623046875","37,31444549560547","7,420543193817139","108,01525115966797","244,88943481445312","16,66366195678711","21,479999542236328","281,4859313964844","368,69659423828125","4,340000152587891"
2022-05-23,"140,42300415039062","107,55699920654297","2,2715871334075928","11,906843185424805","297,843017578125","37,59563446044922","7,649622917175293","110,57410430908203","252,7337646484375","16,867292404174805","22,1299991607666","286,166259765625","375,5949401855469","4,5"
2022-05-24,"137,72462463378906","104,0999984741211","2,300804376602173","12,298080444335938","298,3569030761719","36,94257736206055","7,649622917175293","105,10134887695312","251,7350311279297","16,124643325805664","22,940000534057617","280,0817565917969","372,727783203125","4,429999828338623"
2022-05-25,"137,88160705566406","106,7750015258789","2,2788913249969482","12,194734573364258","300,1224365234375","37,12398147583008","7,665985107421875","104,93769073486328","254,5469512939453","16,944150924682617","23,719999313354492","284,0015563964844","376,020751953125","4,5"
2022-05-26,"141,08041381835938","111,07749938964844","2,322716236114502","12,416187286376953","304,95196533203125","37,704463958740234","7,682350158691406","106,90889739990234","257,82427978515625","17,818557739257812","24,25","291,87042236328125","383,53424072265625","4,539999961853027"
2022-05-27,"146,8303680419922","115,14649963378906","2,293499708175659","12,16520881652832","310,20184326171875","38,13983154296875","7,674169063568115","111,39582061767578","264,9413757324219","18,77681541442871","23,959999084472656","301,3970031738281","392,94964599609375","4,659999847412109"
2022-05-31,"146,04541015625","120,20950317382812","2,2350668907165527","11,751826286315918","308,45501708984375","38,67496871948242","7,535083770751953","112,8294677734375","263,61297607421875","18,6380672454834","23,670000076293945","300,597412109375","390,74481201171875","4,5"
2022-06-01,"145,9178466796875","121,68399810791016","2,1620256900787354","11,655860900878906","306,736083984375","38,40286636352539","7,3632731437683105","112,95840454101562","264,14630126953125","18,286705017089844","23,260000228881836","298,3742980957031","387,5842590332031","4,400000095367432"
2022-06-02,"148,37091064453125","125,51100158691406","2,1839375495910645","11,862555503845215","310,855712890625","39,06498718261719","7,51871919631958","116,65831756591797","266,2406311035156","19,556392669677734","23,299999237060547","306,5454406738281","394,96527099609375","4,369999885559082"
2022-06-03,"142,65036010742188","122,3499984741211","2,220458984375","11,736611366271973","307,6609802246094","38,430076599121094","7,453268051147461","113,60208129882812","261,8191223144531","18,685977935791016","23,559999465942383","298,5692138671875","388,4832458496094","4,440000057220459"
2022-06-06,"143,39610290527344","124,79000091552734","2,140113115310669","11,435276985168457","307,7544250488281","38,63868713378906","7,297821044921875","115,86289978027344","260,5877380371094","18,75185775756836","22,989999771118164","299,5638427734375","389,6661071777344","4,360000133514404"
2022-06-07,"145,9178466796875","123,0","2,125505208969116","11,373464584350586","310,2952575683594","38,75659942626953","7,248733043670654","116,18920135498047","264,2237854003906","18,89160919189453","23,3700008392334","302,1478576660156","393,4038391113281","4,380000114440918"
2022-06-08,"145,18194580078125","121,18000030517578","2,059767484664917","11,02577018737793","307,6889343261719","38,965213775634766","7,0441975593566895","116,23332977294922","262,1972961425781","18,618045806884766","23,0","299,973388671875","389,12664794921875","4,389999866485596"
2022-06-09,"139,96180725097656","116,1500015258789","1,9209890365600586","10,199029922485352","301,7291564941406","38,04317855834961","6,471498489379883","113,89417266845703","256,7479553222656","18,019012451171875","22,239999771118164","291,9387512207031","379,8720703125","4,139999866485596"
2022-06-10,"134,55528259277344","109,6500015258789","1,8844679594039917","10,005867958068848","293,6675109863281","37,62240982055664","6,414229393005371","110,25028228759766","245,30638122558594","16,946733474731445","21,149999618530273","281,6418151855469","368,85748291015625","4,050000190734863"
2022-06-13,"129,40382385253906","103,66999816894531","1,7676019668579102","9,32593059539795","285,456298828125","36,305206298828125","5,906981468200684","105,52037811279297","234,9022216796875","15,621867179870605","20,399999618530273","268,5465393066406","354,8526611328125","3,880000114440918"
2022-06-14,"130,26731872558594","102,30999755859375","1,826034665107727","9,511368751525879","284,2606506347656","36,80830764770508","5,9724321365356445","105,8407211303711","237,0645294189453","15,810563087463379","20,079999923706055","269,0341491699219","353,78338623046875","3,7200000286102295"
2022-06-15,"132,88717651367188","107,66999816894531","1,9063804149627686","9,627265930175781","286,99774169921875","37,29310989379883","6,1442437171936035","108,86473083496094","244,11370849609375","16,500455856323242","20,709999084472656","275,7524108886719","358,8270263671875","3,75"
2022-06-16,"127,61797332763672","103,66000366210938","1,8625558614730835","9,310478210449219","280,150390625","36,14970779418945","6,02152156829834","105,16432189941406","237,52996826171875","15,575940132141113","20,18000030517578","264,6268005371094","346,95123291015625","3,5199999809265137"
2022-06-17,"129,08985900878906","106,22000122070312","1,8698596954345703","9,271845817565918","279,6934814453125","36,28691482543945","6,095154285430908","106,2652359008789","240,12855529785156","15,854490280151367","19,729999542236328","267,8445739746094","347,69915771484375","3,4200000762939453"
2022-06-21,"133,3188934326172","108,68000030517578","1,8552515506744385","9,279572486877441","285,844970703125","36,872337341308594","6,03788423538208","110,629638671875","246,03359985351562","16,53938865661621","20,049999237060547","274,60211181640625","356,45196533203125","3,5399999618530273"
2022-06-22,"132,80868530273438","108,94999694824219","1,8990763425827026","9,271845817565918","285,2082214355469","36,2137336730957","6,095154285430908","110,57361602783203","245,44212341308594","16,33371925354004","20,489999771118164","274,2015686035156","355,8057861328125","3,4700000286102295"
2022-06-23,"135,67385864257812","112,44000244140625","1,833338975906372","8,970511436462402","287,2025146484375","36,323509216308594","5,9724321365356445","111,32192993164062","250,99807739257812","16,19894027709961","19,84000015258789","278,2852783203125","359,2935791015625","3,2300000190734863"
2022-06-24,"139,0001983642578","116,45999908447266","1,8041226863861084","8,823704719543457","294,95513916015625","37,183345794677734","5,849711894989014","117,0079345703125","259,5696105957031","17,098485946655273","19,729999542236328","287,8202819824219","370,7169189453125","3,2200000286102295"
2022-06-27,"139,0001983642578","113,22000122070312","1,8114265203475952","8,83915901184082","294,33709716796875","37,22908020019531","5,841530799865723","114,88398742675781","256,8450012207031","16,84190559387207","21,3700008392334","285,7101135253906","369,3009033203125","3,380000114440918"
2022-06-28,"134,85946655273438","107,4000015258789","1,8187309503555298","9,117316246032715","289,6371154785156","37,000396728515625","5,808804512023926","111,08935546875","248,6903839111328","15,956326484680176","20,920000076293945","277,0054626464844","361,75506591796875","3,430000066757202"
2022-06-29,"136,61581420898438","108,91999816894531","1,8187309503555298","9,009143829345703","290,3017578125","36,854042053222656","5,866074085235596","110,7858657836914","252,35562133789062","15,517034530639648","20,739999771118164","277,2593994140625","361,46044921875","3,3399999141693115"
2022-06-30,"134,15296936035156","106,20999908447266","1,7456897497177124","8,653722763061523","288,21380615234375","36,680240631103516","5,65335750579834","108,0698013305664","249,02972412109375","15,134651184082031","20,479999542236328","273,820556640625","358,5238342285156","3,259999990463257"
2022-07-01,"136,32144165039062","109,55999755859375","1,7895145416259766","8,9859619140625","291,0508728027344","36,451560974121094","5,857893943786621","107,84615325927734","251,69618225097656","14,49967098236084","21,360000610351562","275,62786865234375","362,31573486328125","3,319999933242798"
2022-07-05,"138,90208435058594","113,5","1,7310808897018433","8,669175148010254","289,9835510253906","36,167999267578125","5,596088886260986","112,33456420898438","254,86692810058594","14,939961433410645","19,75","280,34661865234375","362,9999694824219","3,130000114440918"
2022-07-06,"140,23655700683594","114,33000183105469","1,6945606470108032","8,615089416503906","290,6387634277344","35,94846725463867","5,4733662605285645","113,63282012939453","258,1249084472656","15,105697631835938","19,719999313354492","282,14410400390625","364,2259216308594","3,0899999141693115"
2022-07-07,"143,60215759277344","116,33000183105469","1,6799521446228027","8,754167556762695","293,9534606933594","36,67109680175781","5,4733662605285645","117,8093032836914","260,248291015625","15,832526206970215","20,850000381469727","288,1817932128906","369,6810302734375","3,119999885559082"
2022-07-08,"144,27919006347656","115,54000091552734","1,7383853197097778","8,83143138885498","293,4944763183594","36,67109680175781","5,465184688568115","118,37512969970703","259,53082275390625","15,812560081481934","20,959999084472656","288,5432434082031","369,3769226074219","3,1700000762939453"
2022-07-11,"142,14990234375","111,75","1,6726480722427368","8,47601318359375","291,8467102050781","35,69234848022461","5,367007255554199","114,728271484375","256,4765319824219","15,127659797668457","20,690000534057617","282,378662109375","365,1573791503906","3,049999952316284"
2022-07-12,"143,12135314941406","109,22000122070312","1,6288232803344727","8,506919860839844","290,2268981933594","35,55514144897461","5,309737682342529","113,0858383178711","245,9657440185547","15,057772636413574","20,889999389648438","279,6431579589844","361,9260559082031","3,0"
2022-07-13,"142,75830078125","110,4000015258789","1,6215187311172485","8,282849311828613","288,14825439453125","35,472816467285156","5,170653820037842","110,44070434570312","245,04457092285156","15,139641761779785","21,170000076293945","279,0667724609375","360,025390625","3,009999990463257"
2022-07-14,"145,68235778808594","110,62999725341797","1,5703903436660767","7,811529159545898","286,88427734375","35,15266418457031","5,0233893394470215","109,46280670166016","246,36325073242188","15,347306251525879","20,469999313354492","280,0632629394531","359,1510925292969","2,930000066757202"
2022-07-15,"147,35040283203125","113,55000305175781","1,6142151355743408","8,012420654296875","292,86785888671875","35,33560562133789","5,1461100578308105","110,8612289428711","248,92308044433594","15,73668098449707","21,040000915527344","285,1434631347656","366,0126953125","2,9700000286102295"
2022-07-18,"144,30865478515625","113,76000213623047","1,6799521446228027","8,267396926879883","290,98516845703125","35,582576751708984","5,244286060333252","108,13624572753906","246,52810668945312","16,07513427734375","21,079999923706055","282,7303771972656","362,9906005859375","2,990000009536743"
2022-07-19,"148,16481018066406","118,20999908447266","1,7018646001815796","8,290574073791504","297,9729309082031","36,167999267578125","5,178834915161133","112,87706756591797","251,64772033691406","16,964706420898438","21,260000228881836","291,42523193359375","372,7982482910156","3,059999942779541"
2022-07-20,"150,16653442382812","122,7699966430664","1,6507357358932495","7,850162506103516","298,5629577636719","36,01249313354492","4,900668621063232","112,96632385253906","254,30450439453125","17,77839469909668","20,479999542236328","296,0462341308594","375,1741027832031","2,990000009536743"
2022-07-21,"152,43316650390625","124,62999725341797","1,5776945352554321","7,726536750793457","300,1271667480469","36,42411804199219","4,851579189300537","113,4027328491211","256,79644775390625","18,021007537841797","20,1299991607666","300,2960205078125","378,9945983886719","2,9100000858306885"
2022-07-22,"151,19679260253906","122,41999816894531","1,6964455842971802","8,007743835449219","298,86279296875","36,0582389831543","5,039752006530762","107,01551055908203","252,45254516601562","17,291179656982422","20,43000030517578","295,0302429199219","375,478271484375","2,9100000858306885"
2022-07-25,"150,0782470703125","121,13999938964844","1,788978934288025","8,443964004516602","299,705810546875","36,18629837036133","5,285194396972656","106,62871551513672","250,96902465820312","16,996654510498047","21,280000686645508","293,3498229980469","375,9344482421875","3,140000104904175"
2022-07-26,"148,7535858154297","114,80999755859375","1,7658456563949585","8,482911109924316","297,4390563964844","35,902732849121094","5,309737682342529","104,15912628173828","244,2494659423828","16,506446838378906","21,459999084472656","287,5857849121094","371,48675537109375","3,200000047683716"
2022-07-27,"153,8461151123047","120,97000122070312","1,8815120458602905","8,95807933807373","301,62615966796875","36,57047653198242","5,57972526550293","112,13322448730469","260,5779724121094","17,761423110961914","22,34000015258789","299,7391052246094","381,1329040527344","3,3499999046325684"
2022-07-28,"154,39561462402344","122,27999877929688","1,9586236476898193","9,674725532531738","304,6422119140625","36,725982666015625","6,046064376831055","113,2837142944336","268,0151672363281","17,955106735229492","23,649999618530273","302,6700134277344","385,91326904296875","3,4800000190734863"
2022-07-29,"159,45872497558594","134,9499969482422","2,0665786266326904","10,095367431640625","307,8550720214844","36,552181243896484","6,381503582000732","115,36650848388672","272,2135314941406","18,133825302124023","23,950000762939453","308,18975830078125","391,5394287109375","3,7100000381469727"
2022-08-01,"158,47750854492188","135,38999938964844","2,0280232429504395","10,07199764251709","307,2742919921875","36,241180419921875","6,365140438079834","113,91845703125","269,5664978027344","18,411378860473633","23,920000076293945","308,0041809082031","390,3799133300781","3,6500000953674316"
2022-08-02,"157,0056610107422","134,16000366210938","2,058868169784546","10,149890899658203","303,5276184082031","36,067386627197266","6,40604829788208","114,18624114990234","266,473388671875","18,496238708496094","22,899999618530273","307,0858154296875","387,8044128417969","3,6600000858306885"
2022-08-03,"163,01077270507812","139,52000427246094","2,051157236099243","10,282316207885742","307,38671875","36,350948333740234","6,397867679595947","117,11207580566406","273,89105224609375","18,862655639648438","23,809999465942383","315,4486389160156","393,87725830078125","3,7200000286102295"
2022-08-04,"162,69677734375","142,57000732421875","1,9971789121627808","9,986310958862305","306,63726806640625","36,60707092285156","6,250600814819336","117,2211685180664","275,03515625","19,18413543701172","23,68000030517578","316,9237365722656","393,61114501953125","3,6600000858306885"
2022-08-05,"162,47080993652344","140,8000030517578","2,082001209259033","10,040838241577148","307,20880126953125","36,64365768432617","6,389685153961182","116,50706481933594","274,31768798828125","18,958498001098633","24,110000610351562","314,3348388671875","392,9458923339844","3,75"
2022-08-08,"161,99911499023438","139,41000366210938","2,1514010429382324","10,593900680541992","307,63031005859375","36,689388275146484","6,602400779724121","116,3384780883789","271,80633544921875","17,764419555664062","24,8700008392334","313,3187255859375","392,48974609375","4,0"
2022-08-09,"162,04823303222656","137,8300018310547","2,0434458255767822","9,970731735229492","307,1525573730469","36,552181243896484","6,373322486877441","115,67395782470703","273,7261962890625","17,058555603027344","24,3799991607666","309,77239990234375","390,93115234375","3,9100000858306885"
2022-08-10,"166,2930450439453","142,69000244140625","2,089712142944336","9,744832992553711","312,1076354980469","37,00953674316406","6,258781909942627","118,71878814697266","280,3778381347656","18,067930221557617","24,200000762939453","318,41845703125","399,1423034667969","3,9100000858306885"
2022-08-11,"165,55609130859375","140,63999938964844","2,166823387145996","10,188841819763184","312,58538818359375","37,15589904785156","6,422410488128662","117,86583709716797","278,3028564453125","17,91318130493164","24,479999542236328","316,611083984375","399,1423034667969","4,090000152587891"
2022-08-12,"169,10325622558594","143,5500030517578","2,22851300239563","10,399161338806152","316,444580078125","37,54922866821289","6,602400779724121","120,68254852294922","283,0443115234375","18,67894744873047","24,389999389648438","322,77569580078125","405,8993225097656","4,409999847412109"
2022-08-15,"170,1742706298828","143,17999267578125","2,259357213973999","10,679588317871094","317,8871154785156","37,375431060791016","6,798757076263428","121,07928466796875","284,55694580078125","19,001432418823242","24,190000534057617","325,3841857910156","407,5718688964844","4,639999866485596"
2022-08-16,"170,0170135498047","144,77999877929688","2,22851300239563","10,640640258789062","320,10711669921875","37,36628723144531","6,725122928619385","120,70237731933594","283,82000732421875","18,84867286682129","24,059999465942383","324,62213134765625","408,3702697753906","4,610000133514404"
2022-08-17,"171,51058959960938","142,10000610351562","2,2362232208251953","10,554953575134277","318,6647033691406","37,21078109741211","6,635127067565918","118,57003021240234","283,07183837890625","18,30554962158203","24,190000534057617","320,9195251464844","405,4716796875","4,639999866485596"
2022-08-18,"171,11752319335938","142,3000030517578","2,2664949893951416","10,885680198669434","319,02056884765625","37,000396728515625","6,676033973693848","119,1849365234375","281,95440673828125","18,74284553527832","25,239999771118164","321,6912536621094","406,650146484375","4,849999904632568"
2022-08-19,"168,53334045410156","138,22999572753906","2,126779556274414","10,344922065734863","316,3138732910156","36,49729919433594","6,397867679595947","116,24919891357422","278,0481872558594","17,820327758789062","24,219999313354492","315,419189453125","401,185546875","4,650000095367432"
2022-08-22,"164,65213012695312","133,22000122070312","2,1811137199401855","10,697587966918945","310,4199523925781","36,177146911621094","6,610583782196045","113,30353546142578","269,8860168457031","17,006643295288086","24,3799991607666","307,1150817871094","392,8318786621094","4,769999980926514"
2022-08-23,"164,3179931640625","133,6199951171875","2,274257183074951","11,128628730773926","308,8714904785156","36,36924362182617","6,921475410461426","112,92666625976562","268,6131591796875","17,153398513793945","24,989999771118164","306,8611755371094","391,88153076171875","5,170000076293945"
2022-08-24,"164,61280822753906","133,8000030517578","2,3906867504119873","11,261857032775879","309,57537841796875","36,3600959777832","6,995109558105469","112,758056640625","267,9815368652344","17,194337844848633","26,200000762939453","307,7501525878906","393,1360168457031","5,300000190734863"
2022-08-25,"167,0692901611328","137,27999877929688","2,429497003555298","11,316717147827148","312,6631164550781","37,14675521850586","7,1341938972473145","115,69379425048828","270,95489501953125","17,88422393798828","26,479999542236328","313,1917419433594","398,6861267089844","5,579999923706055"
2022-08-26,"160,77090454101562","130,75","2,4139726161956787","11,559663772583008","303,07147216796875","36,59791946411133","7,150556564331055","109,43551635742188","260,49951171875","16,2338809967041","26,1299991607666","300,3546142578125","385,19091796875","5,510000228881836"
2022-08-29,"158,56988525390625","129,7899932861328","2,4605445861816406","11,622360229492188","301,3541259765625","36,36924362182617","7,101469039916992","108,52305603027344","257,72052001953125","15,775618553161621","25,950000762939453","297,3944396972656","382,64404296875","5,880000114440918"
2022-08-30,"156,14291381835938","128,72999572753906","2,4605445861816406","11,512641906738281","298,4822998046875","35,93932342529297","6,94602108001709","108,0469970703125","255,52452087402344","15,443155288696289","24,940000534057617","294,08258056640625","378,4433898925781","5,510000228881836"
2022-08-31,"154,4823455810547","126,7699966430664","2,289781093597412","11,05809211730957","296,23907470703125","36,067386627197266","6,635127067565918","107,33289337158203","254,06700134277344","15,069754600524902","24,389999389648438","292,3729248046875","375,56378173828125","5,489999771118164"
2022-09-01,"155,20945739746094","127,81999969482422","2,3596386909484863","11,332390785217285","297,5625305175781","35,783817291259766","6,782392501831055","108,8404312133789","253,02725219726562","13,914612770080566","24,40999984741211","292,4999084472656","376,74224853515625","5,619999885559082"
2022-09-02,"153,09689331054688","127,51000213623047","2,445020914077759","11,685056686401367","294,4654235839844","35,45451736450195","6,986929416656494","106,9659194946289","248,8101348876953","13,625078201293945","24,65999984741211","288,367431640625","372,7697448730469","5,820000171661377"
2022-09-06,"151,8391571044922","126,11000061035156","2,3829245567321777","11,59101390838623","293,0013427734375","35,033748626708984","7,101469039916992","105,9344482421875","246,0797119140625","13,443371772766113","25,18000030517578","286,29620361328125","371,3631896972656","6,019999980926514"
2022-09-07,"153,24427795410156","129,47999572753906","2,5381643772125244","12,406067848205566","296,8774108886719","35,34475326538086","7,3878173828125","108,55281066894531","250,78265380859375","13,696038246154785","26,06999969482422","292,0798645019531","378,0347595214844","6,599999904632568"
2022-09-08,"151,77041625976562","129,82000732421875","2,5226402282714844","12,319860458374023","298,6698303222656","35,15266418457031","7,297821044921875","107,49158477783203","251,20045471191406","13,97167682647705","25,84000015258789","293,5940856933594","380,50567626953125","6,769999980926514"
2022-09-09,"154,62969970703125","133,27000427246094","2,61578369140625","13,142751693725586","302,4615173339844","35,67405319213867","7,788707733154297","109,74298095703125","256,9722900390625","14,368159294128418","26,700000762939453","300,0126647949219","386,4169921875","6,96999979019165"
2022-09-12,"160,58419799804688","136,4499969482422","2,5769736766815186","13,127077102661133","304,6106872558594","36,204593658447266","7,665985107421875","109,95125579833984","259,100341796875","14,486003875732422","26,760000228881836","303,57855224609375","390,57000732421875","7,019999980926514"
2022-09-13,"151,1611785888672","126,81999969482422","2,514878273010254","12,805758476257324","292,5602722167969","35,08863830566406","7,37145471572876","103,46485900878906","244,8553924560547","13,113804817199707","25,979999542236328","286,9313049316406","373,5870666503906","7,110000133514404"
2022-09-14,"152,60560607910156","128,5500030517578","2,5536882877349854","13,236796379089355","292,8699645996094","35,262428283691406","7,551445007324219","104,13928985595703","245,07888793945312","13,110808372497559","26,760000228881836","289,20751953125","375,0125732421875","7,300000190734863"
2022-09-15,"149,71676635742188","126,27999877929688","2,437258720397949","12,797920227050781","291,2744445800781","34,88739776611328","7,2569146156311035","102,06642150878906","238,43251037597656","12,912069320678711","25,34000015258789","284,39117431640625","370,7549743652344","6,670000076293945"
2022-09-16,"148,07586669921875","123,52999877929688","2,46830677986145","12,821432113647461","289,875244140625","34,5672492980957","7,232372283935547","101,95733642578125","237,81068420410156","13,180717468261719","25,010000228881836","282,65216064453125","367,92645263671875","6,96999979019165"
2022-09-19,"151,79002380371094","124,66000366210938","2,5769736766815186","13,448396682739258","291,8512878417969","34,677005767822266","7,592352390289307","102,22509765625","237,5968780517578","13,364474296569824","25,940000534057617","284,85333251953125","370,77978515625","7,210000038146973"
2022-09-20,"154,16787719726562","122,19000244140625","2,6080212593078613","13,127077102661133","288,9059753417969","34,48491668701172","7,461450576782227","100,3109359741211","235,5854949951172","13,158744812011719","25,40999984741211","282,5827331542969","366,52374267578125","7,159999847412109"
2022-09-21,"151,04327392578125","118,54000091552734","2,5381643772125244","12,860617637634277","284,0033264160156","33,90864944458008","7,232372283935547","98,46617126464844","232,18458557128906","13,243632316589355","24,84000015258789","277,5228271484375","360,130126953125","6,820000171661377"
2022-09-22,"150,0803680419922","117,30999755859375","2,530402183532715","12,774409294128418","282,78961181640625","33,74399185180664","7,1587371826171875","99,31912231445312","234,15708923339844","12,544549942016602","24,649999618530273","274,1070861816406","357,1051330566406","6,920000076293945"
2022-09-23,"147,810546875","113,77999877929688","2,3578567504882812","12,431710243225098","278,4045104980469","32,91159439086914","6,839661598205566","97,93061065673828","231,18373107910156","12,49960994720459","23,719999313354492","269,6441650390625","351,1219177246094","6,230000019073486"
2022-09-26,"148,14463806152344","115,1500015258789","2,279782295227051","11,73055648803711","275,44964599609375","32,50912857055664","6,438773155212402","97,36526489257812","230,72703552246094","12,21198558807373","22,40999984741211","268,5284423828125","347,6484069824219","6,25"
2022-09-27,"149,1173858642578","114,41000366210938","2,2953970432281494","11,423308372497559","274,11346435546875","32,472530364990234","6,1442437171936035","96,70077514648438","229,71653747558594","12,39674186706543","22,450000762939453","268,6361083984375","346,7608642578125","6,210000038146973"
2022-09-28,"147,23080444335938","118,01000213623047","2,3344345092773438","11,383916854858398","279,22308349609375","32,756103515625","6,2260565757751465","99,22986602783203","234,24453735351562","12,719321250915527","22,969999313354492","273,9798889160156","353,5839538574219","6,389999866485596"
2022-09-29,"139,99900817871094","114,80000305175781","2,365664482116699","11,336649894714355","274,9696960449219","32,02432632446289","6,1524248123168945","96,62142181396484","230,77561950683594","12,203996658325195","23,079999923706055","266,0816955566406","346,1978759765625","6,21999979019165"
2022-09-30,"135,79348754882812","113,0","2,3500494956970215","11,242110252380371","270,3493957519531","31,905412673950195","6,17726469039917","94,86593627929688","226,30584716796875","12,123104095458984","22,770000457763672","261,5698547363281","340,8444519042969","6,210000038146973"
2022-10-03,"139,96951293945312","115,87999725341797","2,5061986446380615","12,148097038269043","277,3976135253906","32,42679977416992","6,64925479888916","97,83142852783203","233,9239044189453","12,495614051818848","24,110000610351562","267,7063293457031","349,8431701660156","6,820000171661377"
2022-10-04,"143,55596923828125","121,08999633789062","2,5686590671539307","12,313538551330566","285,2549133300781","33,487876892089844","6,682376384735107","100,80682373046875","241,83343505859375","13,149755477905273","23,780000686645508","276,12322998046875","360,68365478515625","6,929999828338623"
2022-10-05,"143,85073852539062","120,94999694824219","2,537428855895996","12,108707427978516","284,9256591796875","33,50616455078125","6,574729919433594","100,59855651855469","242,14434814453125","13,19170093536377","23,969999313354492","275,97650146484375","359,84393310546875","7,400000095367432"
2022-10-06,"142,8976287841797","120,30000305175781","2,4983913898468018","11,880239486694336","281,5756530761719","33,304931640625","6,433960914611816","100,58863830566406","239,8026123046875","13,112805366516113","24,239999771118164","273,8037109375","356,1317443847656","7,210000038146973"
2022-10-07,"137,65061950683594","114,55999755859375","2,43593168258667","11,596630096435547","275,6848449707031","32,609745025634766","6,375997066497803","97,87110137939453","227,6079559326172","12,060187339782715","23,729999542236328","263,37066650390625","346,1978759765625","7,190000057220459"
2022-10-10,"137,97486877441406","113,66999816894531","2,428124189376831","11,494209289550781","274,73443603515625","32,15238952636719","6,309755325317383","97,05783081054688","222,75921630859375","11,654717445373535","23,65999984741211","260,7379455566406","343,5545959472656","6,880000114440918"
2022-10-11,"136,55995178222656","112,20999908447266","2,365664482116699","11,320892333984375","275,04510498046875","31,64014434814453","6,193826198577881","96,38339233398438","219,02793884277344","11,570826530456543","22,790000915527344","257,1558837890625","341,37884521484375","6,730000019073486"
2022-10-12,"135,9310760498047","112,9000015258789","2,3110122680664062","11,076669692993164","274,92266845703125","31,67673110961914","6,011655330657959","96,76026916503906","219,35833740234375","11,484939575195312","22,260000228881836","257,06781005859375","340,2528381347656","6,599999904632568"
2022-10-13,"140,50013732910156","112,52999877929688","2,3578567504882812","11,273625373840332","282,8270263671875","31,768199920654297","6,086179733276367","98,24797058105469","227,6079559326172","11,944336891174316","22,959999084472656","263,09661865234375","349,2324523925781","6,869999885559082"
2022-10-14,"135,9704132080078","106,9000015258789","2,3110122680664062","11,163329124450684","279,3078918457031","31,292545318603516","5,9288506507873535","95,76847839355469","222,08877563476562","11,212296485900879","22,3799991607666","255,18865966796875","341,27386474609375","6,659999847412109"
2022-10-17,"139,93023681640625","113,79000091552734","2,373471975326538","11,45482063293457","284,2386169433594","32,15238952636719","6,168984889984131","99,1505355834961","230,8047637939453","11,872429847717285","23,0","263,6153259277344","350,0436096191406","7,070000171661377"
2022-10-18,"141,2468719482422","116,36000061035156","2,373471975326538","11,565112113952637","287,44744873046875","32,161529541015625","6,168984889984131","99,94396209716797","231,74729919433594","11,951329231262207","23,100000381469727","265,7000732421875","354,1564636230469","6,940000057220459"
2022-10-19,"141,35494995117188","115,06999969482422","2,3422422409057617","11,509967803955078","286,39361572265625","31,576112747192383","6,185544967651367","98,81331634521484","229,78448486328125","12,035216331481934","23,280000686645508","264,7311096191406","351,6467590332031","7,039999961853027"
2022-10-20,"140,8931427001953","115,25","2,3500494956970215","11,431185722351074","285,4149169921875","31,7773494720459","6,326314449310303","99,1505355834961","229,46383666992188","12,178030014038086","23,200000762939453","263,38037109375","348,69805908203125","7,050000190734863"
2022-10-21,"144,70558166503906","119,31999969482422","2,4576199054718018","11,794774055480957","292,71392822265625","32,262149810791016","6,491925239562988","100,30101013183594","235,26480102539062","12,44967269897461","23,549999237060547","269,55609130859375","357,1719665527344","7,170000076293945"
2022-10-24,"146,84762573242188","119,81999969482422","2,379101276397705","11,501686096191406","296,6402587890625","31,036428451538086","6,417401313781738","101,67962646484375","240,24961853027344","12,582499504089355","23,360000610351562","272,5216369628906","361,54248046875","7,389999866485596"
2022-10-25,"149,6873321533203","120,5999984741211","2,434063673019409","11,834378242492676","299,8792724609375","31,292545318603516","6,525047302246094","103,62355041503906","243,5630340576172","13,243632316589355","24,600000381469727","278,158935546875","367,3158264160156","7,630000114440918"
2022-10-26,"146,7493438720703","115,66000366210938","2,4026567935943604","11,652191162109375","299,77557373046875","31,804790496826172","6,433960914611816","94,15184783935547","224,7706298828125","12,879110336303711","24,68000030517578","272,01263427734375","364,5484313964844","7,78000020980835"
2022-10-27,"142,2786102294922","110,95999908447266","2,441915512084961","11,937355995178223","301,73419189453125","31,557811737060547","6,500205039978027","91,46405792236328","220,3300018310547","13,158744812011719","25,34000015258789","267,0604553222656","362,6017150878906","7,869999885559082"
2022-10-28,"153,02809143066406","103,41000366210938","2,3712494373321533","11,620504379272461","309,3797302246094","31,365724563598633","6,301473140716553","95,50068664550781","229,1917724609375","13,815882682800293","25,3799991607666","275,232666015625","371,2283020019531","7,639999866485596"
2022-10-31,"150,66990661621094","102,44000244140625","2,3633973598480225","11,76308822631836","308,2874450683594","31,274253845214844","6,425680160522461","93,73527526855469","225,5576629638672","13,479324340820312","25,170000076293945","272,0322570800781","368,54681396484375","7,639999866485596"
2022-11-01,"148,02671813964844","96,79000091552734","2,5518412590026855","12,357183456420898","307,3364562988281","31,850528717041016","6,781742095947266","89,7283935546875","221,70980834960938","13,525264739990234","26,350000381469727","269,252685546875","366,93408203125","8,260000228881836"
2022-11-02,"142,5045928955078","92,12000274658203","2,4576199054718018","11,85814380645752","302,5815734863281","31,58525848388672","6,491925239562988","86,25709533691406","213,86830139160156","13,201689720153809","25,34000015258789","260,0235290527344","357,72540283203125","7,929999828338623"
2022-11-03,"136,46170043945312","89,30000305175781","2,4576199054718018","11,794774055480957","301,1785888671875","31,768199920654297","6,508485794067383","82,74610137939453","208,18392944335938","13,403423309326172","25,489999771118164","254,9439697265625","354,0420227050781","8,119999885559082"
2022-11-04,"136,19595336914062","90,9800033569336","2,473323345184326","11,953198432922363","305,1991271972656","33,11283493041992","6,6161322593688965","85,87028503417969","215,12176513671875","14,137460708618164","25,90999984741211","259,0447692871094","359,1377258300781","8,039999961853027"
2022-11-07,"136,72744750976562","90,52999877929688","2,410508394241333","11,382866859436035","309,22906494140625","33,13113784790039","6,433960914611816","87,76461791992188","221,4182891845703","14,282270431518555","25,190000534057617","261,8927917480469","362,5731506347656","7,929999828338623"
2022-11-08,"137,29827880859375","89,9800033569336","2,418360471725464","11,3036527633667","312,3266906738281","33,368961334228516","6,392558574676514","88,17127990722656","222,38998413085938","14,582878112792969","26,299999237060547","263,8013610839844","364,529296875","7,75"
2022-11-09,"132,7413330078125","86,13999938964844","2,261323928833008","10,63826847076416","306,3290710449219","32,792686462402344","6,144143581390381","86,60420989990234","218,15341186523438","13,757959365844727","25,239999771118164","257,7137451171875","357,0192565917969","7,119999885559082"
2022-11-10,"144,55194091796875","96,62999725341797","2,198509454727173","10,495685577392578","317,5523376464844","33,98181915283203","6,135862827301025","93,16996002197266","236,1004638671875","15,72937297821045","25,079999923706055","276,7300720214844","376,63897705078125","7,190000057220459"
2022-11-11,"147,33729553222656","100,79000091552734","2,253472089767456","10,828377723693848","318,051513671875","34,90568923950195","6,3511576652526855","95,61970520019531","240,11355590820312","16,305614471435547","25,950000762939453","281,8290710449219","380,28424072265625","7,650000095367432"
2022-11-14,"145,93968200683594","98,48999786376953","2,2299163341522217","10,844220161437988","316,1495666503906","34,6953125","6,359436988830566","94,91551971435547","234,7109832763672","16,273658752441406","26,860000610351562","279,36279296875","377,04925537109375","8,039999961853027"
2022-11-15,"147,6719512939453","98,94000244140625","2,1749539375305176","10,551133155822754","316,5637512207031","35,491111755371094","6,243509292602539","97,63306427001953","235,11904907226562","16,644174575805664","27,059999465942383","283,22869873046875","380,26513671875","8,079999923706055"
2022-11-16,"146,441650390625","97,12000274658203","2,1199913024902344","10,376866340637207","316,431884765625","34,923980712890625","6,12758207321167","98,03971099853516","235,5478057861328","15,889163970947266","26,270000457763672","279,36279296875","377,3642272949219","7,639999866485596"
2022-11-17,"148,3411865234375","94,8499984741211","2,127843141555786","10,17091178894043","316,46026611328125","34,988014221191406","5,97025203704834","97,55372619628906","235,49908447265625","15,65646743774414","25,8700008392334","278,7461853027344","376,2095031738281","7,389999866485596"
2022-11-18,"148,90219116210938","94,13999938964844","2,127843141555786","10,242202758789062","318,3009033203125","34,786773681640625","6,036496639251709","96,63134765625","235,0508575439453","15,38882064819336","26,290000915527344","278,7559814453125","377,9176940917969","7,360000133514404"
2022-11-21,"145,6739501953125","92,45999908447266","2,1199913024902344","10,178833961486816","317,9989318847656","34,34770584106445","6,028217315673828","94,81634521484375","235,85964965820312","15,296942710876465","26,0","275,8883361816406","376,5435485839844","7,269999980926514"
2022-11-22,"147,80967712402344","93,19999694824219","2,1513984203338623","10,321415901184082","321,68804931640625","34,43003845214844","6,069619178771973","96,25445556640625","238,763427734375","16,016996383666992","26,139999389648438","279,8619384765625","381,6106872558594","7,480000019073486"
2022-11-23,"148,68568420410156","94,12999725341797","2,386929988861084","10,559707641601562","322,62213134765625","34,71359634399414","6,243509292602539","97,65290069580078","241,24822998046875","16,49736213684082","26,700000762939453","282,67071533203125","384,0154724121094","7,659999847412109"
2022-11-25,"145,77239990234375","93,41000366210938","2,5371007919311523","10,902400970458984","324,10333251953125","34,548946380615234","6,417401313781738","96,66109466552734","241,1605224609375","16,248689651489258","27,56999969482422","280,811279296875","383,9295349121094","8,220000267028809"
2022-11-28,"141,9438018798828","93,94999694824219","2,6082346439361572","10,934279441833496","319,3576354980469","34,39344787597656","6,500205039978027","95,26265716552734","235,57704162597656","15,80627155303955","27,989999771118164","276,69085693359375","377,8031311035156","8,279999732971191"
2022-11-29,"138,94190979003906","92,41999816894531","2,5371007919311523","11,109609603881836","319,34820556640625","35,134368896484375","6,558169841766357","94,40970611572266","234,18362426757812","15,618517875671387","28,989999771118164","274,596435546875","377,1543273925781","8,600000381469727"
2022-11-30,"145,69361877441406","96,54000091552734","2,552908420562744","11,579814910888672","326,584716796875","36,14970779418945","6,707218170166016","100,16216278076172","248,61485290527344","16,90515899658203","28,649999618530273","287,1141662597656","389,03485107421875","8,390000343322754"
2022-12-01,"145,96922302246094","95,5","2,5212936401367188","11,356664657592773","324,94293212890625","36,03079605102539","6,732060432434082","100,16216278076172","248,1763458251953","17,1169376373291","29,110000610351562","287,46649169921875","388,7486267089844","8,380000114440918"
2022-12-02,"145,47711181640625","94,12999725341797","2,434352159500122","11,348695755004883","325,2544250488281","36,167999267578125","6,806584358215332","99,61666870117188","248,49794006347656","16,85820770263672","28,639999389648438","286,3213806152344","388,3000793457031","8,260000228881836"
2022-12-05,"144,3157196044922","91,01000213623047","2,2920851707458496","10,687220573425293","320,8105773925781","35,75638198852539","6,326314449310303","98,66454315185547","243,8011932373047","16,592491149902344","27,420000076293945","281,5158996582031","381,3149108886719","7,78000020980835"
2022-12-06,"140,6544647216797","88,25","2,276277780532837","10,846611976623535","317,4424133300781","35,71063995361328","6,3180341720581055","96,1850357055664","238,85110473632812","15,970148086547852","27,040000915527344","275,6828308105469","375,8183288574219","7,650000095367432"
2022-12-07,"138,71556091308594","88,45999908447266","2,379025936126709","11,11757755279541","317,4235534667969","35,50025939941406","6,583010196685791","94,16175079345703","238,12026977539062","16,10300636291504","27,639999389648438","274,557373046875","375,178955078125","7,78000020980835"
2022-12-08,"140,3985595703125","90,3499984741211","2,220951557159424","10,607523918151855","319,3292236328125","35,930179595947266","6,2186689376831055","92,94183349609375","241,0727996826172","17,150901794433594","26,18000030517578","277,80670166015625","378,1180114746094","7,400000095367432"
2022-12-09,"139,91629028320312","89,08999633789062","2,1893362998962402","10,591586112976074","316,413818359375","35,69234848022461","6,160704612731934","92,0690689086914","239,14344787597656","16,983078002929688","25,979999542236328","276,0351867675781","375,2934265136719","7,380000114440918"
2022-12-12,"142,20950317382812","90,55000305175781","2,276277780532837","10,926309585571289","321,3671875","35,582576751708984","6,425680160522461","92,54511260986328","246,05210876464844","17,516515731811523","26,450000762939453","279,4997863769531","380,70416259765625","7,489999771118164"
2022-12-13,"143,17408752441406","92,48999786376953","2,25256609916687","10,695191383361816","322,48992919921875","35,837039947509766","6,309755325317383","94,8460922241211","250,3493194580078","18,052953720092773","26,010000228881836","282,50439453125","383,5860595703125","7,510000228881836"
2022-12-14,"140,94972229003906","91,58000183105469","2,268373489379883","10,727068901062012","320,9898681640625","35,85560989379883","6,3511576652526855","94,29069519042969","250,64163208007812","17,655370712280273","25,700000762939453","280,40997314453125","381,1335144042969","7,389999866485596"
2022-12-15,"134,34561157226562","88,44999694824219","2,276277780532837","10,719099998474121","313,98919677734375","35,02910232543945","6,3677167892456055","90,1152114868164","242,64166259765625","16,934127807617188","25,479999542236328","270,994873046875","371,81036376953125","7,46999979019165"
2022-12-16,"132,38702392578125","87,86000061035156","2,284181594848633","10,703161239624023","311,07672119140625","35,131256103515625","6,359436988830566","89,5201187133789","238,43215942382812","16,553529739379883","26,110000610351562","268,4110107421875","367,4207458496094","7,46999979019165"
2022-12-19,"130,2808074951172","84,91999816894531","2,386929988861084","10,942245483398438","309,5732421875","35,159114837646484","6,591291904449463","87,71502685546875","234,30055236816406","16,236867904663086","27,770000457763672","264,6388854980469","364,3050842285156","7,940000057220459"
2022-12-20,"130,2119140625","85,19000244140625","2,6003308296203613","11,476208686828613","310,5188293457031","35,14982223510742","7,096402168273926","88,29029846191406","235,6160125732422","16,06804656982422","28,040000915527344","264,4328918457031","364,8036193847656","8,470000267028809"
2022-12-21,"133,3122100830078","86,7699966430664","2,7109832763671875","12,073930740356445","315,4549255371094","35,46556854248047","7,377939224243164","88,84568786621094","238,17872619628906","16,48360824584961","28,860000610351562","268,2687683105469","370,25836181640625","8,680000305175781"
2022-12-22,"130,1430206298828","83,79000091552734","2,8216359615325928","12,320985794067383","312,29656982421875","35,14982223510742","7,411062717437744","87,04061126708984","232,09835815429688","15,322831153869629","29,59000015258789","261,7055358886719","364,97613525390625","8,859999656677246"
2022-12-23,"129,77882385253906","85,25","2,858156442642212","12,683721542358398","313,8758239746094","35,1033935546875","7,684319019317627","88,4985580444336","232,62452697753906","15,189971923828125","29,950000762939453","262,29412841796875","367,0755615234375","9,09000015258789"
2022-12-27,"127,97774505615234","83,04000091552734","2,913731813430786","12,795825958251953","314,2918701171875","35,623443603515625","7,750563144683838","86,67365264892578","230,8998260498047","14,106115341186523","30,889999389648438","258,5858459472656","365,6280822753906","8,84000015258789"
2022-12-28,"124,05072021484375","81,81999969482422","2,9931252002716064","13,244239807128906","310,6985168457031","35,1033935546875","7,974135875701904","85,31488037109375","228,5319366455078","14,021203994750977","30,809999465942383","255,1717071533203","361,08404541015625","9,09000015258789"
2022-12-29,"127,56436920166016","84,18000030517578","3,0169429779052734","13,05206298828125","313,99859619140625","35,68844985961914","7,957576751708984","87,7249526977539","234,84620666503906","14,587607383728027","31,139999389648438","261,3915710449219","367,5837097167969","9,050000190734863"
2022-12-30,"127,87931060791016","84,0","3,0963361263275146","13,148151397705078","313,308349609375","35,196258544921875","8,0569429397583","87,50675964355469","233,68666076660156","14,598594665527344","31,940000534057617","261,2345886230469","366,615478515625","9,1899995803833"
2023-01-03,"123,09601593017578","85,81999969482422","2,92961049079895","12,659700393676758","313,20440673828125","35,49343490600586","7,907895088195801","88,38947296142578","233,45281982421875","14,299910545349121","31,1299991607666","259,46875","365,072021484375","8,710000038146973"
2023-01-04,"124,36566925048828","85,13999938964844","3,0804574489593506","13,228224754333496","314,47137451171875","36,5613899230957","8,189432144165039","87,35798645019531","223,24081420898438","14,733452796936035","31,8700008392334","260,7048645019531","367,8905334472656","8,710000038146973"
2023-01-05,"123,04681396484375","83,12000274658203","3,255122661590576","14,101033210754395","311,3131408691406","36,449954986572266","8,744224548339844","85,49340057373047","216,62449645996094","14,24996280670166","32,95000076293945","256,6236877441406","363,6915283203125","9,350000381469727"
2023-01-06,"127,57420349121094","86,08000183105469","3,3265764713287354","14,501401901245117","317,9891662597656","37,21145248413086","9,191372871398926","86,62403869628906","219,1774444580078","14,843338012695312","33,41999816894531","263,70684814453125","372,0318298339844","9,449999809265137"
2023-01-09,"128,09584045410156","87,36000061035156","3,3742125034332275","14,893765449523926","317,052978515625","37,49005126953125","9,439789772033691","87,29847717285156","221,3114776611328","15,611525535583496","33,599998474121094","265,4139404296875","371,8209533691406","9,75"
2023-01-10,"128,66668701171875","89,87000274658203","3,3345158100128174","15,013875961303711","318,8876037597656","37,759361267089844","9,588836669921875","87,69519805908203","222,99720764160156","15,892230033874512","33,88999938964844","267,6604919433594","374,42840576171875","9,720000267028809"
2023-01-11,"131,38311767578125","95,08999633789062","3,6044528484344482","15,87066650390625","321,27984619140625","37,917232513427734","10,259559631347656","90,76978302001953","229,74021911621094","15,984131813049316","35,93000030517578","272,2911071777344","379,1640930175781","9,869999885559082"
2023-01-12,"131,30441284179688","95,2699966430664","3,6759071350097656","16,6153564453125","323,3979797363281","38,102970123291016","10,640463829040527","90,38298034667969","232,41018676757812","16,493593215942383","35,099998474121094","273,76263427734375","380,54461669921875","10,350000381469727"
2023-01-13,"132,63308715820312","98,12000274658203","3,699725389480591","16,463212966918945","324,3815612792969","38,35370635986328","10,797794342041016","91,3648681640625","233,11175537109375","16,881187438964844","34,9900016784668","275,646240234375","382,02093505859375","11,079999923706055"
2023-01-17,"133,79443359375","96,05000305175781","3,9061479568481445","17,75240707397461","320,7125549316406","38,14011001586914","11,393989562988281","90,54167175292969","234,20310974121094","17,683340072631836","35,119998931884766","276,2054443359375","381,32110595703125","12,220000267028809"
2023-01-18,"133,0759735107422","95,45999908447266","3,548877239227295","16,751482009887695","314,8592529296875","37,88009262084961","10,267839431762695","90,37308502197266","229,7792205810547","17,35868263244629","33,099998474121094","272,6148376464844","375,3008117675781","11,210000038146973"
2023-01-19,"133,1350555419922","93,68000030517578","3,6282713413238525","17,12782859802246","312,646484375","38,16797637939453","10,673584938049316","92,2872543334961","225,99844360351562","16,747323989868164","32,83000183105469","269,9365234375","372,5687255859375","11,220000267028809"
2023-01-20,"135,69398498535156","97,25","3,794997215270996","18,16078758239746","315,7886657714844","38,75303268432617","11,385708808898926","97,21650695800781","234,07643127441406","17,820194244384766","34,20000076293945","277,32391357421875","379,50927734375","11,920000076293945"
2023-01-23,"138,88287353515625","97,5199966430664","3,723543167114258","17,552221298217773","318,1546325683594","39,0316276550293","11,244942665100098","98,97200012207031","236,37608337402344","19,17276954650879","34,209999084472656","283,48486328125","384,0628662109375","11,979999542236328"
2023-01-24,"140,28045654296875","96,31999969482422","3,699725389480591","17,496171951293945","319,0347595214844","39,05949401855469","11,20353889465332","96,89912414550781","235,84988403320312","19,244693756103516","34,33000183105469","282,90606689453125","383,650634765625","12,0"
2023-01-25,"139,62103271484375","97,18000030517578","3,802936315536499","18,216835021972656","319,242919921875","39,09663009643555","11,634125709533691","94,43946075439453","234,4564666748047","19,302629470825195","35,34000015258789","282,2782287597656","383,79443359375","12,079999923706055"
2023-01-26,"141,68788146972656","99,22000122070312","3,810875415802002","18,104732513427734","321,1736145019531","39,46809768676758","11,509918212890625","96,72059631347656","241,657470703125","19,7811279296875","34,86000061035156","287,7818908691406","388,012451171875","12,020000457763672"
2023-01-27,"143,6267852783203","102,23999786376953","3,6759071350097656","17,352033615112305","321,41021728515625","39,282371520996094","11,023677825927734","98,55545043945312","241,81338500976562","20,343534469604492","33,7599983215332","290,6465759277344","388,90399169921875","11,539999961853027"
2023-01-30,"140,7430419921875","100,55000305175781","3,532999038696289","16,687421798706055","318,9969177246094","38,49300765991211","10,515789031982422","96,1453628540039","236,50279235839844","19,141801834106445","32,4900016784668","284,77001953125","384,02447509765625","11,149999618530273"
2023-01-31,"142,0126495361328","103,12999725341797","3,6917855739593506","17,59225845336914","322,5648193359375","38,409420013427734","11,156893730163574","98,02978515625","241,47232055664062","19,51640510559082","33,83000183105469","289,03759765625","389,6709289550781","11,949999809265137"
2023-02-01,"143,13465881347656","105,1500015258789","3,5965139865875244","17,247940063476562","322,602783203125","38,88304901123047","10,965394020080566","99,60675048828125","246,28598022460938","20,920923233032227","33,779998779296875","295,21826171875","393,8122253417969","11,75"
2023-02-02,"148,43960571289062","112,91000366210938","3,5885744094848633","17,480154037475586","322,1863098144531","38,650875091552734","10,932089805603027","106,85682678222656","257,8328552246094","21,68611717224121","33,790000915527344","305,8136291503906","399,5450134277344","11,470000267028809"
2023-02-03,"152,06153869628906","103,38999938964844","3,4059698581695557","16,48723602294922","320,8139953613281","37,96366882324219","10,266010284423828","103,92108917236328","251,74276733398438","21,077754974365234","32,529998779296875","300,3786315917969","395,2982177734375","11,180000305175781"
2023-02-06,"149,3352508544922","102,18000030517578","3,469484806060791","16,719453811645508","320,34088134765625","37,406471252441406","10,590723991394043","102,0565185546875","250,203125","21,0667724609375","32,79999923706055","297,837646484375","392,8824157714844","11,479999542236328"
2023-02-07,"152,20913696289062","102,11000061035156","3,453606128692627","16,599342346191406","323,2177734375","37,555057525634766","10,640682220458984","106,75763702392578","260,7171936035156","22,149627685546875","32,65999984741211","304,0085144042969","398,0207824707031","11,539999961853027"
2023-02-08,"149,52223205566406","100,05000305175781","3,517120122909546","16,719453811645508","321,23040771484375","37,50862121582031","10,79887580871582","98,55545043945312","259,908447265625","22,181589126586914","33,400001525878906","298,6029052734375","393,66851806640625","11,550000190734863"
2023-02-09,"148,48880004882812","98,23999786376953","3,445666790008545","16,1989688873291","319,0157775878906","37,68507385253906","10,574070930480957","94,2311782836914","256,87799072265625","22,313453674316406","32,20000076293945","295,9638366699219","390,2557067871094","11,279999732971191"
2023-02-10,"148,85354614257812","97,61000061035156","3,469484806060791","16,343101501464844","320,577392578125","37,32289123535156","10,624030113220215","93,79479217529297","256,3712463378906","21,242584228515625","32,900001525878906","294,0213623046875","391,1664733886719","11,579999923706055"
2023-02-13,"151,65298461914062","99,54000091552734","3,6759071350097656","17,087793350219727","324,1926574707031","37,62934875488281","11,281784057617188","93,83446502685547","264,3810729980469","21,76502799987793","33,79999923706055","298,7304382324219","395,75830078125","12,029999732971191"
2023-02-14,"151,01226806640625","99,69999694824219","3,7473599910736084","17,39207649230957","322,85821533203125","37,56434631347656","11,589847564697266","93,90388488769531","265,2093200683594","22,946786880493164","33,81999969482422","300,93780517578125","395,5762023925781","12,09000015258789"
2023-02-15,"153,11184692382812","101,16000366210938","3,6838464736938477","17,15985870361328","323,35040283203125","37,248600006103516","11,51491641998291","96,1453628540039","263,08953857421875","22,740001678466797","34,209999084472656","303,2432556152344","396,8608093261719","11,880000114440918"
2023-02-16,"151,51498413085938","98,1500015258789","3,8426332473754883","17,15184783935547","319,30926513671875","37,25788879394531","11,614827156066895","94,7270736694336","256,0853576660156","21,978805541992188","33,849998474121094","297,5531311035156","391,3964538574219","11,890000343322754"
2023-02-17,"150,37156677246094","97,19999694824219","3,6838464736938477","16,190963745117188","320,6855773925781","36,84927749633789","11,073633193969727","93,57659149169922","252,08999633789062","21,365459442138672","33,099998474121094","295,45367431640625","390,4187316894531","11,40999984741211"
2023-02-21,"146,35968017578125","94,58000183105469","3,699725389480591","16,222993850708008","314,011962890625","36,38494873046875","10,95706844329834","91,0375747680664","246,82473754882812","20,63322639465332","32,400001525878906","288,4587707519531","382,5865173339844","11,399999618530273"
2023-02-22,"146,7835235595703","95,79000091552734","3,644150495529175","16,255022048950195","313,3199768066406","36,20850372314453","11,023677825927734","90,89871978759766","245,6915283203125","20,73212242126465","32,34000015258789","288,6746826171875","382,0592956542969","11,369999885559082"
2023-02-23,"147,2665557861328","95,81999969482422","3,802936315536499","16,735469818115234","314,4102478027344","36,38494873046875","11,273458480834961","90,14494323730469","248,87612915039062","23,639055252075195","32,84000015258789","291,19598388671875","384,0917053222656","11,710000038146973"
2023-02-24,"144,6149444580078","93,5","4,001419544219971","16,599342346191406","311,04486083984375","35,56772232055664","11,198525428771973","88,39937591552734","243,4545135498047","23,261455535888672","33,0099983215332","286,3201599121094","379,9886169433594","11,880000114440918"
2023-02-27,"145,80767822265625","93,76000213623047","4,072873592376709","16,98369598388672","311,93603515625","35,75345230102539","11,415000915527344","89,1333236694336","244,37277221679688","23,476224899291992","33,459999084472656","288,37054443359375","381,2828063964844","12,109999656677246"
2023-02-28,"145,30496215820312","94,2300033569336","4,056994915008545","16,59133529663086","309,5755310058594","35,50271224975586","11,090285301208496","89,3217544555664","243,64988708496094","23,191530227661133","32,9900016784668","287,9977111816406","379,8735656738281","11,770000457763672"
2023-03-01,"143,2349395751953","92,16999816894531","4,104629993438721","16,463212966918945","309,9831237792969","36,26421356201172","11,17354679107666","89,61929321289062","240,57273864746094","22,674070358276367","33,52000045776367","285,6824951171875","378,4164733886719","12,100000381469727"
2023-03-02,"143,82640075683594","92,12999725341797","3,834693670272827","15,334173202514648","313,244140625","36,394229888916016","10,390897750854492","91,245849609375","245,30076599121094","23,2894229888916","32,310001373291016","288,0467529296875","381,3594665527344","11,550000190734863"
2023-03-03,"148,87326049804688","94,9000015258789","3,9379048347473145","15,774579048156738","316,81793212890625","36,71926498413086","10,690635681152344","92,88232421875","249,3841094970703","23,864818572998047","32,4900016784668","294,0017395019531","387,47564697265625","11,930000305175781"
2023-03-06,"151,63327026367188","93,75","4,041115760803223","16,28705596923828","317,263427734375","36,58924865722656","10,857157707214355","94,35018157958984","250,92750549316406","23,5291690826416","34,0099983215332","294,3352966308594","387,7441101074219","12,710000038146973"
2023-03-07,"149,43511962890625","93,55000305175781","3,882328987121582","15,894692420959473","311,755859375","35,97633361816406","10,549092292785645","93,09061431884766","248,2704315185547","23,267406463623047","33,08000183105469","290,7250671386719","381,8004455566406","11,800000190734863"
2023-03-08,"150,6869659423828","93,91999816894531","4,128448486328125","16,63937759399414","311,3955993652344","36,12492370605469","10,973719596862793","93,4774169921875","247,83087158203125","24,159610748291016","33,08000183105469","292,177001953125","382,4235534667969","12,050000190734863"
2023-03-09,"148,4394989013672","92,25","3,9140868186950684","15,918710708618164","306,26715087890625","35,326271057128906","10,457508087158203","91,56322479248047","246,48281860351562","23,41526985168457","31,920000076293945","287,11480712890625","375,367919921875","11,5600004196167"
2023-03-10,"146,37939453125","90,7300033569336","3,6282713413238525","15,166015625","303,0915222167969","35,140541076660156","9,749794960021973","89,88707733154297","242,83908081054688","22,944686889648438","29,579999923706055","283,0826721191406","369,9515380859375","10,649999618530273"
2023-03-13,"148,3212432861328","92,43000030517578","3,445666790008545","14,797676086425781","302,2288818359375","35,196258544921875","9,383445739746094","90,36314392089844","248,04579162597656","22,94568634033203","28,670000076293945","285,18212890625","369,4242858886719","9,90999984741211"
2023-03-14,"150,4109649658203","94,87999725341797","3,3821523189544678","14,637527465820312","305,42352294921875","35,21482467651367","9,150318145751953","93,19969940185547","254,75692749023438","24,041719436645508","28,829999923706055","291,7355041503906","375,5309753417969","9,779999732971191"
2023-03-15,"150,80528259277344","96,19999694824219","3,12015438079834","13,46043872833252","302,9113464355469","34,611202239990234","8,584148406982422","95,32215881347656","259,29925537109375","24,206573486328125","27,3799991607666","293,2659606933594","373,1821594238281","9,270000457763672"
2023-03-16,"153,62445068359375","100,04000091552734","3,2868800163269043","14,49339485168457","306,42828369140625","35,140541076660156","9,058731079101562","99,4976577758789","269,8104248046875","25,518407821655273","28,600000381469727","300,9967041015625","379,7297058105469","9,520000457763672"
2023-03-17,"152,7865447998047","98,94999694824219","3,0963361263275146","13,716676712036133","302,7290954589844","34,926944732666016","8,692386627197266","100,78699493408203","272,96563720703125","25,702247619628906","28,399999618530273","299,5741271972656","375,28973388671875","9,050000190734863"
2023-03-20,"155,15228271484375","97,70999908447266","2,9931252002716064","13,444426536560059","306,3408508300781","35,05696105957031","8,559168815612793","100,3902816772461","265,9322509765625","25,877092361450195","28,1299991607666","300,6372985839844","378,8983459472656","9,130000114440918"
2023-03-21,"157,0054473876953","100,61000061035156","3,231304883956909","14,373284339904785","309,4964904785156","35,372703552246094","9,200275421142578","104,0599365234375","267,4463195800781","26,17582893371582","29,350000381469727","304,9311218261719","383,8734130859375","9,819999694824219"
2023-03-22,"155,57614135742188","98,69999694824219","3,15985107421875","14,020956993103027","304,3258972167969","35,51200485229492","8,942167282104492","102,52265167236328","265,99078369140625","26,44459342956543","28,299999237060547","300,78466796875","377,3298034667969","9,770000457763672"
2023-03-23,"156,66041564941406","98,70999908447266","3,0407609939575195","13,644612312316895","304,95318603515625","36,00419235229492","8,808950424194336","104,734375","271,23663330078125","27,16695213317871","28,020000457763672","304,3514099121094","378,3498229980469","9,65999984741211"
2023-03-24,"157,9615478515625","98,12999725341797","3,0804574489593506","13,636603355407715","306,35980224609375","35,91132354736328","8,867232322692871","104,57569122314453","274,0793151855469","26,755313873291016","29,0","305,4715881347656","380,83258056640625","9,619999885559082"
2023-03-27,"156,01971435546875","98,04000091552734","3,215425968170166","14,453356742858887","308,2513427734375","35,71630859375","9,316838264465332","101,62010955810547","269,9861755371094","26,507539749145508","30,799999237060547","303,3786315917969","381,5447082519531","10,3100004196167"
2023-03-28,"155,3987274169922","97,23999786376953","3,2710015773773193","14,573469161987305","307,7760925292969","36,22706985473633","9,491686820983887","100,20182800292969","268,86279296875","26,38663673400879","32,58000183105469","301,76727294921875","380,6882019042969","10,829999923706055"
2023-03-29,"158,4741668701172","100,25","3,3345158100128174","14,8777494430542","310,8841247558594","36,3292236328125","9,683183670043945","100,55887603759766","274,0206604003906","26,960132598876953","32,93000030517578","307,2696533203125","386,2215270996094","11,229999542236328"
2023-03-30,"160,04147338867188","102,0","3,3027584552764893","14,8777494430542","312,21484375","36,691402435302734","9,491686820983887","100,06298065185547","277,4787902832031","27,358779907226562","32,720001220703125","310,1780090332031","388,48291015625","11,430000305175781"
2023-03-31,"162,54515075683594","103,29000091552734","3,112215280532837","14,261178970336914","316,1498718261719","36,64496994018555","9,14199161529541","102,87969970703125","281,6304626464844","27,752431869506836","32,97999954223633","315,3365478515625","393,95849609375","10,979999542236328"
2023-04-03,"163,7970733642578","102,41000366210938","3,207486867904663","14,757636070251465","319,27691650390625","36,71926498413086","9,458381652832031","103,50453186035156","280,58514404296875","27,940265655517578","34,630001068115234","314,5701599121094","395,4596252441406","11,649999618530273"
2023-04-04,"163,26475524902344","103,94999694824219","3,151911735534668","14,341254234313965","317,40447998046875","36,71926498413086","9,233582496643066","103,86157989501953","280,5363464355469","27,4287166595459","33,29999923706055","313,5089416503906","393,2656555175781","11,399999618530273"
2023-04-05,"161,4214630126953","101,0999984741211","3,151911735534668","14,437341690063477","318,2408752441406","36,43138122558594","9,233582496643066","103,6136245727539","277,7620544433594","26,857227325439453","33,849998474121094","310,41387939453125","392,23590087890625","11,470000267028809"
2023-04-06,"162,30860900878906","102,05999755859375","3,112215280532837","14,24516487121582","318,3169250488281","36,57996368408203","9,108688354492188","107,53125","284,85406494140625","27,013084411621094","33,709999084472656","312,5067138671875","393,7660217285156","11,15999984741211"
2023-04-10,"159,7161865234375","102,16999816894531","3,2868800163269043","14,421329498291016","319,3244323730469","36,61711120605469","9,266883850097656","105,5674819946289","282,69525146484375","27,554607391357422","34,41999816894531","312,3298645019531","394,1701354980469","12,300000190734863"
2023-04-11,"158,50375366210938","99,91999816894531","3,525059938430786","14,997861862182617","320,21795654296875","36,83998489379883","9,699836730957031","104,4864273071289","276,2869873046875","27,144969940185547","34,540000915527344","310,3254089355469","394,2759704589844","12,40999984741211"
2023-04-12,"157,81375122070312","97,83000183105469","3,6520891189575195","15,654465675354004","319,9422912597656","36,57996368408203","10,290986061096191","103,7822494506836","276,93170166015625","26,471567153930664","36,40999984741211","307,5840759277344","392,6689758300781","12,539999961853027"
2023-04-13,"163,19573974609375","102,4000015258789","3,7076642513275146","16,046833038330078","323,51611328125","37,08143997192383","10,35759449005127","106,54936981201172","283,13482666015625","26,43959617614746","36,95000076293945","313,6073303222656","397,8846130371094","12,350000381469727"
2023-04-14,"162,8507843017578","102,51000213623047","3,8902688026428223","16,623361587524414","322,0618591308594","36,88642501831055","10,59904956817627","107,97756958007812","279,52044677734375","26,73432731628418","37,560001373291016","313,0177001953125","396,9127197265625","12,449999809265137"
2023-04-17,"162,87046813964844","102,73999786376953","3,9855403900146484","16,903621673583984","323,0884094238281","37,04429626464844","10,765570640563965","105,10134887695312","282,118896484375","26,978116989135742","37,630001068115234","313,282958984375","398,3369445800781","12,279999732971191"
2023-04-18,"164,0927734375","102,30000305175781","3,882328987121582","16,006790161132812","322,9742736816406","36,99786376953125","10,307638168334961","103,64339447021484","281,6988525390625","27,64253044128418","36,63999938964844","313,3026123046875","398,59674072265625","12,220000267028809"
2023-04-19,"165,23622131347656","104,30000305175781","3,5885744094848633","14,64553451538086","322,20440673828125","36,62639617919922","9,691511154174805","103,32600402832031","281,7770080566406","27,906295776367188","35,15999984741211","313,1551513671875","398,5294189453125","11,5600004196167"
2023-04-20,"164,27015686035156","103,80999755859375","3,6600286960601807","14,893765449523926","321,2159729003906","36,570674896240234","9,883011817932129","104,42691040039062","279,4910888671875","27,080028533935547","35,189998626708984","310,7676086425781","396,3545837402344","11,479999542236328"
2023-04-21,"162,66348266601562","106,95999908447266","3,540937900543213","14,469371795654297","321,5430603027344","36,22706985473633","9,70816421508789","104,54592895507812","279,1492004394531","27,095012664794922","34,29999923706055","311,0918273925781","396,66259765625","11,300000190734863"
2023-04-24,"162,9690704345703","106,20999908447266","3,556816339492798","14,533429145812988","322,15179443359375","36,14349365234375","9,741467475891113","105,10134887695312","275,25152587890625","27,018081665039062","34,77000045776367","310,443359375","397,0762939453125","11,430000305175781"
2023-04-25,"161,4313201904297","102,56999969482422","3,509181022644043","14,509408950805664","318,8992614746094","35,46556854248047","9,683183670043945","102,99871063232422","269,0484619140625","26,217788696289062","34,40999984741211","304,5872802734375","390,7732238769531","11,119999885559082"
2023-04-26,"161,4214630126953","104,9800033569336","3,493302583694458","14,3812894821167","316,6359558105469","35,66987991333008","9,566620826721191","102,85986328125","288,5368957519531","26,93215560913086","34,43000030517578","306,4344177246094","389,1180114746094","11,020000457763672"
2023-04-27,"166,00506591796875","109,81999969482422","3,429788589477539","14,109040260314941","321,6286315917969","36,15277862548828","9,558294296264648","106,70806121826172","297,7780456542969","27,201919555664062","34,2599983215332","314,7666931152344","396,8646545410156","11,079999923706055"
2023-04-28,"167,25692749023438","105,44999694824219","3,3980307579040527","14,165092468261719","324,3199768066406","36,33851623535156","9,591597557067871","106,46011352539062","300,1518249511719","27,724458694458008","34,13999938964844","316,9381103515625","400,251953125","11,119999885559082"
2023-05-01,"167,16819763183594","102,05000305175781","3,3027584552764893","13,788743019104004","323,6828918457031","36,2177848815918","9,325165748596191","106,32125854492188","298,49114990234375","28,884429931640625","33,41999816894531","316,5745849609375","399,8477478027344","10,970000267028809"
2023-05-02,"166,13319396972656","103,62999725341797","3,255122661590576","13,908858299255371","320,3639221191406","35,86489486694336","9,483360290527344","104,4566650390625","298,3446044921875","28,185049057006836","33,84000015258789","313,8135986328125","395,3537902832031","10,8100004196167"
2023-05-03,"165,05877685546875","103,6500015258789","3,175729513168335","13,772727012634277","317,7391357421875","35,809173583984375","9,408427238464355","104,54592895507812","297,3580322265625","27,77741050720215","33,25","311,7600402832031","392,6400451660156","10,619999885559082"
2023-05-04,"163,42250061035156","104,0","3,0725181102752686","13,46043872833252","315,0953063964844","36,0970573425293","9,100364685058594","103,83184051513672","298,3446044921875","27,537622451782227","32,529998779296875","310,6595764160156","389,8590393066406","10,539999961853027"
2023-05-05,"171,0913848876953","105,66000366210938","3,2868800163269043","14,253171920776367","320,2307434082031","36,57996368408203","9,70816421508789","104,70462036132812","303,46337890625","28,654634475708008","34,130001068115234","317,262451171875","397,0762939453125","11,390000343322754"
2023-05-08,"171,02236938476562","105,83000183105469","3,3662729263305664","14,357268333435059","319,7456970214844","36,598541259765625","9,932964324951172","106,88658142089844","301,5096740722656","29,125213623046875","33,810001373291016","318,0484619140625","397,1821594238281","11,520000457763672"
2023-05-09,"169,31712341308594","106,62000274658203","3,413909912109375","14,72560977935791","319,3177490234375","36,37565612792969","10,107812881469727","106,47003173828125","299,8978271484375","28,54572868347168","34,470001220703125","316,0342102050781","395,4403991699219","11,739999771118164"
2023-05-10,"171,08154296875","110,19000244140625","3,485363006591797","14,661548614501953","319,0513916015625","36,35708999633789","10,282660484313965","110,8339614868164","305,0849609375","28,859451293945312","35,150001525878906","319,4732360839844","397,28802490234375","11,649999618530273"
2023-05-11,"171,26878356933594","112,18000030517578","3,6044528484344482","14,869741439819336","316,99725341796875","36,22706985473633","10,615702629089355","115,61444854736328","302,93585205078125","28,552722930908203","36,2400016784668","320,5147705078125","396,59515380859375","11,75"
2023-05-12,"170,34095764160156","110,26000213623047","3,6282713413238525","14,797676086425781","316,87371826171875","35,799888610839844","10,315963745117188","116,5467300415039","301,8222961425781","28,314931869506836","37,36000061035156","319,3650817871094","396,07550048828125","11,359999656677246"
2023-05-15,"169,84742736816406","111,19999694824219","3,6203320026397705","14,65354061126709","317,4157409667969","36,45923614501953","10,199396133422852","115,55494689941406","302,3009338378906","28,927391052246094","36,599998474121094","321,0943908691406","397,4419860839844","11,130000114440918"
2023-05-16,"169,84742736816406","113,4000015258789","3,429788589477539","13,708669662475586","314,16339111328125","36,19921112060547","9,45005989074707","118,53036499023438","304,5281677246094","29,187162399291992","35,130001068115234","321,4579772949219","394,7860412597656","10,800000190734863"
2023-05-17,"170,4594268798828","115,5","3,556816339492798","14,269186973571777","318,21453857421875","36,366371154785156","9,8580322265625","119,84944152832031","307,4064025878906","30,15130615234375","35,70000076293945","325,3489990234375","399,57830810546875","11,0600004196167"
2023-05-18,"172,78892517089844","118,1500015258789","3,413909912109375","13,860807418823242","319,593505859375","36,17135238647461","9,599924087524414","121,82313537597656","311,83148193359375","31,64998435974121","35,15999984741211","331,3917541503906","403,4275207519531","10,880000114440918"
2023-05-19,"172,89749145507812","116,25","3,421849012374878","14,149075508117676","318,5032958984375","36,19921112060547","9,658206939697266","121,75370788574219","311,6553039550781","31,236351013183594","36,119998931884766","330,6450500488281","402,8405456542969","10,8100004196167"
2023-05-22,"171,9498748779297","115,01000213623047","3,3583338260650635","13,796751976013184","317,27374267578125","36,49638366699219","9,46670913696289","124,02494049072266","314,4356384277344","31,148427963256836","35,77000045776367","331,75537109375","403,0041198730469","10,800000190734863"
2023-05-23,"169,34397888183594","114,98999786376953","3,46154522895813","14,125051498413086","315,09124755859375","35,929901123046875","9,541643142700195","121,55534362792969","308,6399841308594","30,660856246948242","36,290000915527344","327,5499267578125","398,48126220703125","11,170000076293945"
2023-05-24,"169,62039184570312","116,75","3,501241445541382","14,20512866973877","312,61334228515625","35,66059112548828","9,791423797607422","119,90895080566406","307,25958251953125","30,5109920501709","36,709999084472656","325,8696594238281","395,5943908691406","11,380000114440918"
2023-05-25,"170,7555389404297","115,0","3,445666790008545","14,085017204284668","312,36553955078125","35,586299896240234","9,70816421508789","122,46781158447266","319,076171875","37,9464111328125","36,72999954223633","333,7991027832031","399,0201721191406","11,0600004196167"
2023-05-26,"173,16400146484375","120,11000061035156","3,493302583694458","14,069002151489258","315,3104553222656","36,2177848815918","9,724813461303711","123,58854675292969","325,8998107910156","38,911556243896484","36,689998626708984","342,3277893066406","404,1877136230469","11,119999885559082"
2023-05-30,"175,00985717773438","121,66000366210938","3,556816339492798","14,397307395935059","315,0054931640625","35,799888610839844","10,08283519744873","122,65624237060547","324,2550048828125","40,075523376464844","37,459999084472656","343,8803405761719","404,3417663574219","11,279999732971191"
2023-05-31,"174,9604949951172","120,58000183105469","3,4774234294891357","14,060996055603027","314,05242919921875","35,46556854248047","10,267950057983398","121,86280822753906","321,4942321777344","37,800537109375","37,0","341,9249572753906","402,09954833984375","10,989999771118164"
2023-06-01,"177,7637939453125","122,7699966430664","3,6044528484344482","14,677565574645996","315,4057922363281","36,0970573425293","10,458260536193848","122,7058334350586","325,59625244140625","39,734825134277344","38,38999938964844","345,8748779296875","405,91986083984375","11,300000190734863"
2023-06-02,"178,61268615722656","124,25","3,580634832382202","14,74162483215332","322,2010192871094","36,71926498413086","10,224699974060059","123,6480484008789","328,3570556640625","39,29221725463867","38,52000045776367","348,46881103515625","411,78997802734375","11,479999542236328"
2023-06-05,"177,26039123535156","125,30000305175781","3,7076642513275146","15,3742094039917","320,3520812988281","36,7099723815918","10,66586685180664","124,9770736694336","328,8857421875","39,136356353759766","39,13999938964844","348,7145080566406","411,0008850097656","11,729999542236328"
2023-06-06,"176,8951873779297","126,61000061035156","4,160204887390137","17,528196334838867","320,3903503417969","37,035011291503906","12,049921989440918","126,26641082763672","326,6732177734375","38,61981964111328","40,83000183105469","348,65557861328125","411,8958435058594","12,460000038146973"
2023-06-07,"175,52313232421875","121,2300033569336","4,318992614746094","17,976613998413086","321,3433532714844","36,87590026855469","12,542990684509277","121,49584197998047","316,5894775390625","37,44572830200195","40,130001068115234","342,7405090332031","410,4715881347656","12,529999732971191"
2023-06-08,"178,2376251220703","124,25","4,160204887390137","17,504179000854492","322,9064025878906","37,137962341308594","12,698698043823242","121,1387939453125","318,4299621582031","38,47991943359375","39,470001220703125","346,9950256347656","412,95440673828125","12,619999885559082"
2023-06-09,"178,6226043701172","123,43000030517578","4,271356105804443","17,456132888793945","323,3448181152344","37,30643081665039","12,811153411865234","121,22805786132812","319,9278869628906","38,739723205566406","39,13999938964844","348,32147216796875","413,6953125","12,550000190734863"
2023-06-12,"181,416015625","126,56999969482422","4,239599704742432","17,624286651611328","325,1554870605469","37,38130187988281","12,629494667053223","122,6264877319336","324,881591796875","39,4511604309082","38,779998779296875","354,2070617675781","417,4483337402344","12,390000343322754"
2023-06-13,"180,9422149658203","126,66000366210938","4,287235260009766","17,992626190185547","326,5375671386719","37,75568389892578","13,131214141845703","122,81492614746094","327,2704162597656","40,98995590209961","38,54999923706055","356,9288024902344","420,2005310058594","12,399999618530273"
2023-06-14,"181,57395935058594","126,41999816894531","4,366627216339111","17,85650062561035","324,4407653808594","38,036460876464844","13,433976173400879","122,65624237060547","330,25628662109375","42,963417053222656","38,189998626708984","359,52276611328125","420,700927734375","12,5"
2023-06-15,"183,60736083984375","127,11000061035156","4,422203063964844","18,657241821289062","328,5865478515625","38,39211654663086","13,805939674377441","124,06460571289062","340,7904052734375","42,619686126708984","38,34000015258789","363,8067626953125","425,9166259765625","13,449999809265137"
2023-06-16,"182,53143310546875","125,48999786376953","4,6762614250183105","19,59410858154297","327,5893859863281","38,26108932495117","14,593123435974121","122,51738739013672","335,1416015625","42,65864944458008","40,90999984741211","361,5173645019531","424,46588134765625","14,550000190734863"
2023-06-20,"182,6202392578125","125,77999877929688","4,858866214752197","20,75518226623535","325,21087646484375","37,51233673095703","14,835333824157715","122,09091186523438","330,9513854980469","43,77378463745117","42,77000045776367","360,9998474121094","422,2636413574219","14,539999961853027"
2023-06-21,"181,58383178710938","124,83000183105469","4,977956771850586","21,403779983520508","324,2270202636719","37,33450698852539","15,397601127624512","119,56182861328125","326,5556335449219","43,01137924194336","43,79999923706055","356,0802917480469","420,1000671386719","15,449999809265137"
2023-06-22,"184,58456420898438","130,14999389648438","4,747715473175049","20,162633895874023","324,1411437988281","37,20347595214844","14,273056983947754","122,1405029296875","332,5765686035156","42,991390228271484","42,09000015258789","360,28155517578125","421,6165466308594","14,729999542236328"
2023-06-23,"184,2686767578125","129,3300018310547","4,842987537384033","20,2667293548584","322,0586853027344","36,6606330871582","14,515270233154297","121,33715057373047","327,98504638671875","42,1760368347168","42,040000915527344","356,71002197265625","418,4290771484375","14,789999961853027"
2023-06-26,"182,87693786621094","127,33000183105469","5,009713172912598","22,03636360168457","322,03961181640625","36,78230285644531","15,198648452758789","117,36993408203125","321,6998596191406","40,60026550292969","42,38999938964844","351,92816162109375","416,719482421875","15,399999618530273"
2023-06-27,"185,630859375","129,17999267578125","4,842987537384033","21,1795711517334","324,0360412597656","37,156681060791016","14,506620407104492","117,36002349853516","327,54449462890625","41,84328842163086","41,79999923706055","357,979248046875","421,2881164550781","14,989999771118164"
2023-06-28,"186,8054962158203","129,0399932861328","4,874744892120361","21,171567916870117","323,4627990722656","36,93205642700195","14,593123435974121","119,1948471069336","328,7976379394531","41,08488082885742","41,7400016784668","358,67779541015625","421,5006103515625","14,770000457763672"
2023-06-29,"187,14109802246094","127,9000015258789","4,9144415855407715","21,331714630126953","325,87957763671875","36,73550796508789","14,913180351257324","118,12370300292969","328,0144348144531","40,79011154174805","42,36000061035156","357,9595642089844","423,1619567871094","15,1899995803833"
2023-06-30,"191,4645233154297","130,36000061035156","4,8668060302734375","21,13153076171875","328,4490051269531","37,02565383911133","14,878582000732422","118,71878814697266","333,38916015625","42,268959045410156","43,31999969482422","363,4793395996094","428,155517578125","14,890000343322754"
2023-07-03,"189,97406005859375","130,22000122070312","4,9144415855407715","21,019424438476562","328,65924072265625","37,437461853027344","14,973733901977539","118,91714477539062","330,8926696777344","42,37986755371094","42,81999969482422","364,3353271484375","428,6481018066406","14,890000343322754"
2023-07-05,"188,85861206054688","130,3800048828125","4,906502723693848","20,94736099243164","327,4555358886719","37,21283721923828","15,086187362670898","120,75199127197266","331,0492858886719","42,2839469909668","43,650001525878906","364,3255310058594","428,0106506347656","15,149999618530273"
2023-07-06,"189,33242797851562","128,36000061035156","4,485718727111816","19,369901657104492","324,0360412597656","36,45472717285156","13,93569564819336","119,12542724609375","334,1037902832031","42,07012176513672","40,970001220703125","361,55084228515625","424,6590270996094","14,050000190734863"
2023-07-07,"188,21702575683594","129,77999877929688","4,700079917907715","20,066547393798828","322,3166198730469","36,866539001464844","14,350912094116211","118,5005874633789","330,1387939453125","42,46979904174805","41,63999938964844","360,3504943847656","423,5868835449219","14,369999885559082"
2023-07-10,"186,17376708984375","127,12999725341797","4,6206865310668945","19,4739990234375","324,37017822265625","36,894615173339844","14,098311424255371","115,49542236328125","324,862060546875","42,147056579589844","41,310001373291016","360,468505859375","424,6590270996094","14,510000228881836"
2023-07-11,"185,650634765625","128,77999877929688","4,628625869750977","19,762264251708984","327,293212890625","37,26899337768555","14,273120880126953","116,17976379394531","325,4886169433594","42,37187194824219","41,5","362,2494201660156","427,36346435546875","14,420000076293945"
2023-07-12,"187,31878662109375","130,8000030517578","4,6762614250183105","20,418869018554688","328,2389221191406","38,10197067260742","14,596519470214844","117,9551010131836","330,1192932128906","43,86771011352539","43,189998626708984","366,82464599609375","430,80206298828125","14,9399995803833"
2023-07-13,"188,0788116455078","134,3000030517578","4,763594627380371","21,28367042541504","328,5158386230469","38,598018646240234","15,18212890625","123,51911926269531","335,464599609375","45,94108581542969","43,54999923706055","373,0528564453125","434,22125244140625","15,170000076293945"
2023-07-14,"188,22689819335938","134,67999267578125","4,45396089553833","19,962448120117188","329,7099609375","38,382755279541016","14,22942066192627","124,39190673828125","337,9903869628906","45,4334831237793","42,779998779296875","372,9741516113281","433,9507751464844","14,479999542236328"
2023-07-17,"191,48428344726562","133,55999755859375","4,771534442901611","21,304479598999023","330,3595275878906","38,42955780029297","15,007319450378418","123,62821197509766","338,4700927734375","46,42470932006836","44,869998931884766","376,4572448730469","435,4576110839844","15,239999771118164"
2023-07-18,"191,2276153564453","132,8300018310547","4,739775657653809","21,328937530517578","333,9224548339844","38,148773193359375","15,234567642211914","122,7455062866211","351,94122314453125","47,456905364990234","44,709999084472656","379,536865234375","438,69329833984375","15,479999542236328"
2023-07-19,"192,57994079589844","135,36000061035156","4,557171821594238","20,86435890197754","334,982666015625","38,07389831542969","14,946134567260742","121,02969360351562","347,623779296875","47,04023361206055","43,900001525878906","379,4483337402344","439,6688537597656","15,350000381469727"
2023-07-20,"190,63539123535156","129,9600067138672","4,6762614250183105","21,237680435180664","336,64471435546875","37,79311752319336","15,208348274230957","118,22289276123047","339,5862121582031","45,48444366455078","43,88999938964844","370,7012939453125","436,7518615722656","15,25"
2023-07-21,"189,4607391357422","130,0","4,83585262298584","21,834993362426758","336,6237487792969","37,736961364746094","15,601666450500488","119,0361557006836","336,5512390136719","44,274391174316406","44,619998931884766","369,5894470214844","436,7518615722656","15,460000038146973"
2023-07-24,"190,26028442382812","128,8000030517578","4,747636795043945","21,29574966430664","338,46868896484375","38,25172805786133","15,190866470336914","120,5337905883789","337,86322021484375","44,577152252197266","44,25","370,1798400878906","438,70294189453125","15,630000114440918"
2023-07-25,"191,1190185546875","129,1300048828125","4,731597423553467","21,627592086791992","338,7076416015625","38,5699462890625","15,453080177307129","121,20822143554688","343,60992431640625","45,64332580566406","44,060001373291016","372,6888122558594","439,9006652832031","15,630000114440918"
2023-07-26,"191,9876708984375","128,14999389648438","4,83585262298584","21,735443115234375","339,5966796875","38,7945671081543","15,523002624511719","128,21034240722656","330,6772766113281","45,416500091552734","43,689998626708984","371,4490661621094","439,9682312011719","15,399999618530273"
2023-07-27,"190,72422790527344","128,25","4,43487024307251","20,43297004699707","337,22601318359375","38,31724166870117","14,439189910888672","128,33926391601562","323,7752685546875","45,86415100097656","41,2400016784668","370,56353759765625","437,05126953125","14,350000381469727"
2023-07-28,"193,30052185058594","132,2100067138672","4,555163860321045","20,955615997314453","338,86077880859375","39,24382019042969","14,757822036743164","131,49322509765625","331,26470947265625","46,7134895324707","41,18000030517578","377,313232421875","441,33013916015625","14,59000015258789"
2023-07-31,"193,91249084472656","133,67999267578125","4,539126396179199","20,872657775878906","339,90264892578125","39,26253890991211","14,960834503173828","131,63206481933594","328,86614990234375","46,6924934387207","42,0","377,51007080078125","442,17047119140625","14,890000343322754"
2023-08-01,"193,0833282470703","131,69000244140625","4,402791976928711","21,237680435180664","340,5048828125","38,7664909362793","14,466552734375","130,47164916992188","329,27728271484375","46,47067642211914","42,869998931884766","376,6343994140625","440,90509033203125","14,680000305175781"
2023-08-02,"190,09246826171875","128,2100067138672","4,202299118041992","20,308528900146484","337,1972351074219","37,83991622924805","13,954618453979492","127,32762908935547","320,6228942871094","44,23442077636719","41,43000030517578","368,3694763183594","434,7718505859375","14,260000228881836"
2023-08-03,"188,70068359375","128,91000366210938","4,114084243774414","20,00987434387207","336,48028564453125","37,989662170410156","13,839877128601074","127,39704895019531","319,8006286621094","44,480224609375","40,029998779296875","367,77911376953125","433,52581787109375","14,0"
2023-08-04,"179,6392822265625","139,57000732421875","4,2263593673706055","20,603374481201172","335,1993103027344","37,942867279052734","14,43124771118164","127,05985260009766","320,8970642089844","44,64509963989258","40,31999969482422","366,0572204589844","431,5651550292969","14,069999694824219"
2023-08-07,"176,53982543945312","142,22000122070312","4,18626070022583","20,4427433013916","338,9945373535156","37,88671112060547","14,210586547851562","130,45181274414062","323,1781311035156","45,381534576416016","40,720001220703125","369,1566162109375","435,33203125","13,949999809265137"
2023-08-08,"177,47755432128906","139,94000244140625","4,354672431945801","21,102184295654297","337,4649963378906","37,428104400634766","14,766651153564453","130,32286071777344","319,2033386230469","44,62911605834961","41,15999984741211","366,017822265625","433,4389343261719","14,329999923706055"
2023-08-09,"175,88836669921875","137,85000610351562","4,274477005004883","20,93309783935547","335,8016357421875","37,52170181274414","14,660734176635742","128,59713745117188","315,463623046875","42,5207633972168","41,75","361,9936218261719","430,54119873046875","14,329999923706055"
2023-08-10,"175,67120361328125","138,55999755859375","4,354672431945801","21,727811813354492","336,384765625","37,57785415649414","15,190321922302246","128,62692260742188","316,14892578125","42,35489273071289","42,900001525878906","362,6626892089844","430,69580078125","14,390000343322754"
2023-08-11,"175,73049926757812","138,41000366210938","4,390514373779297","21,575634002685547","337,44586181640625","37,02565383911133","14,801959991455078","128,4979705810547","314,26922607421875","40,82309341430664","44,75","360,3504943847656","430,4447021484375","14,510000228881836"
2023-08-14,"177,3811492919922","140,57000732421875","4,333495140075684","19,90165901184082","337,6465759277344","36,847816467285156","13,945792198181152","130,25343322753906","317,235595703125","43,71882247924805","43,63999938964844","364,3943786621094","432,8207092285156","14,229999542236328"
2023-08-15,"175,39442443847656","137,6699981689453","4,219455242156982","19,69875144958496","334,20513916015625","36,42665100097656","13,813394546508789","128,71615600585938","315,10137939453125","43,905677795410156","44,79999923706055","360,527587890625","427,7788391113281","14,069999694824219"
2023-08-16,"174,52464294433594","135,07000732421875","4,227601051330566","19,817115783691406","332,4463195800781","36,09907150268555","14,078189849853516","127,6449966430664","314,33612060546875","43,45203399658203","45,0099983215332","356,71002197265625","424,6397399902344","14,630000114440918"
2023-08-17,"171,98439025878906","133,97999572753906","4,01581335067749","19,32578468322754","329,855712890625","36,18330383300781","13,522123336791992","128,85499572753906","310,88275146484375","43,31013870239258","44,43000030517578","352,81365966796875","421,404052734375","14,739999771118164"
2023-08-18,"172,46873474121094","133,22000122070312","4,01581335067749","19,455081939697266","330,40142822265625","35,93996810913086","13,389726638793945","126,41516876220703","310,4903564453125","43,265174865722656","44,75","352,3708801269531","421,6068420410156","14,59000015258789"
2023-08-21,"173,80307006835938","134,67999267578125","3,975085496902466","19,08442497253418","329,97064208984375","36,024200439453125","13,266154289245605","127,31771087646484","315,78814697265625","46,93031311035156","44,040000915527344","358,048095703125","424,3499450683594","14,399999618530273"
2023-08-22,"175,17701721191406","134,25","4,080979347229004","19,946414947509766","328,33343505859375","35,94932556152344","13,716304779052734","128,02191162109375","316,357177734375","45,63233184814453","46,72999954223633","357,5364685058594","423,20050048828125","14,619999885559082"
2023-08-23,"179,0219268798828","135,52000427246094","4,219455242156982","20,42913055419922","330,12384033203125","36,52024459838867","14,590124130249023","131,28494262695312","320,8112487792969","47,07920837402344","47,310001373291016","363,1742858886719","427,9140625","15,029999732971191"
2023-08-24,"174,33682250976562","131,83999633789062","4,189706325531006","20,713584899902344","326,48577880859375","36,37985610961914","14,120911598205566","128,71615600585938","313,9142150878906","47,12615966796875","46,310001373291016","355,4112243652344","421,98358154296875","14,6899995803833"
2023-08-25,"176,54100036621094","133,25999450683594","4,495463848114014","21,29973602294922","328,8504943847656","36,41728973388672","14,726348876953125","128,81533813476562","316,8674011230469","45,9820671081543","45,77000045776367","358,1661376953125","424,9584655761719","14,75"
2023-08-28,"178,10269165039062","133,13999938964844","4,8177490234375","22,91165542602539","330,9661560058594","36,772945404052734","15,857087135314941","129,93606567382812","317,57373046875","46,79841995239258","47,689998626708984","360,8620910644531","427,65325927734375","14,899999618530273"
2023-08-29,"181,98716735839844","134,91000366210938","4,933440685272217","23,26506996154785","333,75213623046875","37,24091339111328","16,248842239379883","133,46690368652344","322,1945495605469","48,74589538574219","48,189998626708984","368,7433166503906","433,83489990234375","14,84000015258789"
2023-08-30,"185,47628784179688","135,07000732421875","4,751638889312744","22,997854232788086","334,4987487792969","37,11924743652344","16,150901794433594","134,76614379882812","322,5673828125","49,22552490234375","47,099998474121094","370,7996520996094","435,62176513671875","14,609999656677246"
2023-08-31,"185,69375610351562","138,00999450683594","4,7268476486206055","22,971994400024414","332,9765930175781","36,6606330871582","16,09747886657715","135,0537872314453","321,556884765625","49,31645965576172","45,560001373291016","371,91156005859375","434,98431396484375","14,4399995803833"
2023-09-01,"187,26535034179688","138,1199951171875","4,5367817878723145","22,463420867919922","334,0968017578125","37,091163635253906","15,652310371398926","134,54794311523438","322,4398193359375","48,47110366821289","45,83000183105469","371,5179748535156","435,795654296875","14,210000038146973"
2023-09-05,"187,50253295898438","137,27000427246094","4,4045634269714355","21,351457595825195","332,1820983886719","36,791664123535156","14,966741561889648","134,65707397460938","327,2373046875","48,51008224487305","43,9900016784668","371,9903259277344","433,91217041015625","13,649999618530273"
2023-09-06,"180,79119873046875","135,36000061035156","4,412827014923096","20,946319580078125","330,28656005859375","36,585758209228516","14,753057479858398","133,35781860351562","326,5799865722656","47,02811813354492","42,90999984741211","368,7137451171875","430,9952087402344","13,470000267028809"
2023-09-07,"175,503173828125","137,85000610351562","4,379772186279297","20,601524353027344","330,947021484375","36,15522766113281","14,539372444152832","134,1512451171875","323,6661682128906","46,20869445800781","40,83000183105469","366,076904296875","429,6719055175781","13,09000015258789"
2023-09-08,"176,115966796875","138,22999572753906","4,065751075744629","19,894697189331055","331,73211669921875","36,2301025390625","14,120911598205566","135,2620849609375","327,9436340332031","45,54015350341797","38,84000015258789","366,5885009765625","430,3190612792969","12,65999984741211"
2023-09-11,"177,28233337402344","143,10000610351562","4,040958881378174","19,782634735107422","332,5554504394531","36,67934799194336","14,014069557189941","135,79763793945312","331,544189453125","45,14643096923828","37,86000061035156","370,9079284667969","433,1491394042969","12,069999694824219"
2023-09-12,"174,25775146484375","141,22999572753906","4,148387908935547","20,075712203979492","332,40228271484375","36,567039489746094","14,218847274780273","134,2305908203125","325,4909362792969","44,83864974975586","39,91999816894531","366,7951354980469","430,7730712890625","12,449999809265137"
2023-09-13,"172,19198608398438","144,85000610351562","4,123595714569092","20,282590866088867","331,77044677734375","36,52024459838867","14,290074348449707","135,58937072753906","329,6997375488281","45,45321273803711","40,7400016784668","368,19232177734375","431,2752685546875","12,84000015258789"
2023-09-14,"173,7042694091797","144,72000122070312","4,222761154174805","20,687725067138672","335,0158386230469","36,76358413696289","14,450337409973145","136,96795654296875","332,2898254394531","45,549156188964844","41,40999984741211","371,2030334472656","434,99395751953125","12,930000305175781"
2023-09-15,"172,98268127441406","140,38999938964844","4,1814422607421875","20,36878776550293","332,2543029785156","36,62320327758789","14,129814147949219","136,273681640625","323,9703674316406","43,869327545166016","40,439998626708984","364,8470458984375","429,7529602050781","12,710000038146973"
2023-09-18,"175,9084014892578","139,97999572753906","4,2971343994140625","21,101478576660156","332,2638244628906","36,57640075683594","14,521568298339844","137,0770721435547","322,8322448730469","43,93528366088867","42,099998474121094","365,2273254394531","430,0050048828125","13,079999923706055"
2023-09-19,"176,99569702148438","137,6300048828125","4,1731791496276855","20,317068099975586","331,2271423339844","36,36113357543945","14,058587074279785","136,908447265625","322,42999267578125","43,489585876464844","41,47999954223633","364,4488830566406","429,11334228515625","12,9399995803833"
2023-09-20,"173,4571533203125","135,2899932861328","4,057486057281494","19,848295211791992","330,5072326660156","36,21138381958008","13,631218910217285","132,64370727539062","314,69915771484375","42,2094841003418","40,33000183105469","359,1969909667969","425,1683044433594","12,789999961853027"
2023-09-21,"171,91519165039062","129,3300018310547","3,999640703201294","19,558603286743164","326,9172668457031","35,58430480957031","13,31069278717041","129,37075805664062","313,48260498046875","40,988338470458984","40,15999984741211","352,6148986816406","418,1409912109375","13,119999885559082"
2023-09-22,"172,7652587890625","129,1199951171875","3,9004759788513184","19,181127548217773","325,9574279785156","36,0054817199707","13,13573169708252","129,18231201171875","311,0103759765625","41,5809211730957","40,11000061035156","352,6642150878906","417,20074462890625","12,869999885559082"
2023-09-25,"174,04029846191406","131,27000427246094","3,768256425857544","18,768535614013672","326,3414306640625","35,84636688232422","12,821693420410156","130,03526306152344","311,5302734375","42,1924934387207","39,0","354,33929443359375","418,9551696777344","12,579999923706055"
2023-09-26,"169,968017578125","125,9800033569336","3,6690917015075684","18,215486526489258","322,5594177246094","35,34096145629883","12,417930603027344","127,5160903930664","306,2324523925781","41,881710052490234","38,5099983215332","349,01837158203125","412,8002014160156","12,210000038146973"
2023-09-27,"168,45574951171875","125,9800033569336","3,6360368728637695","18,206710815429688","321,9739074707031","35,397117614746094","12,346150398254395","129,4699249267578","306,87017822265625","42,438323974609375","39,04999923706055","349,8362731933594","412,9649658203125","12,6899995803833"
2023-09-28,"168,7127685546875","125,9800033569336","3,7064766883850098","18,276935577392578","323,1161193847656","35,4907112121582","12,444849967956543","131,2254180908203","307,7041015625","43,05889129638672","38,77000045776367","352,7627258300781","415,3591003417969","12,619999885559082"
2023-09-29,"169,22671508789062","127,12000274658203","3,4800631999969482","17,320072174072266","321,5132141113281","35,51879119873047","11,709104537963867","129,7873077392578","309,7742004394531","43,468605041503906","37,36000061035156","353,0189208984375","414,35107421875","12,25"
2023-10-02,"171,7373046875","129,4600067138672","3,471677303314209","16,951374053955078","320,68768310546875","35,34096145629883","11,350203514099121","133,07017517089844","315,7096862792969","44,750709533691406","37,029998779296875","355,9650573730469","414,1863098144531","12,119999885559082"
2023-10-03,"170,40293884277344","124,72000122070312","3,371048927307129","16,13496971130371","316,74249267578125","34,872989654541016","10,874661445617676","131,3444366455078","307,4588623046875","43,4865837097168","36,189998626708984","349,7180480957031","408,6419372558594","11,640000343322754"
2023-10-04,"171,6483612060547","127,0","3,42136287689209","16,407102584838867","317,7119445800781","34,77004623413086","11,009247779846191","134,13140869140625","312,92340087890625","44,010231018066406","36,43000030517578","354,47723388671875","411,6176452636719","11,460000038146973"
2023-10-05,"172,8838653564453","125,95999908447266","3,5471484661102295","16,591455459594727","317,8847351074219","34,90107727050781","11,37712287902832","133,9628143310547","313,3157958984375","44,65677261352539","36,939998626708984","353,4328308105469","411,46258544921875","11,489999771118164"
2023-10-06,"175,43399047851562","127,95999908447266","3,5890772342681885","16,652904510498047","320,697265625","35,40647888183594","11,457876205444336","136,4522247314453","321,06634521484375","45,73002243041992","37,540000915527344","359,354736328125","416,3477478027344","11,399999618530273"
2023-10-09,"176,9165802001953","128,25999450683594","3,5555341243743896","16,161304473876953","322,6073913574219","35,23801040649414","11,10794734954834","137,2853546142578","323,57781982421875","45,241363525390625","38,47999954223633","361,18743896484375","419,01336669921875","11,970000267028809"
2023-10-10,"176,3235626220703","129,47999572753906","3,4800631999969482","15,976959228515625","323,91278076171875","35,74341583251953","10,793911933898926","136,92828369140625","322,1749267578125","45,76599884033203","39,59000015258789","363,18768310546875","421,1942138671875","12,079999923706055"
2023-10-11,"177,7172088623047","131,8300018310547","3,572305917739868","16,117414474487305","324,4696044921875","35,968040466308594","11,12589168548584","139,39788818359375","326,12872314453125","46,77329635620117","40,939998626708984","365,77911376953125","422,9195556640625","12,5"
2023-10-12,"178,61668395996094","132,3300018310547","3,5555341243743896","15,985733985900879","322,7801513671875","35,56558609008789","10,856718063354492","137,83082580566406","324,8924865722656","46,91219711303711","40,90999984741211","364,508056640625","420,34124755859375","12,859999656677246"
2023-10-13,"176,7782440185547","129,7899932861328","3,4381346702575684","15,862833976745605","323,1737976074219","35,43455505371094","10,704185485839844","136,23402404785156","321,52740478515625","45,429237365722656","39,65999984741211","359,9261474609375","418,2475280761719","12,739999771118164"
2023-10-16,"176,64974975585938","132,5500030517578","3,513605833053589","16,67046356201172","326,2550354003906","35,69662094116211","11,305341720581055","137,9597625732422","326,3444519042969","46,06278991699219","40,40999984741211","363,9956970214844","422,6481628417969","12,979999542236328"
2023-10-17,"175,09791564941406","131,47000122070312","3,61423397064209","17,144502639770508","326,3509216308594","35,603023529052734","11,206645965576172","138,57467651367188","325,775390625","43,90729904174805","43,709999084472656","362,80340576171875","422,6287536621094","13,720000267028809"
2023-10-18,"173,80307006835938","128,1300048828125","3,5471484661102295","16,79336166381836","323,1258239746094","35,0601806640625","11,027195930480957","136,8291015625","323,86236572265625","42,16651153564453","43,400001525878906","358,04412841796875","416,9971923828125","13,5"
2023-10-19,"173,42752075195312","128,39999389648438","3,4381346702575684","16,46855354309082","320,7164611816406","34,854278564453125","10,470900535583496","136,62083435058594","325,04949951171875","42,07158660888672","41,97999954223633","354,69403076171875","413,3332824707031","12,609999656677246"
2023-10-20,"170,87738037109375","125,16999816894531","3,3458917140960693","16,371990203857422","318,0820007324219","34,43310546875","10,165834426879883","134,48843383789062","320,48748779296875","41,35807418823242","41,029998779296875","349,40277099609375","408,2542419433594","12,289999961853027"
2023-10-23,"170,99598693847656","126,55999755859375","3,3542776107788086","16,415882110595703","316,2860107421875","34,405029296875","10,300421714782715","135,38108825683594","323,08734130859375","42,94497299194336","39,369998931884766","350,45703125","407,5466003417969","11,489999771118164"
2023-10-24,"171,43089294433594","128,55999755859375","3,228492021560669","15,801384925842285","318,3221435546875","34,84491729736328","9,932547569274902","137,67214965820312","324,2744140625","43,63248825073242","39,33000183105469","353,8663024902344","410,6192932128906","11,239999771118164"
2023-10-25,"169,11801147460938","121,38999938964844","3,4465205669403076","16,688016891479492","317,2753601074219","34,38631057739258","10,623433113098145","124,5803451538086","334,2225341796875","41,74980163574219","40,11000061035156","345,20513916015625","404,7259826660156","11,270000457763672"
2023-10-26,"164,95677185058594","119,56999969482422","3,5471484661102295","17,15328025817871","314,845458984375","34,21784210205078","10,704185485839844","121,27764892578125","321,6844177246094","40,297821044921875","40,130001068115234","338,623046875","399,8795471191406","11,300000190734863"
2023-10-27,"166,27137756347656","127,73999786376953","3,4800631999969482","17,056716918945312","311,35906982421875","34,189754486083984","10,542680740356445","121,16854095458984","323,56805419921875","40,47169494628906","38,900001525878906","340,2489013671875","398,0670166015625","11,039999961853027"
2023-10-30,"168,31736755371094","132,7100067138672","3,2704203128814697","15,836499214172363","316,1996154785156","34,54541778564453","9,986387252807617","123,43976593017578","330,9261169433594","41,13223648071289","37,380001068115234","344,08184814453125","402,8262023925781","10,449999809265137"
2023-10-31,"168,79185485839844","133,08999633789062","3,2871921062469482","16,082300186157227","317,4001159667969","34,34886932373047","10,05816650390625","123,0628890991211","331,7109680175781","40,75149917602539","36,880001068115234","345,7274169921875","405,3561096191406","9,930000305175781"
2023-11-01,"171,95477294921875","137,0","3,5387630462646484","17,083051681518555","319,5130310058594","34,66708755493164","10,722129821777344","125,41345977783203","339,52032470703125","42,29542541503906","37,9900016784668","351,7281494140625","409,6790771484375","10,350000381469727"
2023-11-02,"175,51307678222656","138,07000732421875","3,61423397064209","17,78533935546875","324,9970703125","35,27544403076172","11,045140266418457","126,44493865966797","341,727783203125","43,47560119628906","38,349998474121094","358,1131591796875","417,5303039550781","10,699999809265137"
2023-11-03,"174,60369873046875","138,60000610351562","3,672934055328369","17,952129364013672","327,12921142578125","35,99611282348633","11,161781311035156","128,041748046875","346,1229553222656","44,97355270385742","38,349998474121094","362,3205261230469","421,3396301269531","10,720000267028809"
2023-11-06,"177,15382385253906","139,74000549316406","3,605848789215088","17,30251693725586","327,542236328125","36,286258697509766","10,802881240844727","129,18231201171875","349,7823791503906","45,719032287597656","36,88999938964844","363,7985534667969","422,30889892578125","10,239999771118164"
2023-11-07,"179,7138214111328","142,7100067138672","3,5974626541137695","17,355188369750977","328,0224304199219","36,22074508666992","10,829800605773926","129,89639282226562","353,7066650390625","45,922889709472656","36,959999084472656","367,2374572753906","423,5107727050781","10,140000343322754"
2023-11-08,"180,77142333984375","142,0800018310547","3,4465205669403076","16,828475952148438","327,618896484375","35,97739791870117","10,515762329101562","130,75927734375","356,326171875","46,541465759277344","36,27000045776367","367,4739074707031","423,82098388671875","10,029999732971191"
2023-11-09,"180,29698181152344","140,60000610351562","3,4968342781066895","16,802141189575195","325,6885070800781","35,64046859741211","10,560626029968262","129,1724090576172","353,8636169433594","46,91719055175781","35,84000015258789","364,6460266113281","420,5156555175781","9,960000038146973"
2023-11-10,"184,48350524902344","143,55999755859375","3,5303773880004883","17,144502639770508","329,4342041015625","35,893165588378906","10,569599151611328","131,50311279296875","362,67364501953125","48,30122756958008","35,84000015258789","372,843994140625","427,07781982421875","10,319999694824219"
2023-11-13,"182,89996337890625","142,58999633789062","3,5052196979522705","17,01282501220703","329,97210693359375","35,88380813598633","10,461928367614746","131,0072021484375","359,740234375","48,586029052734375","35,75","371,6812744140625","426,670654296875","10,15999984741211"
2023-11-14,"185,51280212402344","145,8000030517578","3,5974626541137695","17,30251693725586","334,6301574707031","36,838462829589844","10,731103897094727","132,524658203125","363,2623291015625","49,621299743652344","36,54999923706055","379,6822509765625","434,94842529296875","10,470000267028809"
2023-11-15,"186,07693481445312","143,1999969482422","3,5471484661102295","17,241065979003906","336,4068298339844","37,14732360839844","10,758021354675293","133,51649475097656","363,4097900390625","48,85383987426758","35,400001525878906","379,9680480957031","435,86920166015625","10,25"
2023-11-16,"187,7594757080078","142,8300018310547","3,56391978263855","16,933818817138672","336,1667175292969","36,791664123535156","10,650348663330078","135,8075408935547","369,7997131347656","49,44542694091797","35,84000015258789","380,293212890625","436,4023132324219","10,210000038146973"
2023-11-17,"187,73968505859375","145,17999267578125","3,6980910301208496","17,767780303955078","336,279296875","36,838462829589844","11,215616226196289","134,20083618164062","363,5867004394531","49,263553619384766","37,060001373291016","380,3819580078125","436,9450988769531","10,729999542236328"
2023-11-20,"189,48155212402344","146,1300048828125","4,385717868804932","21,34942626953125","338,2906799316406","37,29706573486328","13,14470386505127","135,13311767578125","371,0481872558594","50,373775482177734","43,70000076293945","385,0130310058594","440,3085632324219","15,010000228881836"
2023-11-21,"188,67991638183594","143,89999389648438","4,19284725189209","21,37575912475586","337,6170654296875","37,063087463378906","13,063952445983887","135,8472137451172","366,75225830078125","49,909095764160156","42,630001068115234","382,7762756347656","439,3489685058594","14,829999923706055"
2023-11-22,"189,34298706054688","146,7100067138672","3,664548397064209","19,944856643676758","339,29150390625","36,98821258544922","12,112866401672363","137,35476684570312","371,4512634277344","48,68195724487305","42,380001068115234","384,34295654296875","441,04522705078125","15,0"
2023-11-24,"188,01678466796875","146,74000549316406","4,394103527069092","22,753995895385742","340,4848937988281","37,00693130493164","13,745861053466797","135,5695343017578","371,038330078125","47,74262237548828","45,59000015258789","383,801025390625","441,3165588378906","16,84000015258789"
2023-11-27,"187,83863830566406","147,72999572753906","4,746302604675293","24,84328842163086","340,0229187011719","36,857177734375","15,091733932495117","135,29180908203125","372,1983642578125","48,208290100097656","47,220001220703125","383,4660339355469","440,5218200683594","17,260000228881836"
2023-11-28,"188,44236755371094","147,02999877929688","4,452803134918213","24,58871078491211","340,7832336425781","37,166038513183594","15,145567893981934","136,07534790039062","376,21917724609375","47,78758239746094","45,869998931884766","384,4710693359375","440,9579772949219","16,790000915527344"
2023-11-29,"187,42295837402344","146,32000732421875","4,704374313354492","25,211986541748047","341,3028869628906","36,95077896118164","15,540359497070312","133,88343811035156","372,434326171875","48,10635757446289","46,91999816894531","384,0966491699219","440,6477966308594","16,979999542236328"
2023-11-30,"187,9969940185547","146,08999633789062","4,687602996826172","24,948631286621094","346,4515380859375","37,02565383911133","15,414745330810547","131,443603515625","372,4932861328125","46,7373161315918","46,959999084472656","383,1309509277344","442,3828125","16,610000610351562"
2023-12-01,"189,27374267578125","147,02999877929688","4,595359802246094","24,32535171508789","349,3868103027344","37,184757232666016","15,190431594848633","130,7791290283203","368,1678466796875","46,732322692871094","45,650001525878906","384,2247619628906","444,9998474121094","16,149999618530273"
2023-12-04,"187,48231506347656","144,83999633789062","4,477960586547852","23,702075958251953","348,9921569824219","36,76358413696289","15,145567893981934","128,21034240722656","362,8887634277344","45,47819519042969","46,13999938964844","380,6578063964844","442,6639404296875","16,040000915527344"
2023-12-05,"191,43130493164062","146,8800048828125","4,586974143981934","23,728412628173828","348,2896728515625","36,538963317871094","15,540359497070312","129,91627502441406","366,2115478515625","46,53756332397461","47,220001220703125","381,61358642578125","442,5767517089844","17,09000015258789"
2023-12-06,"190,34263610839844","144,52000427246094","4,452803134918213","23,096355438232422","347,6256103515625","36,492164611816406","15,190431594848633","128,95419311523438","362,5545349121094","45,47520065307617","46,619998931884766","379,40643310546875","440,793212890625","16,40999984741211"
2023-12-07,"192,27256774902344","146,8800048828125","4,394103527069092","23,16658592224121","348,2126770019531","36,66999435424805","15,253241539001465","135,8075408935547","364,6681213378906","46,567527770996094","47,029998779296875","384,70758056640625","444,1566467285156","16,5"
2023-12-08,"193,69775390625","147,4199981689453","4,477960586547852","23,86886978149414","349,45416259765625","36,510887145996094","15,701863288879395","133,88343811035156","367,892578125","47,47697830200195","47,369998931884766","386,4220275878906","446,066162109375","17,139999389648438"
2023-12-11,"191,1938018798828","145,88999938964844","4,503117084503174","24,14100456237793","350,9650573730469","36,72615051269531","15,674944877624512","132,19737243652344","365,01220703125","46,59851837158203","46,84000015258789","389,72296142578125","447,8011474609375","17,079999923706055"
2023-12-12,"192,7080841064453","147,47999572753906","4,394103527069092","23,78986358642578","352,6202697753906","36,73550796508789","15,50446891784668","131,43370056152344","368,0400085449219","47,62788772583008","49,0","392,8267822265625","449,8463134765625","17,260000228881836"
2023-12-13,"195,9246368408203","148,83999633789062","4,637289524078369","24,755502700805664","357,7497863769531","37,100521087646484","16,02487564086914","131,48329162597656","368,0301818847656","48,05862045288086","49,5099983215332","397,8224792480469","456,0497741699219","17,600000381469727"
2023-12-14,"196,07310485839844","147,4199981689453","4,553431987762451","24,0444393157959","359,2798767089844","37,64337158203125","15,549331665039062","130,8584747314453","359,733154296875","48,32046127319336","48,400001525878906","397,4776306152344","457,51336669921875","17,43000030517578"
2023-12-15,"195,5386505126953","149,97000122070312","4,3773322105407715","23,526506423950195","359,4081115722656","37,418739318847656","14,759754180908203","131,51304626464844","364,4518737792969","48,86013412475586","48,79999923706055","399,3990478515625","456,7601623535156","17,040000915527344"
2023-12-18,"193,8759002685547","154,07000732421875","4,444417953491211","24,430696487426758","359,7457275390625","37,400020599365234","15,262210845947266","134,68678283691406","366,33929443359375","50,04640579223633","50,36000061035156","401,91473388671875","459,3294372558594","17,520000457763672"
2023-12-19,"194,9151153564453","153,7899932861328","4,27670431137085","24,272680282592773","362,1763610839844","37,71824645996094","15,010984420776367","135,5298309326172","366,93896484375","49,57369613647461","50,560001373291016","403,96832275390625","462,12261962890625","17,31999969482422"
2023-12-20,"192,8268280029297","152,1199951171875","4,48634672164917","25,62457847595215","357,6430358886719","37,03925323486328","15,710836410522461","137,2059783935547","364,3436584472656","48,08161163330078","50,08000183105469","397,9654235839844","455,7187805175781","17,700000762939453"
2023-12-21,"192,67832946777344","153,83999633789062","4,662445545196533","25,747478485107422","360,6138000488281","37,735408782958984","15,94411849975586","139,26893615722656","367,2142333984375","48,9600715637207","50,04999923706055","402,595947265625","460,0399169921875","17,649999618530273"
2023-12-22,"191,60948181152344","153,4199981689453","4,813387870788574","26,168848037719727","360,5365905761719","37,55421447753906","16,32994270324707","140,3302001953125","368,2366027832031","48,8001708984375","50,36000061035156","403,19818115234375","460,96441650390625","17,5"
2023-12-26,"191,06512451171875","153,41000366210938","4,746302604675293","26,09861946105957","362,0316467285156","37,8498420715332","15,988984107971191","140,3599090576172","368,3153076171875","49,2488899230957","50,47999954223633","405,6665344238281","462,91082763671875","17,469999313354492"
2023-12-27,"191,16409301757812","153,33999633789062","4,771459579467773","25,721141815185547","363,19873046875","38,069175720214844","15,90822982788086","139,2193603515625","367,73529052734375","49,386810302734375","49,54999923706055","406,4923095703125","463,747802734375","17,239999771118164"
2023-12-28,"191,5896759033203","153,3800048828125","4,612131595611572","25,19443130493164","363,6520080566406","38,364810943603516","15,576251029968262","139,08050537109375","368,9248046875","49,49174880981445","48,650001525878906","406,29473876953125","463,92303466796875","17,010000228881836"
2023-12-29,"190,55044555664062","151,94000244140625","4,5618181228637695","25,19443130493164","363,4976501464844","38,345733642578125","15,495497703552246","138,54493713378906","369,6719055175781","49,49174880981445","49,52000045776367","404,536376953125","462,58001708984375","17,190000534057617"
2024-01-02,"183,73133850097656","149,92999267578125","4,402489185333252","24,623825073242188","363,7098693847656","37,897525787353516","15,2173490524292","137,03736877441406","364,5894470214844","48,13856887817383","48,220001220703125","397,6907653808594","459,9911804199219","16,520000457763672"
2024-01-03,"182,35560607910156","148,47000122070312","4,327017307281494","24,193674087524414","360,9320983886719","37,68772506713867","15,055846214294434","137,78123474121094","364,3240051269531","47,539939880371094","48,4900016784668","393,4825744628906","456,2345886230469","16,770000457763672"
2024-01-04,"180,0396728515625","144,57000732421875","4,150918483734131","23,473834991455078","361,2503662109375","37,563751220703125","14,571327209472656","135,27197265625","361,7091064453125","47,96868133544922","47,7400016784668","391,45751953125","454,7650146484375","16,229999542236328"
2024-01-05,"179,31716918945312","145,24000549316406","4,134146690368652","23,46126365661621","361,346923828125","37,61143493652344","14,795639991760254","134,61737060546875","361,5223388671875","49,06700897216797","48,16999816894531","391,9218444824219","455,38787841796875","16,700000762939453"
2024-01-08,"183,6521453857422","149,10000610351562","4,2263898849487305","23,649816513061523","363,4687194824219","37,716339111328125","14,894342422485352","137,701904296875","368,3447570800781","52,2210807800293","48,79999923706055","400,0220642089844","461,88897705078125","16,709999084472656"
2024-01-09,"183,23646545410156","151,3699951171875","3,9412760734558105","22,311994552612305","361,8677673339844","37,18230056762695","13,898391723632812","139,79458618164062","369,4261169433594","53,10753631591797","46,45000076293945","400,8122863769531","461,188232421875","16,040000915527344"
2024-01-10,"184,27566528320312","153,72999572753906","4,050289630889893","22,814800262451172","363,5749206542969","37,096473693847656","14,43674087524414","141,1136932373047","376,28790283203125","54,316795349121094","46,86000061035156","403,5288391113281","463,7965087890625","15,899999618530273"
2024-01-11,"183,6818084716797","155,17999267578125","4,02513313293457","22,84173583984375","363,7870788574219","37,249053955078125","14,15859603881836","140,9153594970703","378,116455078125","54,788509368896484","46,599998474121094","404,3685302734375","463,5921630859375","15,989999771118164"
2024-01-12,"184,0084228515625","154,6199951171875","4,067061901092529","23,416370391845703","362,57177734375","37,38256072998047","14,338043212890625","141,4806365966797","381,89141845703125","54,67657470703125","46,90999984741211","404,575927734375","463,9132995605469","15,890000343322754"
2024-01-16,"181,7419891357422","153,16000366210938","3,9496612548828125","23,048246383666992","360,401611328125","36,47660446166992","14,068869590759277","141,3219757080078","383,66094970703125","56,34755325317383","46,720001220703125","404,536376953125","462,21014404296875","14,90999984741211"
2024-01-17,"180,80172729492188","151,7100067138672","4,142532825469971","24,62849235534668","359,4948425292969","35,93303298950195","14,589273452758789","140,3103485107422","382,87445068359375","56,01875686645508","47,150001525878906","402,2545166015625","459,640869140625","15,0"
2024-01-18,"186,6905517578125","153,5","4,20123291015625","25,068445205688477","361,5108337402344","36,22866439819336","14,957147598266602","142,30386352539062","387,1999206542969","57,07211685180664","47,22999954223633","407,9642028808594","463,72833251953125","15,199999809265137"
2024-01-19,"189,59042358398438","155,33999633789062","4,394103527069092","25,687976837158203","365,37396240234375","36,61011505126953","15,423717498779297","145,18008422851562","391,91864013671875","59,45465087890625","47,779998779296875","416,0545349121094","469,50927734375","15,630000114440918"
2024-01-22,"191,896484375","154,77999877929688","4,679217338562012","27,1335391998291","366,7925720214844","36,2858772277832","16,311994552612305","144,79330444335938","389,7952880859375","59,6175537109375","48,130001068115234","416,59783935546875","470,50201416015625","15,640000343322754"
2024-01-23,"193,1732177734375","156,02000427246094","4,6540608406066895","26,989883422851562","365,798583984375","36,600582122802734","16,500415802001953","145,8346710205078","392,1448059082031","59,83642578125","47,34000015258789","418,3265380859375","471,87420654296875","15,789999961853027"
2024-01-24,"192,5001983642578","156,8699951171875","4,729531288146973","27,81591796875","364,8818054199219","37,01064682006836","17,047740936279297","147,48104858398438","395,7427673339844","61,32451248168945","48,04999923706055","420,64788818359375","472,3900146484375","16,440000534057617"
2024-01-25,"192,1736297607422","157,75","5,090116500854492","29,57573699951172","367,1883239746094","37,058326721191406","18,23210906982422","150,6250762939453","398,013671875","61,57936096191406","49,790000915527344","421,1616516113281","474,9593200683594","17,3700008392334"
2024-01-26,"190,44158935546875","159,1199951171875","5,316530227661133","30,18628692626953","367,7769470214844","37,08693313598633","19,09346580505371","150,94247436523438","397,0896301269531","60,993717193603516","49,939998626708984","418,65252685546875","474,3559265136719","17,690000534057617"
2024-01-29,"189,75869750976562","161,25999450683594","5,115273475646973","29,378206253051758","369,9194030761719","37,10600662231445","19,09346580505371","152,2516326904297","402,7815246582031","62,426841735839844","49,09000015258789","422,939697265625","478,1125183105469","17,540000915527344"
2024-01-30,"186,10662841796875","159,0","5,031416416168213","29,737354278564453","371,05810546875","36,81037521362305","19,290863037109375","150,2184600830078","401,6706848144531","62,735652923583984","48,779998779296875","420,1243591308594","477,7427062988281","17,290000915527344"
2024-01-31,"182,50405883789062","155,1999969482422","5,056573867797852","29,737354278564453","368,0472412109375","36,61011505126953","19,389556884765625","138,95156860351562","390,84710693359375","61,489418029785156","48,70000076293945","411,8957824707031","469,9472351074219","17,280000686645508"
2024-02-01,"184,93878173828125","159,27999877929688","5,073344707489014","30,65317726135254","371,6469421386719","36,96296310424805","19,586956024169922","140,00289916992188","396,9421691894531","62,98849105834961","49,16999816894531","416,7460021972656","476,09796142578125","17,489999771118164"
2024-02-02,"183,9391326904297","171,80999755859375","5,115273475646973","31,084152221679688","372,9208068847656","36,85805892944336","19,649761199951172","141,212890625","404,256103515625","66,11957550048828","48,59000015258789","423,7892761230469","481,1100158691406","17,18000030517578"
2024-02-05,"185,7503204345703","170,30999755859375","4,788230895996094","29,198637008666992","370,179931640625","36,90574264526367","18,63587188720703","142,50221252441406","398,7804870605469","69,2896499633789","46,900001525878906","423,236083984375","479,3582458496094","16,40999984741211"
2024-02-06,"187,3536834716797","169,14999389648438","4,805002689361572","29,09986686706543","371,6275329589844","37,74494552612305","18,537174224853516","142,9187774658203","398,6231384277344","68,18132019042969","46,849998474121094","422,3865661621094","480,74993896484375","16,530000686645508"
2024-02-07,"187,46255493164062","170,52999877929688","4,444417953491211","27,1335391998291","373,16204833984375","37,792625427246094","17,334857940673828","144,3469696044922","407,0381774902344","70,0561752319336","44,220001220703125","426,7329406738281","484,75958251953125","16,040000915527344"
2024-02-08,"186,38377380371094","169,83999633789062","4,234775543212891","25,87652587890625","373,8182678222656","37,58282470703125","16,285078048706055","144,71395874023438","407,09716796875","69,59844207763672","43,369998931884766","427,52325439453125","484,97369384765625","15,8100004196167"
2024-02-09,"187,14682006835938","174,4499969482422","4,519888877868652","27,18741226196289","373,2102355957031","37,74494552612305","17,047740936279297","147,77862548828125","413,4281311035156","72,08895111083984","44,08000183105469","431,73138427734375","487,776611328125","16,639999389648438"
2024-02-12,"185,46212768554688","172,33999633789062","4,503117084503174","27,456771850585938","374,5517272949219","38,04056930541992","17,272048950195312","146,3206329345703","408,2276916503906","72,20386505126953","43,36000061035156","430,0422058105469","487,5624694824219","16,739999771118164"
2024-02-13,"183,3711700439453","168,63999938964844","4,48634672164917","27,510644912719727","369,446533203125","37,325340270996094","17,379718780517578","143,95025634765625","399,4390563964844","72,08394622802734","43,34000015258789","423,3348083496094","480,8472595214844","16,65999984741211"
2024-02-14,"182,4891815185547","170,97999572753906","4,620517253875732","27,771024703979492","370,865234375","37,859378814697266","17,81040382385254","144,7436981201172","403,2998352050781","73,85487365722656","43,93000030517578","427,9480285644531","485,217041015625","17,020000457763672"
2024-02-15,"182,20179748535156","169,8000030517578","4,746302604675293","27,968555450439453","374,6868591308594","38,04056930541992","18,079574584960938","141,5996856689453","400,4141540527344","72,61361694335938","43,380001068115234","429,2222900390625","488,56488037109375","17,0"
2024-02-16,"180,66580200195312","169,50999450683594","4,821774005889893","28,381576538085938","373,2872009277344","38,22175979614258","18,44744300842285","139,3681182861328","397,9519958496094","72,5686264038086","42,34000015258789","425,33026123046875","486,1318359375","16,850000381469727"
2024-02-20,"179,9225616455078","167,0800018310547","4,880473613739014","29,162717819213867","372,803955078125","38,27898025512695","18,63587188720703","139,9632110595703","396,7011413574219","69,40957641601562","42,060001373291016","422,11981201171875","483,45550537109375","16,709999084472656"
2024-02-21,"180,67572021484375","168,58999633789062","4,796617031097412","30,18628692626953","373,1518249511719","38,345733642578125","18,644840240478516","141,38150024414062","396,1003723144531","67,4307861328125","42,209999084472656","420,43060302734375","483,8934020996094","16,959999084472656"
2024-02-22,"182,70721435546875","174,5800018310547","5,0649590492248535","31,5959415435791","377,49188232421875","38,736724853515625","19,299835205078125","142,90884399414062","405,4271545410156","78,49002838134766","43,599998474121094","432,73895263671875","493,9078063964844","18,049999237060547"
2024-02-23,"180,87388610839844","174,99000549316406","5,190744400024414","32,529720306396484","378,2071838378906","38,7176513671875","19,703594207763672","142,77992248535156","404,1369934082031","78,76885223388672","44,540000915527344","431,464599609375","494,2484436035156","18,040000915527344"
2024-02-26,"179,52615356445312","174,72999572753906","5,3081440925598145","33,176185607910156","377,6562194824219","38,545997619628906","20,3496150970459","136,4423065185547","401,3793640136719","79,04368591308594","43,45000076293945","431,2374572753906","492,43829345703125","17,90999984741211"
2024-02-27,"180,98287963867188","173,5399932861328","5,132044792175293","32,7003173828125","376,6413269042969","38,62228775024414","19,389556884765625","137,74159240722656","401,3202819824219","78,65291595458984","42,349998474121094","432,2746887207031","493,35308837890625","17,40999984741211"
2024-02-28,"179,7838134765625","173,16000366210938","5,140429973602295","32,9427375793457","376,5832824707031","38,116859436035156","19,506202697753906","135,2620849609375","401,556640625","77,61554718017578","41,56999969482422","429,9730529785156","492,7010192871094","17,06999969482422"
2024-02-29,"179,119873046875","176,75999450683594","5,316530227661133","35,72612762451172","376,92156982421875","38,13593673706055","19,748458862304688","137,3250274658203","407,38714599609375","79,06367492675781","42,02000045776367","433,65765380859375","494,4723205566406","17,299999237060547"
2024-03-01,"178,03970336914062","178,22000122070312","5,333301067352295","35,39391326904297","378,2361755371094","38,603214263916016","19,999691009521484","136,01580810546875","409,2190246582031","82,2287368774414","42,689998626708984","440,1872253417969","499,114501953125","17,829999923706055"
2024-03-04,"173,52084350585938","177,5800018310547","5,484243869781494","35,41187286376953","377,1922607421875","38,51738739013672","19,479278564453125","132,2569122314453","408,6478271484375","85,18492889404297","41,630001068115234","438,6165466308594","498,5792541503906","18,709999084472656"
2024-03-05,"168,5857391357422","174,1199951171875","5,375229835510254","34,4691162109375","373,2872009277344","38,174076080322266","18,967849731445312","131,5824737548828","396,5632629394531","85,91551971435547","41,40999984741211","430,7435302734375","493,5964050292969","18,200000762939453"
2024-03-06,"167,5947265625","173,50999450683594","6,079627990722656","36,704803466796875","374,2441101074219","38,7271842956543","20,511123657226562","130,32286071777344","396,0117492675781","88,64996337890625","41,849998474121094","433,4502258300781","496,0975646972656","18,670000076293945"
2024-03-07,"167,47586059570312","176,82000732421875","6,331198692321777","35,98650360107422","375,4717712402344","38,96560287475586","20,564958572387695","133,2784423828125","402,9551696777344","92,61672973632812","39,29999923706055","440,0291748046875","501,02203369140625","18,31999969482422"
2024-03-08,"169,1902313232422","175,35000610351562","6,274161338806152","35,82489776611328","375,0271301269531","38,927452087402344","20,268861770629883","134,30003356933594","400,07928466796875","87,47863006591797","39,61000061035156","433,6774597167969","498,0148010253906","17,649999618530273"
2024-03-11,"171,1920166015625","171,9600067138672","5,9591755867004395","34,91804504394531","375,4427185058594","39,01327896118164","19,542089462280273","136,54150390625","398,40496826171875","85,72562408447266","39,02000045776367","432,0672607421875","497,58660888671875","17,34000015258789"
2024-03-12,"171,66766357421875","175,38999938964844","6,223082065582275","35,90570068359375","377,7336120605469","39,442413330078125","20,448312759399414","137,3646697998047","409,0023193359375","91,86116027832031","39,369998931884766","438,260986328125","502,9393310546875","17,639999389648438"
2024-03-13,"169,5866241455078","176,55999755859375","6,665764331817627","37,89896774291992","378,1491394042969","39,318443298339844","21,803157806396484","138,64410400390625","408,8250732421875","90,83673858642578","39,15999984741211","434,8924865722656","502,15093994140625","18,110000610351562"
2024-03-14,"171,43975830078125","178,75","6,444423675537109","37,333309173583984","377,0376281738281","39,11818313598633","20,959741592407227","141,92697143554688","418,7920837402344","87,8943862915039","39,15999984741211","433,79595947265625","501,1582946777344","18,0"
2024-03-15,"171,06317138671875","174,4199981689453","6,6742777824401855","39,057212829589844","374,9670104980469","38,8797721862793","21,390426635742188","140,02272033691406","410,1251220703125","87,78746032714844","39,63999938964844","428,6395263671875","497,71710205078125","18,059999465942383"
2024-03-18,"172,15325927734375","174,47999572753906","6,853052616119385","40,96967315673828","375,67437744140625","38,94652557373047","22,233840942382812","146,46942138671875","411,0115051269531","88,40510559082031","42,529998779296875","432,7276306152344","500,6750793457031","19,260000228881836"
2024-03-19,"174,49200439453125","175,89999389648438","6,7508955001831055","40,879878997802734","378,7457275390625","38,75579833984375","21,865968704223633","145,8247528076172","415,0397033691406","89,34758758544922","41,90999984741211","433,80572509765625","503,4574279785156","18,969999313354492"
2024-03-20,"177,05862426757812","178,14999389648438","6,972236156463623","43,277191162109375","382,7086181640625","39,1944694519043","22,73630142211914","147,520751953125","418,80194091796875","90,32102966308594","43,65999984741211","438,94927978515625","508,1139831542969","19,360000610351562"
2024-03-21,"169,82444763183594","178,14999389648438","7,091419219970703","45,512874603271484","385,3827819824219","39,24215316772461","23,292593002319336","146,39007568359375","422,87933349609375","91,3834228515625","43,400001525878906","441,0264892578125","509,793212890625","20,190000534057617"
2024-03-22,"170,72625732421875","178,8699951171875","7,210603713989258","46,45563507080078","382,2628173828125","38,96560287475586","23,400264739990234","149,5341033935547","422,2588806152344","94,23580932617188","43,68000030517578","441,5308837890625","508,8267517089844","20,260000228881836"
2024-03-25,"169,3091278076172","179,7100067138672","7,210603713989258","46,76988983154297","380,7320556640625","38,994205474853516","23,463069915771484","148,83985900878906","416,46771240234375","94,94841766357422","42,83000183105469","439,92852783203125","507,4208984375","20,3700008392334"
2024-03-26,"168,179443359375","178,3000030517578","7,082906246185303","45,60266876220703","380,6351623535156","38,96560287475586","23,023418426513672","149,43492126464844","415,27606201171875","92,50879669189453","42,54999923706055","438,5041809082031","506,48370361328125","19,799999237060547"
2024-03-27,"171,74696350097656","179,8300018310547","7,236142158508301","46,392784118652344","385,1986389160156","39,032352447509766","23,463069915771484","149,63327026367188","415,05938720703125","90,19910430908203","43,5","439,99774169921875","510,74017333984375","20,1200008392334"
2024-03-28,"169,93344116210938","180,3800048828125","7,2191162109375","43,25923156738281","385,3924560546875","39,17539978027344","22,808080673217773","149,69277954101562","414,360107421875","90,30503845214844","43,13999938964844","439,1866760253906","510,6424865722656","19,799999237060547"
2024-04-01,"168,4965362548828","180,97000122070312","7,176551342010498","44,12118148803711","383,0379943847656","39,24215316772461","23,140064239501953","154,21542358398438","418,1518859863281","90,31202697753906","42,709999084472656","440,11651611328125","509,7541198730469","19,6299991607666"
2024-04-02,"167,3172607421875","180,69000244140625","6,878591537475586","42,34339904785156","379,4530944824219","39,366127014160156","22,359453201293945","153,29302978515625","415,0692443847656","89,40154266357422","41,7400016784668","436,318115234375","506,51300048828125","19,90999984741211"
2024-04-03,"168,1199493408203","182,41000366210938","7,465997219085693","45,33330535888672","379,094482421875","39,39473342895508","23,418209075927734","153,6501007080078","414,0942077636719","88,91383361816406","43,779998779296875","437,29742431640625","507,06939697265625","20,639999389648438"
2024-04-04,"167,2974853515625","180,0","7,346812725067139","44,668880462646484","374,0174560546875","39,25168991088867","23,14903450012207","149,2960662841797","411,56304931640625","85,85653686523438","43,52000045776367","430,61083984375","500,8800964355469","20,229999542236328"
2024-04-05,"168,05059814453125","185,07000732421875","7,806520938873291","45,89896011352539","376,76922607421875","39,33751678466797","24,55771255493164","151,24993896484375","419,0875244140625","87,95836639404297","46,599998474121094","435,6851501464844","506,11273193359375","21,040000915527344"
2024-04-08,"166,9307861328125","185,19000244140625","7,82354736328125","45,85406494140625","377,001708984375","39,595001220703125","24,880725860595703","153,58067321777344","418,1716003417969","87,08384704589844","46,040000915527344","435,813720703125","506,3958740234375","21,709999084472656"
2024-04-09,"168,13980102539062","185,6699981689453","7,81503438949585","46,38380813598633","376,7499084472656","39,86201477050781","25,715166091918945","155,31631469726562","419,8360900878906","85,30584716796875","46,5","437,4259948730469","506,9816589355469","21,75"
2024-04-10,"166,266845703125","185,9499969482422","7,576666355133057","45,261478424072266","372,5544128417969","39,318443298339844","25,885643005371094","154,860107421875","416,86175537109375","86,98990631103516","45,650001525878906","433,6079406738281","501,9051208496094","21,459999084472656"
2024-04-11,"173,4613494873047","189,0500030517578","7,670311450958252","46,45563507080078","372,5835876464844","39,556854248046875","26,71111297607422","158,10330200195312","421,46112060546875","90,56489562988281","46,119998931884766","440,5318603515625","505,6929016113281","21,610000610351562"
2024-04-12,"174,9577178955078","186,1300048828125","7,397891521453857","46,2042350769043","368,05877685546875","38,65089797973633","26,56755256652832","156,43704223632812","415,5222473144531","88,13626098632812","45,18000030517578","433,5090026855469","498,7127990722656","21,170000076293945"
2024-04-15,"171,132568359375","183,6199951171875","6,929670810699463","42,612762451171875","365,578369140625","38,4029541015625","24,764081954956055","153,590576171875","407,38714599609375","85,9524917602539","42,45000076293945","426,3773193359375","492,4648742675781","20,209999084472656"
2024-04-16,"167,85240173339844","183,32000732421875","6,972236156463623","43,124549865722656","366,2275085449219","37,897525787353516","24,91661834716797","153,1343536376953","408,31292724609375","87,3656997680664","42,06999969482422","426,41693115234375","491,5667419433594","20,25"
2024-04-17,"166,48484802246094","181,27999877929688","6,836026668548584","43,17842483520508","365,7139587402344","37,86891555786133","24,835861206054688","154,19558715820312","405,6143493652344","83,98760223388672","42,02000045776367","421,2140808105469","488,6575622558594","19,469999313354492"
2024-04-18,"165,5334930419922","179,22000122070312","6,8700785636901855","43,375953674316406","366,09185791015625","38,02149963378906","25,149900436401367","154,7311248779297","398,1587219238281","84,62324523925781","41,88999938964844","418,8104553222656","487,6519775390625","19,06999969482422"
2024-04-19,"163,51190185546875","174,6300048828125","7,295734405517578","44,73173522949219","368,18389892578125","37,86891555786133","25,53571891784668","152,82688903808594","393,08660888671875","76,15702819824219","43,08000183105469","410,1455993652344","483,3956298828125","19,34000015258789"
2024-04-22,"164,34434509277344","177,22999572753906","7,985296726226807","47,82937240600586","370,6752624511719","38,27898025512695","27,83267593383789","154,99893188476562","394,8988037109375","79,47315216064453","46,25","414,2702941894531","487,8472595214844","20,790000915527344"
2024-04-23,"165,39476013183594","179,5399932861328","8,00232219696045","46,751930236816406","373,2441711425781","38,59368133544922","27,393024444580078","156,96267700195312","401,4089050292969","82,37651824951172","45,099998474121094","420,452392578125","493,63641357421875","20,8700008392334"
2024-04-24,"167,4956512451172","176,58999633789062","7,534101486206055","43,97752380371094","372,681884765625","38,7271842956543","26,083038330078125","157,82557678222656","402,8763732910156","79,6320571899414","43,56999969482422","421,8767395019531","493,4021301269531","20,15999984741211"
2024-04-25,"168,3577880859375","173,6699981689453","7,627745151519775","44,06731033325195","369,26953125","38,81301498413086","26,459882736206055","154,7212371826172","393,0078430175781","82,58539581298828","43,86000061035156","419,83917236328125","491,52764892578125","20,239999771118164"
2024-04-26,"167,77310180664062","179,6199951171875","7,874625205993652","46,132408142089844","370,61700439453125","39,26122283935547","27,545557022094727","170,54049682617188","400,177734375","87,68553161621094","44,040000915527344","426,3179931640625","496,18438720703125","21,170000076293945"
2024-04-29,"171,93524169921875","180,9600067138672","7,985296726226807","47,72163009643555","372,0614929199219","39,64268112182617","28,048015594482422","164,7880096435547","396,16925048828125","87,70750427246094","44,84000015258789","428,0489807128906","497,94158935546875","21,479999542236328"
2024-04-30,"168,79383850097656","175,0","8,138531684875488","48,62847137451172","366,56488037109375","39,08957290649414","29,097795486450195","161,44566345214844","383,44464111328125","86,35326385498047","44,369998931884766","419,97760009765625","490,0535583496094","21,959999084472656"
2024-05-01,"167,77310180664062","179,0","8,240689277648926","49,086387634277344","367,3017272949219","39,12771224975586","29,043964385986328","162,5167999267578","388,96978759765625","82,99414825439453","45,38999938964844","416,94091796875","488,46234130859375","22,079999923706055"
2024-05-02,"171,46949768066406","184,72000122070312","8,172585487365723","50,37931442260742","370,5395202636719","40,13856887817383","28,61328125","165,254150390625","391,82598876953125","85,76860046386719","46,560001373291016","422,26251220703125","493,0311584472656","22,360000610351562"
2024-05-03,"181,72613525390625","186,2100067138672","8,93025016784668","54,069549560546875","374,9406433105469","40,50095748901367","30,793601989746094","165,86911010742188","400,51263427734375","88,7389144897461","48,7400016784668","430,7493591308594","499,14239501953125","23,3799991607666"
2024-05-06,"180,0712127685547","188,6999969482422","9,679404258728027","57,6430549621582","376,56939697265625","40,53909683227539","33,018768310546875","166,72206115722656","407,2886657714844","92,0880355834961","49,599998474121094","435,467529296875","504,2969055175781","23,8799991607666"
2024-05-07,"180,75497436523438","188,75999450683594","9,372932434082031","56,951698303222656","376,8503723144531","40,31022644042969","31,986936569213867","169,84620666503906","403,1521301269531","90,50292205810547","49,849998474121094","435,5367126464844","504,8533935546875","24,030000686645508"
2024-05-08,"181,09188842773438","188,0","9,517656326293945","57,8854866027832","378,5371398925781","40,31976318359375","32,34584426879883","167,99156188964844","404,33404541015625","90,36100769042969","49,4900016784668","435,2795715332031","504,9021911621094","24,459999084472656"
2024-05-09,"182,90541076660156","189,5","9,492116928100586","56,8978271484375","381,9495544433594","40,44373321533203","31,861324310302734","168,56678771972656","406,08709716796875","88,69696044921875","49,0099983215332","436,2291259765625","507,81134033203125","24,3799991607666"
2024-05-10,"181,64517211914062","187,47999572753906","9,279288291931152","56,02689743041992","383,09344482421875","40,52956008911133","31,376811981201172","167,2675323486328","408,4704895019531","89,82730865478516","47,09000015258789","437,25787353515625","508,4655456542969","22,780000686645508"
2024-05-13,"184,850341796875","186,57000732421875","9,168619155883789","55,01231384277344","382,3955383300781","40,8347282409668","31,08969497680664","167,75352478027344","407,4659118652344","90,34803009033203","45,939998626708984","438,2667541503906","508,53375244140625","22,780000686645508"
2024-05-14,"185,9915313720703","187,07000732421875","9,568735122680664","56,70030212402344","383,48114013671875","41,05406188964844","31,825441360473633","168,94366455078125","410,2629699707031","91,30448150634766","47,5099983215332","441,0857849121094","510,8670349121094","23,020000457763672"
2024-05-15,"188,26397705078125","185,99000549316406","9,900744438171387","60,06730270385742","387,06805419921875","41,492733001708984","33,054664611816406","171,09588623046875","417,43603515625","94,57662963867188","48,790000915527344","447,9800720214844","517,193115234375","23,90999984741211"
2024-05-16,"188,38304138183594","183,6300048828125","9,798588752746582","58,40625","387,0001525878906","41,57855987548828","32,848297119140625","172,752197265625","415,37384033203125","94,30577850341797","48,310001373291016","447,0700988769531","516,12890625","23,639999389648438"
2024-05-17,"188,41281127929688","184,6999969482422","9,756023406982422","58,34340286254883","388,2952880859375","41,7597541809082","32,90213394165039","174,61679077148438","414,6042785644531","92,42684173583984","47,88999938964844","446,85247802734375","516,8709716796875","23,440000534057617"
2024-05-20,"189,57383728027344","183,5399932861328","9,96033763885498","59,43878936767578","386,4992980957031","41,607173919677734","33,4494514465332","175,4697265625","419,6658630371094","94,72655487060547","48,869998931884766","449,9682922363281","517,4664306640625","23,770000457763672"
2024-05-21,"190,87376403808594","183,14999389648438","9,636838912963867","58,04710388183594","387,1593322753906","41,34968948364258","32,46248245239258","176,3921356201172","423,3164978027344","95,33220672607422","47,27000045776367","450,8486022949219","518,7355346679688","23,530000686645508"
2024-05-22,"189,43492126464844","183,1300048828125","9,109025955200195","54,482566833496094","385,10113525390625","41,216182708740234","30,129636764526367","174,93418884277344","424,77679443359375","94,89643859863281","45,029998779296875","450,7595520019531","517,2418823242188","21,770000457763672"
2024-05-23,"185,4457550048828","181,0500030517578","8,189611434936523","51,14250183105469","379,2760314941406","40,9110221862793","27,805757522583008","172,12738037109375","421,3037109375","103,74046325683594","44,36000061035156","448,7318115234375","513,4638061523438","21,350000381469727"
2024-05-24,"188,52195739746094","180,75","8,376899719238281","52,345638275146484","379,256591796875","41,025455474853516","29,13368797302246","173,55557250976562","424,42156982421875","106,40894317626953","45,720001220703125","452,97528076171875","516,8611450195312","21,010000228881836"
2024-05-28,"188,5319061279297","182,14999389648438","8,479056358337402","53,25249099731445","377,2760009765625","40,96823501586914","29,672039031982422","174,95399475097656","424,5794677734375","113,83675384521484","47,65999984741211","454,6864929199219","517,2223510742188","22,25"
2024-05-29,"188,82958984375","182,02000427246094","8,70890998840332","55,62286376953125","373,3732604980469","40,357906341552734","30,659011840820312","174,45809936523438","423,4447937011719","114,76022338867188","48,529998779296875","451,4816589355469","513,6004638671875","22,459999084472656"
2024-05-30,"189,82191467285156","179,32000732421875","9,66238021850586","59,30411911010742","370,363525390625","40,243473052978516","33,09056091308594","170,6991729736328","409,1382141113281","110,43768310546875","50,209999084472656","446,64471435546875","510,193359375","23,90999984741211"
2024-05-31,"190,77455139160156","176,44000244140625","9,611299514770508","59,51960754394531","376,2372131347656","39,852481842041016","32,1663932800293","171,0859832763672","409,59210205078125","109,57117462158203","49,349998474121094","445,8138732910156","514,84033203125","23,209999084472656"
2024-06-03,"192,5408935546875","178,33999633789062","9,517656326293945","58,55888748168945","374,9848327636719","40,27207946777344","31,94207191467285","171,75047302246094","408,0035400390625","114,93513488769531","47,45000076293945","448,2076110839844","515,2601318359375","22,100000381469727"
2024-06-04,"192,8584442138672","179,33999633789062","8,768502235412598","54,796817779541016","376,2178649902344","39,709434509277344","29,82457160949707","172,3654022216797","410,5195617675781","116,37133026123047","44,189998626708984","449,43414306640625","515,8361206054688","20,280000686645508"
2024-06-05,"194,3667755126953","181,27999877929688","8,742962837219238","53,87202072143555","377,2080993652344","40,34836959838867","29,833539962768555","173,97213745117188","418,3536071777344","122,3709487915039","44,369998931884766","458,49456787109375","521,9669189453125","20,809999465942383"
2024-06-06,"192,9874267578125","185,0","8,215149879455566","51,555519104003906","377,98480224609375","40,54863357543945","28,27232551574707","175,2812957763672","418,8567810058594","120,92975616455078","43,720001220703125","458,3363342285156","521,9570922851562","20,100000381469727"
2024-06-07,"195,37892150878906","184,3000030517578","8,325819969177246","51,241268157958984","377,16925048828125","40,09088897705078","28,415884017944336","173,02992248535156","418,1957702636719","120,81981658935547","43,45000076293945","457,9308166503906","521,3225708007812","20,020000457763672"
2024-06-10,"191,6378631591797","187,05999755859375","8,795005798339844","53,38716506958008","377,9458923339844","40,32929992675781","29,93720054626465","173,7746124267578","422,162109375","121,72130584716797","46,16999816894531","459,7805480957031","522,933349609375","20,829999923706055"
2024-06-11,"205,5601806640625","187,22999572753906","8,598769187927246","51,196380615234375","376,6643981933594","40,19486618041992","29,10409927368164","175,3732452392578","426,9079284667969","120,85173797607422","44,63999938964844","462,93585205078125","524,1926879882812","20,270000457763672"
2024-06-12,"211,4347686767578","186,88999938964844","8,893125534057617","53,58470153808594","376,3925476074219","40,59815979003906","30,734071731567383","176,5349578857422","435,1761474609375","125,13966369628906","45,209999084472656","468,9992370605469","528,4979248046875","20,670000076293945"
2024-06-13,"212,59579467773438","183,8300018310547","9,544276237487793","56,565616607666016","375,606201171875","40,502140045166016","31,875057220458984","173,92355346679688","435,689208984375","129,5475311279297","47,11000061035156","471,54132080078125","529,5620727539062","21,170000076293945"
2024-06-14,"210,85922241210938","183,66000366210938","9,348037719726562","56,98761749267578","375,1983337402344","40,550148010253906","31,503786087036133","175,5420379638672","436,6660461425781","131,81643676757812","47,279998779296875","473,9844970703125","529,88427734375","20,8799991607666"
2024-06-17,"215,0071258544922","184,05999755859375","9,11612319946289","57,29422378540039","377,256591796875","40,809410095214844","30,851791381835938","175,98887634277344","442,388671875","130,91688537597656","45,150001525878906","479,79071044921875","534,1015625","20,440000534057617"
2024-06-18,"212,6453857421875","182,80999755859375","9,339119911193848","58,33777618408203","377,8002624511719","41,18389892578125","31,54000473022461","173,8540496826172","440,3857116699219","135,5146484375","45,59000015258789","479,9391174316406","535,4585571289062","21,010000228881836"
2024-06-20,"208,0707550048828","186,10000610351562","8,563089370727539","54,302066802978516","380,64495849609375","41,11668014526367","29,882862091064453","175,05551147460938","439,7543029785156","130,7169647216797","43,630001068115234","476,2397155761719","534,00390625","20,760000228881836"
2024-06-21,"205,8975830078125","189,0800018310547","8,375771522521973","53,110740661621094","380,7850341796875","40,9726448059082","29,66082763671875","178,36199951171875","443,7798156738281","126,5090103149414","43,970001220703125","474,9637451171875","533,2880249023438","20,299999237060547"
2024-06-24,"206,5426025390625","185,57000732421875","8,32225227355957","53,3323860168457","383,3538818359375","40,9726448059082","29,79035186767578","177,95489501953125","441,697998046875","118,0530776977539","44,40999984741211","469,55645751953125","531,5545654296875","20,770000457763672"
2024-06-25,"207,46546936035156","186,33999633789062","8,38469123840332","53,97883987426758","380,4737243652344","40,876625061035156","30,197420120239258","182,73094177246094","444,9342041015625","126,02923583984375","44,38999938964844","474,9261169433594","533,6013793945312","20,81999969482422"
2024-06-26,"211,61338806152344","193,61000061035156","8,13493537902832","52,575111389160156","380,687744140625","40,79020309448242","28,559877395629883","182,5819854736328","446,1280822753906","126,3390884399414","43,72999954223633","475,9068603515625","534,2674560546875","20,280000686645508"
2024-06-27,"212,4568634033203","197,85000610351562","8,482810020446777","53,47091293334961","380,9991149902344","40,819007873535156","29,272254943847656","184,1011962890625","446,808837890625","123,93024444580078","45,619998931884766","477,1353454589844","535,1098022460938","20,719999313354492"
2024-06-28,"209,00355529785156","193,25","8,250892639160156","52,94451904296875","380,58074951171875","40,89582824707031","28,273075103759766","180,8642120361328","440,987548828125","123,48046112060547","44,2599983215332","474,6585998535156","533,0040283203125","20,1200008392334"
2024-07-01,"215,08651733398438","197,1999969482422","7,715700149536133","48,93650817871094","380,9018249511719","40,99184799194336","25,59934425354004","181,69830322265625","450,6371154785156","124,24009704589844","42,689998626708984","477,4424743652344","534,1009521484375","19,34000015258789"
2024-07-02,"218,57949829101562","200,0","7,894098281860352","50,61728286743164","382,68243408203125","41,11668014526367","26,00641632080078","183,93240356445312","453,153076171875","122,61087799072266","43,279998779296875","482,4555358886719","537,6953125","20,010000228881836"
2024-07-03,"219,84970092773438","197,58999633789062","7,920857906341553","51,34685134887695","382,2348327636719","41,72161865234375","26,367233276367188","184,50830078125","454,6231994628906","128,21817016601562","44,630001068115234","486,477783203125","540,0948486328125","20,149999618530273"
2024-07-05,"224,60292053222656","200,0","7,894098281860352","50,03547668457031","383,0813903808594","41,89445877075195","26,330223083496094","189,2545623779297","461,3226013183594","125,76937103271484","45,09000015258789","491,5502014160156","543,209228515625","20,079999923706055"
2024-07-08,"226,07154846191406","199,2899932861328","8,233053207397461","50,96820831298828","382,847900390625","41,9040641784668","26,394989013671875","187,6956329345703","460,0202331542969","128,13819885253906","46,29999923706055","492,71923828125","543,8361206054688","20,549999237060547"
2024-07-09,"226,9249725341797","199,33999633789062","8,482810020446777","51,245269775390625","382,3420104980469","42,076900482177734","26,67253875732422","187,64599609375","453,4096374511719","131,3166961669922","46,27000045776367","493,14520263671875","544,3649291992188","20,729999542236328"
2024-07-10,"231,19195556640625","199,7899932861328","8,679047584533691","51,75319290161133","386,54541015625","42,31695556640625","27,301652908325195","189,8304443359375","460,0301513671875","134,84498596191406","46,5","498,2870178222656","549,7515869140625","21,049999237060547"
2024-07-11,"225,82350158691406","195,0500030517578","8,589848518371582","50,51569747924805","386,9053955078125","42,56661605834961","26,829814910888672","184,2600860595703","448,63421630859375","127,33860778808594","46,70000076293945","487,3594970703125","545,0112915039062","21,1299991607666"
2024-07-12,"228,77069091796875","194,49000549316406","8,500650405883789","49,592193603515625","389,5228576660156","42,73945236206055","26,5152587890625","183,7636260986328","447,4995422363281","129,17771911621094","46,880001068115234","490,22265625","548,4490356445312","21,290000915527344"
2024-07-15,"232,60105895996094","192,72000122070312","8,27638053894043","48,234642028808594","391,5078430175781","42,28814697265625","25,368053436279297","185,21328735351562","447,904052734375","128,3780975341797","45,400001525878906","491,540283203125","549,957275390625","20,989999771118164"
2024-07-16,"233,01783752441406","193,02000427246094","8,548505783081055","50,026241302490234","398,6109619140625","42,5282096862793","26,4689998626709","182,62171936035156","443,5233154296875","126,29910278320312","46,0","491,728515625","553,218505859375","20,639999389648438"
2024-07-17,"227,12342834472656","187,92999267578125","8,041789054870605","48,40087127685547","400,8197021484375","41,83684539794922","25,405061721801758","179,7421875","437,6033630371094","117,93312072753906","44,79999923706055","477,2938537597656","545,4617919921875","19,8700008392334"
2024-07-18,"222,45948791503906","183,75","7,947953224182129","48,64098358154297","395,75018310546875","41,443153381347656","25,442068099975586","176,43569946289062","434,495361328125","121,0316390991211","44,79999923706055","475,03509521484375","541,2701416015625","19,90999984741211"
2024-07-19,"222,58848571777344","183,1300048828125","8,163776397705078","50,61728286743164","392,26904296875","41,039859771728516","26,098934173583984","176,40591430664062","431,27886962890625","117,8731689453125","46,13999938964844","470,8245544433594","537,6756591796875","20,190000534057617"
2024-07-22,"222,24119567871094","182,5500030517578","8,11685848236084","50,66020965576172","393,4371643066406","41,38554382324219","26,163700103759766","180,3876190185547","437,0310974121094","123,48046112060547","46,54999923706055","477,8387756347656","543,2191772460938","20,15999984741211"
2024-07-23,"223,2831268310547","186,41000366210938","8,604808807373047","52,424869537353516","392,79473876953125","41,02065658569336","27,29239845275879","180,50677490234375","438,9156188964844","122,53092956542969","48,09000015258789","476,15460205078125","542,3670043945312","20,469999313354492"
2024-07-24,"216,86277770996094","180,8300018310547","8,27638053894043","49,754024505615234","388,1025390625","40,425315856933594","26,533767700195312","171,41139221191406","423,17840576171875","114,19493865966797","46,869998931884766","459,07476806640625","530,07568359375","19,690000534057617"
2024-07-25,"215,8208465576172","179,85000610351562","8,079322814941406","48,49491500854492","388,9007873535156","40,2620849609375","26,246963500976562","166,09918212890625","412,8184509277344","112,22588348388672","45,63999938964844","454,01220703125","527,3136596679688","19,68000030517578"
2024-07-26,"216,28724670410156","182,5","8,22007942199707","49,48694610595703","395,208984375","40,67498016357422","26,831321716308594","165,82115173339844","419,5967712402344","113,00550842285156","46,060001373291016","458,6685791015625","533,2195434570312","19,979999542236328"
2024-07-29,"216,56509399414062","183,1999969482422","8,013639450073242","48,46630096435547","394,76123046875","40,54054641723633","26,130470275878906","168,33331298828125","421,037353515625","111,53621673583984","45,36000061035156","459,5899658203125","533,5328369140625","19,299999237060547"
2024-07-30,"217,1207733154297","181,7100067138672","8,0324068069458","48,32321548461914","396,61083984375","40,35810470581055","25,59062385559082","169,08792114257812","417,2781677246094","103,68000030517578","44,0","453,2790832519531","530,8297729492188","18,950000762939453"
2024-07-31,"220,3756103515625","186,97999572753906","8,614192962646484","50,38357925415039","397,6622619628906","41,24150848388672","27,437461853027344","170,32908630371094","412,7691345214844","116,96359252929688","45,43000030517578","466,69329833984375","539,4581909179688","19,940000534057617"
2024-08-01,"216,68417358398438","184,07000732421875","8,464054107666016","49,24847412109375","392,5416564941406","40,52134323120117","26,86920738220215","169,5546112060547","411,5456237792969","109,1573715209961","45,279998779296875","455,3893127441406","531,8189086914062","19,3700008392334"
2024-08-02,"218,1726531982422","167,89999389648438","7,79047155380249","45,06097412109375","386,6033020019531","39,94520950317383","25,240192413330078","165,48353576660156","403,0406494140625","107,21829223632812","42,72999954223633","444,5806579589844","521,9173583984375","18,139999389648438"
2024-08-05,"207,6639404296875","161,02000427246094","7,800421237945557","44,39326095581055","376,5568542480469","38,81214904785156","25,202312469482422","158,1258544921875","389,87860107421875","100,40159606933594","41,970001220703125","431,32501220703125","506,7171325683594","18,059999465942383"
2024-08-06,"205,63958740234375","161,92999267578125","8,228251457214355","45,78591537475586","379,623291015625","39,03300094604492","26,56613540649414","157,17262268066406","394,27911376953125","104,19975280761719","43,130001068115234","435,4463806152344","511,388916015625","18,450000762939453"
2024-08-07,"208,209716796875","162,77000427246094","8,088956832885742","45,05143356323242","377,4914245605469","39,27305603027344","27,153335571289062","157,81805419921875","393,1148376464844","98,86233520507812","44,209999084472656","430,7305908203125","507,97076416015625","19,030000686645508"
2024-08-08,"211,6728973388672","165,8000030517578","8,845120429992676","49,09585952758789","384,0625305175781","40,16606140136719","31,03644371032715","160,88624572753906","397,3179931640625","104,9194107055664","48,79999923706055","443,9070129394531","519,7137451171875","19,780000686645508"
2024-08-09,"214,5804443359375","166,94000244140625","9,203302383422852","50,44081497192383","384,67578125","40,38691329956055","32,428688049316406","162,51466369628906","400,60357666015625","104,69952392578125","50,9900016784668","446,22528076171875","522,0054931640625","20,579999923706055"
2024-08-12,"216,11038208007812","166,8000030517578","9,402292251586914","52,167327880859375","383,3323669433594","40,52134323120117","32,428688049316406","161,1444091796875","401,3830871582031","108,96745300292969","51,83000183105469","447,186279296875","522,2797241210938","21,440000534057617"
2024-08-13,"219,82598876953125","170,22999572753906","9,551536560058594","54,208614349365234","387,245849609375","40,9726448059082","32,58967971801758","163,00119018554688","408,48699951171875","116,08402252197266","51,70000076293945","458,28216552734375","530,868896484375","21,59000015258789"
2024-08-14,"220,27304077148438","170,10000610351562","9,889819145202637","55,677574157714844","389,48486328125","40,751792907714844","33,56519317626953","159,2379150390625","411,2989807128906","118,02310180664062","51,86000061035156","458,4307861328125","532,543701171875","21,600000381469727"
2024-08-15,"223,25347900390625","177,58999633789062","10,357446670532227","56,54560089111328","395,1213684082031","41,203102111816406","33,61255645751953","160,16140747070312","416,162109375","122,80078887939453","52,790000915527344","470,01220703125","541,6715698242188","21,780000686645508"
2024-08-16,"224,57481384277344","177,05999755859375","10,088809967041016","55,66813659667969","396,2778015136719","41,68320846557617","33,309478759765625","161,80967712402344","413,6317138671875","124,51996612548828","52,52000045776367","470,61651611328125","542,8860473632812","21,670000076293945"
2024-08-19,"224,41583251953125","178,22000122070312","10,34749698638916","56,81907653808594","398,5868835449219","42,08650207519531","33,498050689697266","165,4934844970703","416,65631103515625","129,93736267089844","52,869998931884766","476,7985534667969","548,0767822265625","21,790000915527344"
2024-08-20,"225,03176879882812","178,8800048828125","10,257951736450195","56,740379333496094","398,0509948730469","41,76002883911133","33,614097595214844","165,9998779296875","419,8885192871094","127,18869018554688","52,599998474121094","475,7979431152344","547,185546875","21,639999389648438"
2024-08-21,"224,92250061035156","180,11000061035156","9,99926471710205","55,107421875","398,4699401855469","41,92326736450195","32,75343322753906","164,6792755126953","419,23614501953125","128,4380645751953","51,59000015258789","478,0171203613281","549,0659790039062","21,1200008392334"
2024-08-22,"223,06471252441406","176,1300048828125","9,392343521118164","51,654598236083984","396,99884033203125","41,404747009277344","32,028167724609375","162,64373779296875","410,74542236328125","123,68036651611328","50,56999969482422","470,4382019042969","544,7567138671875","20,68000030517578"
2024-08-23,"225,359619140625","177,0399932861328","9,631132125854492","52,67765808105469","401,23687744140625","42,09610366821289","33,5367317199707","164,4508819580078","411,97113037109375","129,30764770507812","51,13999938964844","475,540283203125","550,5448608398438","21,06999969482422"
2024-08-26,"225,69740295410156","175,5","9,27294921875","51,87101745605469","402,1040954589844","41,74082565307617","32,67607116699219","164,98707580566406","408,7093200683594","126,39904022216797","50,810001373291016","470,9236145019531","549,2325439453125","21,31999969482422"
2024-08-27,"226,54183959960938","173,1199951171875","9,412242889404297","51,890689849853516","402,2696838378906","41,798439025878906","33,78815841674805","163,51751708984375","409,0552673339844","128,23817443847656","51,5","472,3304443359375","549,9866333007812","21,59000015258789"
2024-08-28,"225,0119171142578","170,8000030517578","9,412242889404297","51,67427444458008","400,7595520019531","41,5391731262207","34,0299186706543","161,7004852294922","405,8526916503906","125,54946899414062","51,970001220703125","466,9706726074219","546,7938232421875","21,729999542236328"
2024-08-29,"228,29039001464844","172,1199951171875","9,949517250061035","54,83198165893555","403,2634582519531","41,558380126953125","36,437828063964844","160,63800048828125","408,34356689453125","117,5333251953125","53,0","466,2871398925781","546,8427734375","22,440000534057617"
2024-08-30,"227,5055389404297","178,5","10,188304901123047","57,8126220703125","405,5042724609375","41,644798278808594","37,87870788574219","162,22671508789062","412,3171081542969","119,31248474121094","54,41999816894531","471,844970703125","552,0629272460938","23,700000762939453"
2024-09-03,"221,31619262695312","176,25","10,37734603881836","59,61280822753906","399,6976013183594","40,819007873535156","38,961795806884766","156,24920654296875","404,7061462402344","107,94795227050781","54,86000061035156","457,5193176269531","540,7020263671875","23,25"
2024-09-04,"219,40872192382812","173,3300018310547","11,41209602355957","63,4394416809082","399,86322021484375","40,809410095214844","40,847503662109375","155,34561157226562","404,1723327636719","106,1588134765625","56,68000030517578","456,3304443359375","539,5953979492188","24,040000915527344"
2024-09-05,"220,92874145507812","177,88999938964844","11,24295425415039","62,36720275878906","397,9535827636719","40,86702346801758","40,605751037597656","156,1300506591797","403,6683044433594","107,15833282470703","56,66999816894531","456,75653076171875","538,2828979492188","23,920000076293945"
2024-09-06,"219,37892150878906","171,38999938964844","10,94446849822998","61,05886459350586","394,0662841796875","40,118045806884766","39,72574996948242","149,8546600341797","397,0556335449219","102,78044128417969","56,18000030517578","444,521240234375","529,2235107421875","23,350000381469727"
2024-09-09,"219,46835327148438","175,39999389648438","11,004166603088379","62,80002975463867","398,52850341796875","40,454132080078125","40,89585876464844","147,85618591308594","401,02911376953125","106,41868591308594","57,7599983215332","450,23760986328125","535,1488647460938","23,270000457763672"
2024-09-10,"218,67355346679688","179,5500030517578","10,675830841064453","60,50798797607422","397,7586975097656","40,30049133300781","40,18024826049805","147,80648803710938","409,4111022949219","108,04788970947266","57,22999954223633","454,39862060546875","537,4797973632812","22,719999313354492"
2024-09-11,"221,20692443847656","184,52000427246094","10,874821662902832","62,95742416381836","398,7427978515625","40,59815979003906","41,737178802490234","150,29212951660156","418,1488952636719","116,85365295410156","58,689998626708984","464,26605224609375","542,9938354492188","22,81999969482422"
2024-09-12,"221,31619262695312","187,0","11,034013748168945","64,4329833984375","401,3734436035156","40,93423843383789","42,046634674072266","153,8018798828125","422,0630798339844","119,0927734375","58,9900016784668","468,8233337402344","547,5675659179688","23,110000610351562"
2024-09-13,"221,0479736328125","186,49000549316406","11,28275203704834","66,65617370605469","404,2669372558594","41,126285552978516","43,57453918457031","156,55596923828125","425,6115417480469","119,05278015136719","59,13999938964844","470,9236145019531","550,4273681640625","23,309999465942383"
2024-09-16,"214,90829467773438","184,88999938964844","11,272802352905273","66,14463806152344","406,6441650390625","41,26071548461914","42,86861038208008","157,15252685546875","426,3529052734375","116,73370361328125","58,7599983215332","468,8431396484375","551,2402954101562","23,8700008392334"
2024-09-17,"215,37521362304688","186,8800048828125","11,28275203704834","68,4170150756836","406,52728271484375","41,3087272644043","43,65190124511719","158,40528869628906","430,1188659667969","115,54417419433594","58,56999969482422","469,0907897949219","551,465576171875","23,649999618530273"
2024-09-18,"219,249755859375","186,42999267578125","11,690681457519531","69,70567321777344","405,4847717285156","41,16468811035156","44,60927200317383","158,89247131347656","425,82904052734375","113,32505798339844","59,439998626708984","467,0598449707031","549,8300170898438","23,559999465942383"
2024-09-19,"227,37637329101562","189,8699951171875","11,979217529296875","73,61100769042969","410,57049560546875","42,038490295410156","45,54729080200195","161,2091064453125","433,6178894042969","117,8232650756836","62,40999984741211","478,8691101074219","559,2124633789062","24,260000228881836"
2024-09-20,"226,71075439453125","191,60000610351562","11,790177345275879","72,85354614257812","410,9692077636719","41,95207214355469","45,09279251098633","162,65077209472656","430,23748779296875","115,95401000976562","61,86000061035156","477,9576721191406","558,245849609375","23,649999618530273"
2024-09-23,"224,9920654296875","193,8800048828125","11,511590003967285","70,5811767578125","411,4969482421875","42,27854537963867","44,12575149536133","160,92076110839844","428,4978332519531","116,21392059326172","59,97999954223633","479,2245788574219","559,640869140625","22,8799991607666"
2024-09-24,"225,88616943359375","193,9600067138672","11,362348556518555","68,07271575927734","412,49359130859375","43,71887969970703","42,897621154785156","161,35821533203125","424,2080383300781","120,82208251953125","60,18000030517578","481,5361328125","561,2421264648438","22,75"
2024-09-25,"224,89268493652344","192,52999877929688","10,8549222946167","65,65278625488281","409,55230712890625","43,257972717285156","41,70817184448242","160,56283569335938","427,1139831542969","123,4610366821289","59,400001525878906","481,98260498046875","560,0043334960938","22,350000381469727"
2024-09-26,"226,03518676757812","191,16000366210938","10,68578052520752","64,37397003173828","411,9952697753906","44,84233856201172","41,785526275634766","161,7957000732422","426,3232421875","123,9908218383789","58,2400016784668","485,60382080078125","562,2245483398438","22,059999465942383"
2024-09-27,"226,3034210205078","187,97000122070312","10,864871978759766","65,35768127441406","413,29486083984375","44,755916595458984","42,33673858642578","163,00869750976562","423,0712585449219","121,35187530517578","58,619998931884766","482,9053039550781","561,4090576171875","21,68000030517578"
2024-09-30,"231,4794464111328","186,3300018310547","10,317648887634277","62,46556854248047","413,4609680175781","44,03575134277344","40,702457427978516","164,89781188964844","425,32489013671875","121,39186096191406","60,040000915527344","484,21484375","563,6588134765625","21,209999084472656"
2024-10-01,"224,7337646484375","185,1300048828125","10,437043190002441","64,2165756225586","411,8779296875","44,35262680053711","41,01190185546875","166,03126525878906","415,8260498046875","116,95360565185547","61,029998779296875","477,46856689453125","558,6093139648438","21,670000076293945"
2024-10-02,"225,30001831054688","184,75999450683594","10,397244453430176","63,94113540649414","412,27862548828125","45,2264289855957","40,55739212036133","164,90774536132812","412,3072204589844","118,80288696289062","59,97999954223633","478,1432189941406","558,8450927734375","21,690000534057617"
2024-10-03,"224,197265625","181,9600067138672","11,034013748168945","66,13481140136719","410,3926696777344","44,68870544433594","41,978946685791016","164,90774536132812","411,7240295410156","122,80130004882812","62,119998931884766","477,78607177734375","557,8234252929688","22,360000610351562"
2024-10-04,"225,3199005126953","186,50999450683594","11,073812484741211","66,84307861328125","413,7443542480469","45,101600646972656","42,056297302246094","166,10086059570312","411,24957275390625","124,8704833984375","63,060001373291016","483,47076416015625","562,8924560546875","22,239999771118164"
2024-10-07,"220,2432403564453","180,8000030517578","10,755427360534668","64,49200439453125","410,0311584472656","45,47608184814453","41,118282318115234","162,04428100585938","404,80499267578125","127,66937255859375","61,02000045776367","478,2920227050781","557,8037109375","21,979999542236328"
2024-10-08,"224,29661560058594","182,72000122070312","11,262852668762207","67,84646606445312","411,1939392089844","44,35262680053711","42,72356033325195","163,4362335205078","409,9151611328125","132,83731079101562","61,72999954223633","485,43511962890625","563,0792236328125","22,100000381469727"
2024-10-09,"228,04200744628906","185,1699981689453","11,650884628295898","69,58763122558594","415,346923828125","44,11256790161133","45,04444122314453","160,9307098388672","412,63336181640625","132,597412109375","63,790000915527344","489,25469970703125","566,9793090820312","23,59000015258789"
2024-10-10,"227,54527282714844","186,64999389648438","11,879721641540527","72,00755310058594","414,9658203125","44,19898986816406","46,35960006713867","161,14942932128906","411,0321350097656","134,75656127929688","63,66999816894531","488,6991271972656","565,987060546875","24,25"
2024-10-11,"226,06500244140625","188,82000732421875","12,287652969360352","73,61100769042969","418,9429016113281","44,515865325927734","48,129276275634766","162,30279541015625","411,506591796875","134,74656677246094","64,97000122070312","489,4630432128906","569,3762817382812","24,8799991607666"
2024-10-14,"229,79052734375","187,5399932861328","11,959320068359375","72,97158813476562","421,05364990234375","44,33341979980469","47,810150146484375","164,01290893554688","414,2939758300781","138,01527404785156","64,87999725341797","493,5703430175781","574,0328979492188","25,25"
2024-10-15,"232,32388305664062","187,69000244140625","11,979217529296875","73,74871826171875","417,7801208496094","43,39240264892578","48,01323318481445","164,51004028320312","413,8985900878906","131,54783630371094","65,5999984741211","486,9729309082031","569,5728759765625","25,739999771118164"
2024-10-16,"230,26736450195312","186,88999938964844","11,28275203704834","69,14495849609375","420,8875427246094","43,728485107421875","47,22993087768555","164,21176147460938","411,30889892578125","135,66619873046875","64,36000061035156","487,03240966796875","572,0485229492188","24,8799991607666"
2024-10-17,"230,63499450683594","187,52999877929688","11,262852668762207","70,04013061523438","422,5780029296875","43,6612663269043","47,210594177246094","161,9945526123047","411,9019775390625","136,87570190429688","67,8499984741211","487,3697204589844","572,0975341796875","25,020000457763672"
2024-10-18,"233,4663543701172","188,99000549316406","11,501641273498535","71,56488800048828","422,9093933105469","44,09336471557617","48,95124816894531","162,4817352294922","413,32525634765625","137,94529724121094","67,62999725341797","490,5643005371094","574,2982177734375","25,0"
2024-10-21,"234,93670654296875","189,07000732421875","11,601136207580566","71,66325378417969","419,71295166015625","43,786094665527344","48,96092224121094","163,1280059814453","413,9381103515625","143,6530303955078","67,66000366210938","491,5068054199219","573,3550415039062","24,8700008392334"
2024-10-22,"234,32078552246094","189,6999969482422","11,531490325927734","71,2402572631836","419,6543273925781","43,6900749206543","48,8738899230957","164,19187927246094","422,56719970703125","143,5330810546875","67,66000366210938","492,04254150390625","573,0504760742188","24,81999969482422"
2024-10-23,"229,25405883789062","184,7100067138672","11,272802352905273","69,79420471191406","415,5976867675781","43,43081283569336","48,129276275634766","161,8454132080078","419,6908874511719","139,50466918945312","66,55999755859375","484,5025329589844","567,8143310546875","24,299999237060547"
2024-10-24,"229,0653076171875","186,3800048828125","12,307552337646484","75,5882568359375","414,2486572265625","43,36359786987305","51,185096740722656","161,7857666015625","419,8193359375","140,35433959960938","68,18000030517578","488,4312744140625","569,0423583984375","25,110000610351562"
2024-10-25,"229,8998260498047","187,8300018310547","13,382100105285645","78,11639404296875","411,66802978515625","43,32518768310547","52,11345291137695","164,32110595703125","423,19976806640625","141,48388671875","68,61000061035156","491,4075927734375","568,8458251953125","25,649999618530273"
2024-10-28,"231,8768310546875","188,38999938964844","13,740283012390137","77,82128143310547","414,5321350097656","43,51723098754883","52,326194763183594","165,76280212402344","421,6578674316406","140,46429443359375","67,0","491,4869384765625","570,6043701171875","25,510000228881836"
2024-10-29,"232,14508056640625","190,8300018310547","13,790029525756836","77,67371368408203","412,9974670410156","43,3828010559082","51,76531982421875","168,70578002929688","426,9559020996094","141,19400024414062","66,4000015258789","496,2093505859375","571,5277709960938","24,84000015258789"
2024-10-30,"228,5983428955078","192,72999572753906","13,501493453979492","76,75887298583984","412,2642517089844","42,960304260253906","50,53718566894531","173,4583740234375","427,5291748046875","139,28475952148438","66,73999786376953","492,459228515625","569,798828125","24,549999237060547"
2024-10-31,"224,4357147216797","186,39999389648438","13,700484275817871","76,95561218261719","408,2761535644531","42,68184280395508","50,98202896118164","170,1276092529297","401,65185546875","132,70736694335938","66,93000030517578","480,0281982421875","558,6289672851562","24,510000228881836"
2024-11-01,"221,4552764892578","197,92999267578125","13,710433959960938","74,41764068603516","410,9642639160156","42,72024917602539","50,21806716918945","170,30654907226562","405,6253356933594","135,34632873535156","66,0199966430664","483,57989501953125","560,9866943359375","25,3700008392334"
2024-11-04,"220,56114196777344","195,77999877929688","13,640787124633789","73,86676025390625","408,64752197265625","42,960304260253906","50,04399871826172","168,26834106445312","403,7373962402344","135,99607849121094","65,72000122070312","482,171142578125","559,7783203125","26,59000015258789"
2024-11-05,"221,99172973632812","199,5","14,02881908416748","74,20122528076172","412,80194091796875","43,54603576660156","50,08268737792969","168,76547241210938","406,7027282714844","139,8545379638672","67,69000244140625","488,3221435546875","566,5470581054688","27,489999771118164"
2024-11-06,"221,2665252685547","207,08999633789062","15,212810516357422","80,8314208984375","427,39617919921875","43,0083122253418","53,12883377075195","175,49658203125","415,3219299316406","145,55227661132812","69,2300033569336","501,5865783691406","580,6346435546875","28,25"
2024-11-07,"225,9954376220703","210,0500030517578","15,690387725830078","80,34941864013672","427,5526428222656","43,95893096923828","52,95477294921875","179,71224975585938","420,5112609863281","148,8209991455078","69,41999816894531","509,4836120605469","585,1241455078125","29,31999969482422"
2024-11-08,"225,72694396972656","208,17999267578125","15,292407035827637","77,93932342529297","430,21136474609375","42,87388610839844","52,04576110839844","177,32603454589844","417,6546630859375","147,5714569091797","70,16000366210938","510,07891845703125","587,65869140625","29,239999771118164"
2024-11-11,"223,01173400878906","206,83999633789062","15,491397857666016","77,83112335205078","433,046142578125","42,54741287231445","52,036094665527344","179,31455993652344","413,1770324707031","145,20240783691406","71,06999969482422","509,7813415527344","588,2186279296875","29,84000015258789"
2024-11-12,"223,01173400878906","208,91000366210938","15,680438995361328","78,4803695678711","429,5075988769531","41,74082565307617","52,94510269165039","180,57723999023438","418,13897705078125","148,23118591308594","71,69000244140625","508,85858154296875","586,3914184570312","29,790000915527344"
2024-11-13,"223,89691162109375","214,10000610351562","16,09832000732422","78,25411987304688","429,91815185546875","41,47195816040039","53,21586608886719","177,85299682617188","420,283935546875","146,21200561523438","73,97000122070312","508,203857421875","586,6763305664062","30,90999984741211"
2024-11-14,"226,98008728027344","211,47999572753906","15,959025382995605","77,7524185180664","427,8555603027344","41,24150848388672","52,90641784667969","174,57191467285156","421,9543762207031","146,7018280029297","75,83999633789062","504,6720275878906","582,9039306640625","32,2599983215332"
2024-11-15,"223,77757263183594","202,61000061035156","16,167964935302734","78,73612976074219","424,9955749511719","41,24150848388672","54,434329986572266","171,4996795654297","410,2018737792969","141,9237060546875","76,37999725341797","492,6476745605469","575,4376831054688","32,38999938964844"
2024-11-18,"226,78118896484375","201,6999969482422","17,59074592590332","83,0447769165039","424,68267822265625","41,712013244628906","57,209720611572266","174,29354858398438","410,9530334472656","140,09442138671875","80,0199966430664","496,0704650878906","577,7954711914062","34,939998626708984"
2024-11-19,"227,03973388671875","204,61000061035156","17,152965545654297","79,53292846679688","423,3621826171875","41,68320846557617","55,149940490722656","177,0973358154297","412,9595642089844","146,95172119140625","79,41000366210938","499,4832763671875","579,9075317382812","35,54999923706055"
2024-11-20,"227,75584411621094","202,8800048828125","17,481300354003906","80,46746063232422","424,7804260253906","41,63520050048828","55,75917053222656","174,96963500976562","410,6861877441406","145,83216857910156","81,88999938964844","499,19561767578125","580,1040649414062","37,16999816894531"
2024-11-21,"227,27845764160156","198,3800048828125","16,31720542907715","78,70661926269531","429,3579406738281","41,54877853393555","54,08620071411133","166,66758728027344","408,9133605957031","146,6118621826172","82,27999877929688","500,99127197265625","583,21826171875","37,470001220703125"
2024-11-22,"228,62110900878906","197,1199951171875","16,466449737548828","79,59195709228516","433,45623779296875","41,558380126953125","53,65103530883789","163,81405639648438","413,0037536621094","141,8937225341797","84,93000030517578","501,7948913574219","585,02587890625","40,029998779296875"
2024-11-25,"231,6048126220703","201,4499969482422","16,416702270507812","79,44440460205078","437,7598876953125","41,58718490600586","53,680049896240234","166,6874542236328","414,7765808105469","135,96607971191406","82,62999725341797","502,58856201171875","587,0103149414062","39,2599983215332"
2024-11-26,"233,7829132080078","207,86000061035156","16,804733276367188","82,43487548828125","439,0509948730469","41,41434860229492","54,85982894897461","168,14901733398438","423,8883972167969","136,86573791503906","83,93000030517578","505,2870788574219","590,0753784179688","40,029998779296875"
2024-11-27,"233,6536102294922","205,74000549316406","16,27741050720215","80,70355224609375","437,9359130859375","41,47195816040039","54,2602653503418","168,25839233398438","418,93634033203125","135,2863311767578","84,19999694824219","501,3087463378906","588,2874145507812","39,709999084472656"
2024-11-29,"236,04058837890625","207,88999938964844","16,496299743652344","83,51696014404297","440,2344055175781","41,5391731262207","54,57938766479492","167,97999572753906","419,4018249511719","138,19520568847656","85,58999633789062","505,7136535644531","591,9419555664062","40,29999923706055"
2024-12-02,"238,28831481933594","210,7100067138672","17,292259216308594","86,25167083740234","438,9140319824219","41,702415466308594","57,27741241455078","170,50540161132812","426,8498229980469","138,57504272460938","86,93000030517578","511,2198486328125","593,0029296875","40,220001220703125"
2024-12-03,"241,33164978027344","213,44000244140625","17,152965545654297","83,19233703613281","438,08270263671875","41,78883361816406","56,1943359375","170,35626220703125","427,0676574707031","140,20440673828125","87,0999984741211","512,7872924804688","593,2780151367188","40,150001525878906"
2024-12-04,"241,68971252441406","218,16000366210938","16,2276611328125","81,57905578613281","441,06585693359375","41,89445877075195","54,26993179321289","173,36886596679688","433,2280578613281","145,0824737548828","86,05999755859375","519,126953125","596,9619750976562","38,380001068115234"
2024-12-05,"241,7195587158203","220,5500030517578","16,645540237426758","84,52033996582031","438,8455810546875","42,17292022705078","56,31037521362305","171,6488037109375","438,37823486328125","145,0124969482422","87,0199966430664","517,6882934570312","595,9795532226562","38,459999084472656"
2024-12-06,"241,5206298828125","227,02999877929688","17,182815551757812","85,20893859863281","437,35882568359375","42,105709075927734","56,977638244628906","173,70693969726562","439,3191223144531","142,3933563232422","87,41999816894531","522,3214111328125","597,1093139648438","38,869998931884766"
2024-12-09,"245,40939331054688","226,08999633789062","17,33205795288086","84,53018188476562","435,3341369628906","42,969905853271484","56,35873031616211","174,56295776367188","441,7455749511719","138,7645263671875","87,86000061035156","518,2538452148438","594,034423828125","40,5099983215332"
2024-12-10,"246,4238739013672","225,0399932861328","16,536096572875977","82,78900909423828","433,97467041015625","42,27854537963867","56,039608001708984","184,31785583496094","439,0813903808594","135,0257568359375","86,7300033569336","516,48779296875","592,1875","40,650001525878906"
2024-12-11,"245,1508026123047","230,25999450683594","17,302209854125977","89,19296264648438","432,8204345703125","42,45138931274414","59,733680725097656","194,50079345703125","444,68719482421875","139,2643585205078","90,51000213623047","525,7343139648438","596,7655639648438","43,119998931884766"
2024-12-12,"246,6128387451172","228,97000122070312","17,26241111755371","88,12071990966797","430,6295471191406","42,24013900756836","59,54994583129883","191,07664489746094","445,251708984375","137,2949981689453","89,66000366210938","522,34130859375","593,6906127929688","43,959999084472656"
2024-12-13,"246,7819061279297","227,4600067138672","17,133066177368164","91,46533203125","429,74920654296875","42,27854537963867","60,26554489135742","188,94647216796875","442,983642578125","134,20602416992188","89,38999938964844","526,3394165039062","593,5728149414062","44,560001373291016"
2024-12-16,"249,6761016845703","232,92999267578125","19,122970581054688","105,0897216796875","428,77105712890625","42,048095703125","65,5262222290039","195,7550048828125","447,2622375488281","131,95675659179688","91,79000091552734","533,9190673828125","596,1072998046875","44,58000183105469"
2024-12-17,"252,1028289794922","231,14999389648438","19,113019943237305","104,52900695800781","426,0324401855469","41,9475212097168","66,45455932617188","194,52069091796875","450,1047058105469","130,3472900390625","90,69000244140625","531,5679321289062","593,6513061523438","44,880001068115234"
2024-12-18,"246,70236206054688","220,52000427246094","17,33205795288086","95,86251068115234","414,9309387207031","40,97108840942383","61,242252349853516","187,53298950195312","433,1983642578125","128,86778259277344","85,6500015258789","512,3905639648438","575,95849609375","41,689998626708984"
2024-12-19,"248,43287658691406","223,2899932861328","16,794782638549805","93,68851470947266","415,234130859375","41,1077880859375","59,2791748046875","187,64247131347656","432,841796875","130,63717651367188","84,97000122070312","510,108642578125","575,7815551757812","41,41999816894531"
2024-12-20,"253,10736083984375","224,9199981689453","18,20761489868164","95,1247329711914","420,3674011230469","41,27378463745117","61,49367904663086","190,52914428710938","432,4158935546875","134,65586853027344","85,91999816894531","514,5631713867188","582,6972045898438","42,02000045776367"
2024-12-23,"253,88311767578125","225,05999755859375","18,386707305908203","96,14779663085938","420,710693359375","41,50812530517578","61,02950668334961","193,73435974121094","431,078857421875","139,62423706054688","86,66999816894531","519,576416015625","586,1865844726562","42,439998626708984"
2024-12-24,"256,7972106933594","229,0500030517578","19,361757278442383","98,41032409667969","424,2518005371094","41,63506317138672","62,731483459472656","195,20751953125","435,1197204589844","140,174072265625","88,20999908447266","526,621826171875","592,7020874023438","42,790000915527344"
2024-12-26,"257,61273193359375","227,0500030517578","19,461254119873047","99,7678451538086","424,9482727050781","41,48860168457031","62,5864372253418","194,69989013671875","433,9114074707031","139,88417053222656","88,11000061035156","526,2640991210938","592,7415771484375","43,060001373291016"
2024-12-27,"254,2013702392578","223,75","19,58064842224121","98,59723663330078","421,7994384765625","41,303077697753906","62,18027877807617","191,87294006347656","426,4040832519531","136,96511840820312","88,38999938964844","519,2684326171875","586,5020141601562","42,63999938964844"
2024-12-30,"250,8297882080078","221,3000030517578","18,953828811645508","95,73463439941406","417,650146484375","40,97108840942383","60,74906539916992","190,3599395751953","420,7586975097656","137,4449462890625","87,76000213623047","512,3621215820312","579,80908203125","42,369998931884766"
2024-12-31,"249,05946350097656","219,38999938964844","18,96377944946289","95,18376159667969","417,3853454589844","40,834388732910156","60,26554489135742","188,42886352539062","417,4605712890625","134,2460174560547","87,94000244140625","508,0097961425781","577,6997680664062","42,5099983215332"
2025-01-02,"242,52517700195312","220,22000122070312","21,660099029541016","107,39159393310547","415,7177734375","40,77580261230469","66,53192138671875","188,5582733154297","414,568603515625","138,26470947265625","93,05999755859375","507,01605224609375","576,2803344726562","44,599998474121094"
2025-01-03,"242,03782653808594","224,19000244140625","22,147624969482422","108,95569610595703","419,01361083984375","41,1566162109375","67,80842590332031","190,9073944091797","419,29290771484375","144,4226837158203","93,54000091552734","515,3135375976562","583,4857788085938","44,060001373291016"
2025-01-06,"243,6688995361328","227,61000061035156","23,152524948120117","111,98551940917969","418,9842529296875","41,303077697753906","68,76577758789062","195,9640350341797","423,7497863769531","149,38104248046875","94,13999938964844","521,2359008789062","586,8469848632812","45,0099983215332"
2025-01-07,"240,89407348632812","222,11000061035156","22,84408950805664","113,96277618408203","417,2185363769531","41,01014709472656","69,83919525146484","194,59039306640625","418,3222961425781","140,09408569335938","94,77999877929688","511,9349060058594","580,2131958007812","46,029998779296875"
2025-01-08,"241,3813934326172","222,1300048828125","22,3366641998291","111,17887878417969","418,0032653808594","40,81486129760742","68,6594009399414","193,05746459960938","420,4913024902344","140,06410217285156","92,68000030517578","512,0243530273438","581,0609130859375","45,31999969482422"
2025-01-10,"235,56317138671875","218,94000244140625","23,301769256591797","111,98551940917969","411,33294677734375","40,1215934753418","69,68445587158203","191,15623474121094","414,9350280761719","135,86549377441406","94,87999725341797","503,9952392578125","572,1896362304688","45,849998474121094"
2025-01-13,"233,12649536132812","218,4600067138672","21,56060218811035","105,25694274902344","414,89373779296875","39,84819793701172","65,81631469726562","190,1309814453125","413,1919250488281","133,18637084960938","89,58000183105469","502,37548828125","573,0768432617188","44,5099983215332"
2025-01-14,"232,01258850097656","217,75999450683594","22,973434448242188","112,72329711914062","417,04193115234375","40,2973518371582","68,10819244384766","188,78720092773438","411,6865234375","131,71682739257812","93,22000122070312","501,8985290527344","573,8653564453125","45,0"
2025-01-15,"236,57765197753906","223,35000610351562","23,25202178955078","113,23483276367188","423,99676513671875","40,82462692260742","69,26863098144531","194,6501007080078","422,2245178222656","136,1953887939453","92,41999816894531","513,4453125","584,3038940429688","45,0"
2025-01-16,"227,0198516845703","220,66000366210938","22,605300903320312","109,81151580810547","423,3297424316406","40,77580261230469","67,59565734863281","192,0222625732422","420,5110778808594","133,5262451171875","89,01000213623047","509,84814453125","583,1802978515625","43,81999969482422"
2025-01-17,"228,7305145263672","225,94000244140625","21,779491424560547","102,74848175048828","426,5896301269531","41,098026275634766","64,85895538330078","195,09800720214844","424,91845703125","137,66490173339844","86,01000213623047","518,45361328125","589,0353393554688","42,709999084472656"
2025-01-21,"221,43040466308594","230,7100067138672","23,212223052978516","107,5096435546875","431,86895751953125","41,53742218017578","67,84711456298828","197,1385955810547","424,3935546875","140,78387451171875","89,11000061035156","521,4943237304688","594,4270629882812","43,349998474121094"
2025-01-22,"222,6139373779297","235,00999450683594","23,530607223510742","106,98827362060547","433,02691650390625","41,56671142578125","68,5240249633789","197,45712280273438","441,9239501953125","147,0218505859375","87,94999694824219","528,1620483398438","597,7686767578125","43,02000045776367"
2025-01-23,"222,44485473632812","235,4199981689453","22,784393310546875","103,60431671142578","437,05029296875","41,66435241699219","66,62863159179688","197,06890869140625","442,4289855957031","147,17178344726562","86,83999633789062","529,284912109375","601,03125","41,959999084472656"
2025-01-24,"221,5696258544922","234,85000610351562","22,426210403442383","102,65995788574219","435,81378173828125","41,93775939941406","65,98072814941406","199,28868103027344","439,804443359375","142,5732879638672","85,63999938964844","526,2938842773438","599,2766723632812","40,959999084472656"
2025-01-27,"228,61117553710938","235,4199981689453","21,092975616455078","96,0887680053711","438,7577209472656","41,17613983154297","62,634769439697266","190,92730712890625","430,39544677734375","118,38121032714844","82,83999633789062","510,9710998535156","590,7997436523438","39,619998931884766"
2025-01-28,"236,96551513671875","238,14999389648438","21,272064208984375","96,2560043334961","440,02362060546875","41,47883605957031","63,72753143310547","194,40126037597656","442,9143371582031","128,94775390625","81,30000305175781","518,5230712890625","595,8760986328125","38,86000061035156"
2025-01-29,"238,05955505371094","237,07000732421875","22,72469711303711","100,24986267089844","438,8165283203125","41,48860168457031","66,12577056884766","194,51075744628906","438,0909423828125","123,65947723388672","87,26000213623047","517,5492553710938","593,204833984375","40,0"
2025-01-30,"236,29916381835938","234,63999938964844","22,48590850830078","99,95475006103516","440,4259033203125","42,191627502441406","67,01544189453125","199,94561767578125","411,01300048828125","124,60917663574219","89,75","519,75537109375","596,3886108398438","40,47999954223633"
2025-01-31,"234,71778869628906","237,67999267578125","21,739694595336914","97,82992553710938","437,0600891113281","41,71317672729492","65,25543975830078","203,0811309814453","411,0823669433594","120,03067016601562","89,43000030517578","519,0000610351562","593,2147216796875","39,470001220703125"
2025-02-03,"226,7711944580078","237,4199981689453","21,401409149169922","94,32792663574219","435,96099853515625","41,410484313964844","63,03126525878906","200,303955078125","406,98199462890625","116,62179565429688","85,0199966430664","514,846435546875","589,2225952148438","38,47999954223633"
2025-02-04,"231,53518676757812","242,05999755859375","21,102924346923828","94,67222595214844","437,197509765625","42,15257263183594","63,26335906982422","205,43028259277344","408,4181213378906","118,61113739013672","86,43000030517578","521,1663818359375","593,17529296875","39,31999969482422"
2025-02-05,"231,2069549560547","236,1699981689453","20,913883209228516","91,15055084228516","440,27874755859375","42,045166015625","61,60005187988281","190,44955444335938","409,3293151855469","124,78910827636719","83,0","523,5313720703125","595,5803833007812","38,560001373291016"
2025-02-06,"231,95291137695312","238,8300018310547","22,257070541381836","97,55449676513672","438,99322509765625","42,220924377441406","64,45281219482422","190,71827697753906","411,8350524902344","128,63784790039062","86,2300033569336","526,2640991210938","597,6503295898438","39,33000183105469"
2025-02-07,"226,39329528808594","229,14999389648438","20,963632583618164","91,79979705810547","434,83251953125","42,18186569213867","61,49367904663086","184,48707580566406","405,8232116699219","129,79747009277344","80,66999816894531","519,6260986328125","592,1796875","37,790000915527344"
2025-02-10,"226,66207885742188","233,13999938964844","20,615398406982422","93,84590911865234","436,46142578125","42,689613342285156","60,96180725097656","185,61187744140625","408,2695617675781","133,5262451171875","80,66000366210938","525,916259765625","596,2013549804688","38,0"
2025-02-11,"231,61053466796875","232,75999450683594","19,053325653076172","87,99283599853516","437,7666320800781","42,523616790771484","56,677852630615234","184,46719360351562","407,49700927734375","132,7565155029297","77,26000213623047","524,6641845703125","596,65478515625","36,099998474121094"
2025-02-12,"235,84210205078125","228,92999267578125","19,30206298828125","89,28150177001953","435,3329772949219","42,75796127319336","56,17499542236328","182,7650604248047","405,1200256347656","131,0970458984375","78,16000366210938","524,97216796875","594,732666015625","36,2599983215332"
2025-02-13,"240,48187255859375","230,3699951171875","20,068174362182617","90,68820190429688","438,8950500488281","43,0313606262207","57,09368133544922","185,28343200683594","406,60565185546875","135,24566650390625","80,56999969482422","532,5244140625","601,0115356445312","37,13999938964844"
2025-02-14,"243,53855895996094","228,67999267578125","20,16767120361328","90,66853332519531","437,4526062011719","43,36334991455078","56,8615837097168","184,37757873535156","404,5158386230469","138,8045196533203","80,81999969482422","534,7601928710938","600,9820556640625","37,220001220703125"
2025-02-18,"243,4091339111328","226,64999389648438","19,680145263671875","91,14071655273438","437,5801696777344","43,636749267578125","57,287086486816406","182,92431640625","405,71429443359375","139,35433959960938","81,11000061035156","535,9724731445312","602,7464599609375","37,15999984741211"
2025-02-19,"243,80735778808594","226,6300048828125","19,759740829467773","89,33068084716797","438,316162109375","43,568397521972656","57,58686447143555","184,41741943359375","410,7951354980469","139,18438720703125","80,8499984741211","536,12158203125","604,1658325195312","37,11000061035156"
2025-02-20,"244,76321411132812","222,8800048828125","20,227367401123047","92,22278594970703","434,1162414550781","43,96873474121094","59,037418365478516","183,71067810058594","412,968505859375","140,06410217285156","81,47000122070312","533,8460083007812","601,6522827148438","38,38999938964844"
2025-02-21,"244,48443603515625","216,5800018310547","19,252315521240234","88,2092514038086","426,66583251953125","43,84180450439453","56,977638244628906","178,83323669433594","405,108642578125","134,38595581054688","80,51000213623047","522,7662353515625","591,361572265625","37,060001373291016"
2025-02-24,"246,0277099609375","212,7100067138672","18,784687042236328","86,56645965576172","427,03936767578125","43,16806411743164","56,22334671020508","178,42510986328125","400,9306335449219","130,23733520507812","79,31999969482422","516,5953369140625","588,6705932617188","36,380001068115234"
2025-02-25,"245,9679718017578","212,8000030517578","18,844385147094727","85,07122039794922","428,6116638183594","43,197357177734375","55,74949645996094","174,61273193359375","394,876953125","126,5885238647461","77,0","510,0865783691406","585,7430419921875","35,41999816894531"
2025-02-26,"239,31695556640625","214,35000610351562","18,923980712890625","86,49759674072266","426,8525390625","43,626983642578125","57,151695251464844","171,93511962890625","396,6930847167969","131,23699951171875","77,08999633789062","511,3187561035156","586,038818359375","35,68000030517578"
2025-02-27,"236,27024841308594","208,74000549316406","17,998676300048828","78,99189758300781","424,8968505859375","42,77749252319336","53,670379638671875","167,72459411621094","389,5477600097656","120,11064910888672","73,44000244140625","497,1188049316406","576,6843872070312","34,45000076293945"
2025-02-28,"240,79054260253906","212,27999877929688","18,665292739868164","82,42504119873047","430,8130798339844","42,191627502441406","55,33367156982422","169,4963836669922","393,973876953125","124,87908172607422","76,80999755859375","504,96905517578125","585,6839599609375","35,04999923706055"
2025-03-03,"236,9970703125","205,02000427246094","18,61554527282715","81,09703826904297","424,64141845703125","41,82059097290039","54,6954345703125","166,24143981933594","385,5384521484375","114,02263641357422","76,33000183105469","493,9190979003906","575,4227905273438","34,290000915527344"
2025-03-04,"234,9061737060547","203,8000030517578","18,26731300354004","80,51663970947266","418,23382568359375","42,17210006713867","53,960487365722656","170,13343811035156","385,65753173828125","115,9520034790039","75,70999908447266","492,4284973144531","568,6116333007812","33,5"
2025-03-05,"234,7169952392578","208,36000061035156","18,923980712890625","84,38262176513672","423,04931640625","43,431697845458984","56,426422119140625","172,2238006591797","397,9732666015625","117,26158142089844","77,80999755859375","498,84783935546875","574,7229614257812","34,13999938964844"
2025-03-06,"234,30877685546875","200,6999969482422","18,43645477294922","81,33312225341797","418,55810546875","43,158302307128906","54,946861267089844","171,55686950683594","393,8746643066406","110,53378295898438","77,9000015258789","485,12481689453125","564,5209350585938","33,40999984741211"
2025-03-07,"238,03256225585938","199,25","18,734939575195312","83,86125946044922","420,8774108886719","43,373111724853516","55,73016357421875","173,05992126464844","390,3218688964844","112,65309143066406","79,11000061035156","488,6922302246094","567,6849975585938","33,38999938964844"
2025-03-10,"226,4928436279297","194,5399932861328","17,133066177368164","78,89351654052734","412,25860595703125","42,33809280395508","52,326194763183594","165,2968292236328","377,2717590332031","106,94495391845703","74,72000122070312","469,7523193359375","552,5643920898438","31,559999465942383"
2025-03-11,"219,8816680908203","196,58999633789062","17,342008590698242","80,29039764404297","407,5904541015625","42,689613342285156","52,59696960449219","163,47314453125","377,5595703125","108,72437286376953","75,9000015258789","468,6294250488281","547,9710083007812","31,889999389648438"
2025-03-12,"216,0384063720703","198,88999938964844","18,486202239990234","83,63500213623047","406,8140869140625","42,923954010009766","55,875221252441406","166,53256225585938","380,3581237792969","115,71273803710938","80,45999908447266","473,9158935546875","550,8787841796875","33,88999938964844"
2025-03-13,"208,77008056640625","193,88999938964844","18,088220596313477","81,27410125732422","401,7331848144531","42,74819564819336","55,25631332397461","162,1975860595703","375,8923034667969","115,55277252197266","78,66000366210938","465,38995361328125","543,5353393554688","33,709999084472656"
2025-03-14,"212,5635528564453","197,9499969482422","18,87423324584961","83,84159088134766","408,19976806640625","43,52934265136719","57,46115493774414","164,91815185546875","385,6079406738281","121,6413345336914","82,44000244140625","476,63861083984375","554,762451171875","35,779998779296875"
2025-03-17,"213,07135009765625","195,74000549316406","18,327009201049805","81,74628448486328","411,98345947265625","44,27143096923828","56,37806701660156","163,7222900390625","385,7468566894531","119,50183868408203","80,23999786376953","479,72900390625","559,0404663085938","36,18000030517578"
2025-03-18,"211,76702880859375","192,82000732421875","17,540998458862305","76,68017578125","409,34967041015625","44,046852111816406","53,00312042236328","160,11480712890625","380,60626220703125","115,4028091430664","75,9000015258789","471,5508728027344","552,998046875","33,790000915527344"
2025-03-19,"214,30596923828125","195,5399932861328","18,70509147644043","81,5888900756836","413,17254638671875","44,154258728027344","55,817195892333984","163,3236846923828","384,8735656738281","117,4923095703125","79,94999694824219","477,8608703613281","559,020751953125","35,47999954223633"
2025-03-20,"213,17091369628906","194,9499969482422","18,336959838867188","78,58857727050781","412,877685546875","43,74415969848633","54,50202560424805","162,23745727539062","383,9010314941406","118,50206756591797","79,5","476,24114990234375","557,4041748046875","35,529998779296875"
2025-03-21,"217,3228302001953","196,2100067138672","18,923980712890625","80,98882293701172","413,1740417480469","43,52934265136719","56,62949752807617","163,42335510253906","388,2874450683594","117,6722640991211","82,37999725341797","477,8111877441406","557,5880737304688","36,529998779296875"
2025-03-24,"219,7721405029297","203,25999450683594","18,914030075073242","79,87723541259766","418,9538879394531","43,72462463378906","55,83654022216797","167,1005859375","390,0935974121094","121,38140106201172","82,4800033569336","488,29644775390625","567,5735473632812","36,16999816894531"
2025-03-25,"222,77902221679688","205,7100067138672","19,799537658691406","83,23168182373047","419,2788391113281","43,597694396972656","57,006649017333984","169,9706268310547","392,1578063964844","120,66156768798828","84,06999969482422","491,0829162597656","568,93798828125","37,66999816894531"
2025-03-26,"220,5686798095703","201,1300048828125","19,48115348815918","81,47084045410156","417,7132873535156","43,33405685424805","55,875221252441406","164,4896240234375","387,0072326660156","113,73320007324219","81,87999725341797","482,04669189453125","562,1458740234375","37,25"
2025-03-27,"222,8786163330078","201,36000061035156","19,043373107910156","78,86400604248047","416,4430847167969","43,54887008666992","54,5600471496582","161,67938232421875","387,6125793457031","111,40374755859375","80,80000305175781","479,3000183105469","560,6528930664062","37,369998931884766"
2025-03-28,"216,9544219970703","192,72000122070312","18,63544464111328","77,10316467285156","409,23553466796875","42,738433837890625","53,94114685058594","153,7967071533203","375,9220886230469","109,64415740966797","79,44999694824219","466,6810607910156","549,3623657226562","36,0"
2025-03-31,"221,1660614013672","190,25999450683594","18,02852439880371","74,2799301147461","413,4301452636719","42,670082092285156","52,674339294433594","154,10565185546875","372,5379943847656","108,35446166992188","77,19999694824219","466,6611633300781","553,0501098632812","35,040000915527344"
2025-04-01,"222,22145080566406","192,1699981689453","18,25736427307129","75,44070434570312","413,1445617675781","42,80678176879883","53,38993453979492","156,52725219726562","379,2863464355469","110,12405395507812","78,7699966430664","470,4229736328125","554,6121826171875","35,5"
2025-04-02,"222,91842651367188","196,00999450683594","18,426504135131836","75,49972534179688","415,54705810546875","42,8653678894043","53,37059783935547","156,49734497070312","379,2367248535156","110,39398193359375","78,22000122070312","473,8563232421875","558,1219482421875","35,5"
2025-04-03,"202,30825805664062","178,41000366210938","17,769838333129883","73,39459228515625","398,9952392578125","41,95729064941406","51,852352142333984","150,19920349121094","370,2752990722656","101,7760238647461","74,73999786376953","448,4891357421875","530,6173095703125","33,54999923706055"
2025-04-04,"187,56253051757812","171,0","15,720236778259277","66,6364974975586","377,333251953125","39,62361526489258","46,64971160888672","145,09689331054688","357,10614013671875","94,28778076171875","68,58000183105469","420,6339416503906","499,5533447265625","30,0"
2025-04-07,"180,6725616455078","175,25999450683594","14,864577293395996","63,82308578491211","373,7393493652344","38,149200439453125","43,816307067871094","146,242919921875","355,14117431640625","97,61698913574219","64,66000366210938","421,6490478515625","498,6635437011719","28,489999771118164"
2025-04-08,"171,6717987060547","170,66000366210938","14,934224128723145","64,27558898925781","370,6968078613281","37,61216354370117","44,1644287109375","144,19998168945312","351,8662414550781","96,27731323242188","62,849998474121094","414,0557861328125","490,85308837890625","27,15999984741211"
2025-04-09,"197,98709106445312","191,10000610351562","16,47640037536621","72,85354614257812","399,8420715332031","40,219234466552734","50,45014953613281","158,16159057617188","387,52325439453125","114,30307006835938","69,56999969482422","463,75518798828125","542,4021606445312","29,59000015258789"
2025-04-10,"189,5936737060547","181,22000122070312","15,978923797607422","70,33525085449219","389,601806640625","39,525970458984375","47,307289123535156","152,2919464111328","378,4527282714844","107,5446548461914","65,05999755859375","444,0306701660156","518,6346435546875","27,579999923706055"
2025-04-11,"197,29013061523438","184,8699951171875","17,700191497802734","77,56551361083984","395,73614501953125","40,76604080200195","52,09410858154297","156,59701538085938","385,498779296875","110,90386199951172","69,58999633789062","452,21112060546875","527,8886108398438","30,030000686645508"
2025-04-14,"201,6411590576172","182,1199951171875","20,257217407226562","89,51758575439453","399,1922302246094","41,1370849609375","59,40488815307617","158,5203399658203","384,8636474609375","110,68391418457031","76,91000366210938","455,27630615234375","533,0098266601562","33,130001068115234"
2025-04-15,"201,2628173828125","179,58999633789062","19,779638290405273","87,19603729248047","397,50848388671875","41,098026275634766","57,5675163269043","155,76986694335938","382,7994384765625","112,1735610961914","75,22000122070312","455,7838134765625","531,516845703125","31,84000015258789"
2025-04-16,"193,4269561767578","174,3300018310547","20,127872467041016","88,75029754638672","390,675048828125","40,61957550048828","58,060707092285156","152,8001708984375","368,7867126464844","104,46538543701172","76,2699966430664","442,0403137207031","519,7023315429688","32,4900016784668"
2025-04-17,"196,12521362304688","172,61000061035156","20,16767120361328","89,82254028320312","385,5396728515625","40,932029724121094","59,90774917602539","150,63766479492188","364,9858093261719","101,46607971191406","78,25","441,960693359375","520,44384765625","33,08000183105469"
2025-04-21,"192,32177734375","167,32000732421875","19,700042724609375","87,42229461669922","375,9444274902344","40,92226791381836","58,48619842529297","147,1597137451172","356,3916015625","96,88717651367188","74,62000274658203","431,02362060546875","508,05584716796875","31,81999969482422"
2025-04-22,"198,87322998046875","173,17999267578125","20,67509651184082","91,6522445678711","386,0420227050781","41,53742218017578","60,84576416015625","150,94659423828125","364,0331115722656","98,86669921875","77,30000305175781","442,3388671875","521,2744140625","33,0"
2025-04-23,"203,71212768554688","180,60000610351562","21,29196548461914","93,3442153930664","390,0220031738281","42,015872955322266","62,26731491088867","154,81320190429688","371,5456237792969","102,68580627441406","77,31999969482422","452,3703308105469","529,3516845703125","32,650001525878906"
2025-04-24,"207,46575927734375","186,5399932861328","20,8641357421875","91,33745574951172","395,0165710449219","42,50408935546875","61,15522003173828","158,72959899902344","384,3575134277344","106,40491485595703","76,05000305175781","465,0987243652344","540,4940185546875","32,2400016784668"
2025-04-25,"208,371826171875","188,99000549316406","21,092975616455078","92,26213836669922","395,0559387207031","42,42597198486328","61,31961441040039","161,40036010742188","388,8729553222656","110,98385620117188","76,38999938964844","470,2835998535156","544,3992919921875","32,0"
2025-04-28,"209,22808837890625","187,6999969482422","20,60544776916504","90,12748718261719","396,2873229980469","42,50408935546875","60,20752716064453","160,0550079345703","388,188232421875","108,70438385009766","74,02999877929688","470,13433837890625","544,60693359375","31,450000762939453"
2025-04-29,"210,29347229003906","187,38999938964844","20,714893341064453","88,98638153076172","399,1836242675781","42,62126159667969","59,45323944091797","159,60658264160156","391,0462951660156","108,99431610107422","73,52999877929688","473,2393493652344","548,0375366210938","31,1299991607666"
2025-04-30,"211,57785034179688","184,4199981689453","20,107973098754883","87,0779800415039","400,2968444824219","42,728668212890625","58,408843994140625","158,2512664794922","392,2570495605469","108,89433288574219","70,98999786376953","473,1795959472656","548,2550048828125","29,799999237060547"
2025-05-01,"212,39430236816406","190,1999969482422","19,540851593017578","83,87109375","401,3608093261719","42,718902587890625","56,755210876464844","160,74264526367188","422,16802978515625","111,58370208740234","70,25","479,3596496582031","552,1405639648438","29,239999771118164"
2025-05-02,"204,45889282226562","189,97999572753906","19,381656646728516","81,84465026855469","406,897216796875","43,93944549560547","56,2426872253418","163,4632110595703","431,9729919433594","114,47303009033203","71,22000122070312","486,4752197265625","560,3366088867188","29,09000015258789"
2025-05-05,"198,02691650390625","186,35000610351562","19,003576278686523","81,38230895996094","406,1288146972656","44,27143096923828","55,459388732910156","163,642578125","432,856201171875","113,7931900024414","68,93000030517578","483,5892028808594","557,1234130859375","28,100000381469727"
2025-05-06,"197,6485595703125","185,00999450683594","19,560749053955078","84,844970703125","402,1686096191406","44,095672607421875","56,368404388427734","162,66595458984375","430,0179443359375","113,51325988769531","71,44999694824219","479,09100341796875","552,466796875","30,18000030517578"
2025-05-07,"195,3983612060547","188,7100067138672","19,789588928222656","84,99252319335938","404,9367370605469","43,587928771972656","56,426422119140625","150,85691833496094","430,0576477050781","117,03242492675781","71,6500015258789","480,97186279296875","554,7901611328125","30,270000457763672"
2025-05-08,"196,63299560546875","192,0800018310547","19,928882598876953","85,53356170654297","407,7247009277344","43,55863571166992","56,5037841796875","153,7468719482422","434,8410339355469","117,34236145019531","72,36000061035156","485,9378662109375","558,6558227539062","30,84000015258789"
2025-05-09,"197,66848754882812","193,05999755859375","20,297014236450195","86,63532257080078","406,28643798828125","43,851566314697266","56,87126159667969","152,22218322753906","435,3967590332031","116,62252044677734","75,44000244140625","485,6194152832031","557,9440307617188","32,70000076293945"
2025-05-12,"210,15048217773438","208,63999938964844","21,222318649291992","91,16038513183594","417,9207763671875","44,7987060546875","59,62730407714844","157,91244506835938","445,8467712402344","122,97103118896484","81,26000213623047","505,4036560058594","576,3826293945312","35,529998779296875"
2025-05-13,"212,28399658203125","211,3699951171875","21,829240798950195","91,48500061035156","415,2412109375","44,87681579589844","60,410606384277344","158,97874450683594","445,72772216796875","129,89938354492188","83,7300033569336","513,1063232421875","580,1889038085938","35,90999984741211"
2025-05-14,"211,68582153320312","210,25","22,048128128051758","92,86219787597656","414,2955017089844","45,218570709228516","60,64268493652344","164,79855346679688","449,4988098144531","135,30810546875","84,0999984741211","516,1815185546875","580,930419921875","36,2400016784668"
2025-05-15,"210,80850219726562","205,1699981689453","21,29196548461914","90,62918090820312","417,18194580078125","45,19904327392578","59,753021240234375","163,39344787597656","450,5129089355469","134,79823303222656","82,30000305175781","516,7487182617188","583,7679443359375","35,77000045776367"
2025-05-16,"210,61907958984375","205,58999633789062","21,311864852905273","90,96363830566406","420,5260009765625","45,16974639892578","59,975440979003906","165,61572265625","451,6463623046875","135,36810302734375","82,2699966430664","518,997802734375","587,465576171875","35,880001068115234"
2025-05-19,"208,14659118652344","206,16000366210938","22,237171173095703","94,96734619140625","421,9949951171875","45,267391204833984","61,60005187988281","165,96450805664062","456,2197570800781","135,53805541992188","85,06999969482422","519,4954833984375","588,1082153320312","36,90999984741211"
2025-05-20,"206,232421875","204,07000732421875","21,869035720825195","93,73770904541016","420,94012451171875","45,218570709228516","61,52268981933594","163,41336059570312","455,5238342285156","134,3483428955078","84,76000213623047","517,7638549804688","586,130859375","36,5"
2025-05-21,"201,47689819335938","201,1199951171875","21,7098445892334","91,42598724365234","412,836181640625","45,10139846801758","59,84972381591797","167,9775390625","449,9561462402344","131,76895141601562","81,44999694824219","510,5686340332031","576,2540893554688","35,93000030517578"
2025-05-22,"200,74911499023438","203,10000610351562","21,17257308959961","91,48500061035156","412,9051818847656","44,954933166503906","60,27521896362305","170,27955627441406","452,2329406738281","132,7987060546875","81,48999786376953","511,5240478515625","576,4814453125","36,119998931884766"
2025-05-23,"194,6775665283203","200,99000549316406","21,54070472717285","92,78350830078125","410,45037841796875","45,14045715332031","60,78774642944336","167,88784790039062","447,5799560546875","131,25906372070312","82,36000061035156","506,78692626953125","572,5465698242188","36,52000045776367"
2025-05-27,"199,60260009765625","206,02000427246094","20,913883209228516","90,45211029052734","417,8641662597656","45,03304672241211","59,337196350097656","172,30255126953125","458,02923583984375","135,4680633544922","81,27999877929688","518,7091674804688","584,4501342773438","36,56999969482422"
2025-05-28,"199,8119659423828","204,72000122070312","20,68504524230957","88,3076171875","415,4684753417969","44,82799530029297","58,59257507324219","171,764404296875","454,7184753417969","134,7782440185547","81,4000015258789","516,4103393554688","581,06884765625","36,959999084472656"
2025-05-29,"199,34336853027344","205,6999969482422","19,530900955200195","83,31037902832031","416,4937744140625","44,99399185180664","56,25235366821289","171,26614379882812","456,0308837890625","139,15721130371094","78,19000244140625","517,4254760742188","583,362548828125","36,2599983215332"
2025-05-30,"200,24066162109375","205,00999450683594","19,560749053955078","83,13331604003906","416,8782653808594","44,44718933105469","56,136314392089844","171,1465606689453","457,7011413574219","135,09817504882812","76,66999816894531","516,6094360351562","582,7101440429688","35,380001068115234"
2025-06-02,"201,08807373046875","206,64999389648438","18,754838943481445","80,97898864746094","417,7261047363281","44,7694091796875","54,77280044555664","168,4459228515625","459,3018798828125","137,34764099121094","75,16999816894531","520,689697265625","585,9925537109375","34,619998931884766"
2025-06-03,"202,6533203125","205,7100067138672","18,85433578491211","80,62484741210938","419,9936218261719","44,87681579589844","54,995304107666016","165,6057586669922","460,29608154296875","141,1867218017578","76,66999816894531","524,7599487304688","589,3341064453125","35,31999969482422"
2025-06-04,"202,20468139648438","207,22999572753906","17,481300354003906","74,71275329589844","418,93878173828125","45,43338394165039","52,34269714355469","167,4693145751953","461,19085693359375","141,88656616210938","71,62999725341797","526,222900390625","589,1759643554688","33,61000061035156"
2025-06-05,"200,0213165283203","207,91000366210938","17,32210922241211","74,74227905273438","417,982421875","45,667728424072266","52,8382453918457","167,62875366210938","464,9788513183594","139,95703125","73,62999725341797","522,2620239257812","586,3285522460938","33,880001068115234"
2025-06-06,"203,30133056640625","213,57000732421875","17,86933135986328","75,2538070678711","422,3302001953125","45,81419372558594","53,75159454345703","173,07984924316406","467,66326904296875","141,6865997314453","74,30999755859375","527,3673706054688","592,3495483398438","34,27000045776367"
2025-06-09,"200,8388214111328","216,97999572753906","17,62059211730957","74,59471130371094","422,3104553222656","46,20476531982422","52,48845291137695","175,6939697265625","470,0196228027344","142,59640502929688","73,0","528,1435546875","592,8834228515625","33,709999084472656"
2025-06-10,"202,0551300048828","217,61000061035156","18,277263641357422","77,14252471923828","423,54278564453125","46,46840286254883","55,70460891723633","178,1983184814453","468,2001953125","143,92608642578125","76,0199966430664","531,63671875","596,2449951171875","36,290000915527344"
2025-06-11,"198,1769256591797","213,1999969482422","17,8394832611084","75,53907775878906","423,532958984375","46,663692474365234","54,606651306152344","176,95114135742188","469,8903503417969","142,80625915527344","75,80999755859375","529,8452758789062","594,5443725585938","35,91999816894531"
2025-06-12,"198,5956573486328","213,24000549316406","18,665292739868164","76,67034149169922","424,4103698730469","46,74180221557617","54,548343658447266","175,30484008789062","476,1042785644531","144,9759063720703","76,5","531,0892944335938","596,9072265625","36,209999084472656"
2025-06-13,"195,85400390625","212,10000610351562","17,82953453063965","72,98143768310547","416,83880615234375","45,999717712402344","53,12002182006836","174,2771453857422","472,2168273925781","141,9464111328125","74,4800033569336","524,421630859375","590,2338256835938","36,290000915527344"
2025-06-16,"197,81802368164062","216,10000610351562","17,242511749267578","72,1944580078125","420,2598571777344","46,56364440917969","52,95484161376953","176,37245178222656","476,3727111816406","144,66595458984375","73,77999877929688","531,71630859375","595,8494873046875","35,47999954223633"
2025-06-17,"195,0464630126953","214,82000732421875","17,0733699798584","71,74195861816406","417,1346130371094","45,952392578125","52,8090934753418","175,5542755126953","475,279052734375","144,09603881835938","73,27999877929688","526,5313110351562","590,7578735351562","35,43000030517578"
2025-06-18,"195,9835968017578","212,52000427246094","16,934078216552734","71,59439849853516","416,8684387207031","45,94253158569336","52,61476516723633","172,93020629882812","477,4663391113281","145,455810546875","73,19999694824219","526,4417724609375","590,6688232421875","35,279998779296875"
2025-06-20,"200,3902130126953","209,69000244140625","16,516197204589844","69,26300811767578","416,986083984375","45,67634582519531","50,52572250366211","166,2652130126953","474,6427307128906","143,8260955810547","70,80000305175781","524,292236328125","589,2816162109375","34,68000030517578"
2025-06-23,"200,888671875","208,47000122070312","16,21771240234375","67,93499755859375","420,9012145996094","46,05097961425781","48,941932678222656","164,81846618652344","483,1930847167969","144,1460418701172","70,62000274658203","529,6832275390625","595,1022338867188","33,790000915527344"
2025-06-24,"199,6923065185547","212,77000427246094","17,351957321166992","72,15511322021484","425,9138488769531","47,2439079284668","51,18644332885742","166,3949432373047","487,279296875","147,87539672851562","72,2300033569336","537,7831420898438","601,6764526367188","34,349998474121094"
2025-06-25,"200,948486328125","211,99000549316406","16,854482650756836","69,88274383544922","424,9943542480469","47,28334426879883","50,20507049560547","170,29611206054688","489,4268798828125","154,28436279296875","69,88999938964844","539,157958984375","602,0136108398438","33,060001373291016"
2025-06-26,"200,3902130126953","217,1199951171875","16,794782638549805","70,61068725585938","429,0182800292969","47,59883117675781","50,47713851928711","173,1497039794922","494,57696533203125","154,99423217773438","70,31999969482422","544,19921875","606,7236328125","33,380001068115234"
2025-06-27,"200,469970703125","223,3000030517578","16,894277572631836","70,42378234863281","433,0422058105469","47,4115104675293","50,20507049560547","178,1284637451172","493,07568359375","157,72378540039062","70,31999969482422","546,0623779296875","609,738037109375","33,33000183105469"
2025-06-30,"204,5475311279297","219,38999938964844","16,376903533935547","69,06626892089844","435,6622009277344","47,55939865112305","48,96136474609375","175,8336639404297","494,5372009277344","157,96376037597656","69,37999725341797","549,5991821289062","612,6533813476562","31,450000762939453"
2025-07-01,"207,18951416015625","220,4600067138672","16,12816619873047","68,28913116455078","439,854248046875","47,648128509521484","48,57271194458008","175,44451904296875","489,2081298828125","153,2745361328125","68,7699966430664","544,9664306640625","612,455078125","31,450000762939453"
2025-07-02,"211,7954864501953","219,9199981689453","16,2276611328125","68,36782836914062","439,67633056640625","47,85516357421875","48,95165252685547","178,23822021484375","488,2536926269531","157,22386169433594","70,04000091552734","548,7623291015625","615,2315063476562","32,040000915527344"
2025-07-03,"212,90211486816406","223,41000366210938","16,2873592376709","68,85968017578125","443,0180358886719","48,07205581665039","49,563785552978516","179,126220703125","495,95892333984375","159,3135223388672","71,95999908447266","554,1622924804688","620,0803833007812","32,279998779296875"
2025-07-07,"209,31304931640625","223,47000122070312","15,401851654052734","65,29865264892578","438,9743957519531","47,39179229736328","46,97920608520508","176,39239501953125","494,84539794921875","158,21371459960938","69,05999755859375","549,98779296875","615,4595336914062","30,899999618530273"
2025-07-08,"209,3728485107422","219,36000061035156","16,257511138916016","69,79420471191406","437,3726501464844","47,68756103515625","49,252864837646484","173,96786499023438","493,751708984375","159,97341918945312","74,83000183105469","550,2966918945312","615,1224365234375","33,04999923706055"
2025-07-09,"210,4994354248047","222,5399932861328","15,988873481750488","69,04659271240234","439,4884338378906","47,60869216918945","48,562992095947266","176,2227783203125","500,6019592285156","162,85293579101562","70,62999725341797","554,192138671875","618,8110961914062","31,90999984741211"
2025-07-10,"211,7655792236328","222,25999450683594","15,461548805236816","66,96112060546875","441,446044921875","47,736854553222656","47,32899856567383","177,2205047607422","498,58367919921875","164,07273864746094","70,56999969482422","553,3951416015625","620,5563354492188","31,799999237060547"
2025-07-11,"210,51937866210938","225,02000427246094","14,585990905761719","64,6985855102539","438,5492248535156","47,5791130065918","45,764644622802734","179,7847442626953","500,4130554199219","164,89259338378906","68,5199966430664","552,1498413085938","618,3748168945312","30,969999313354492"
2025-07-14,"207,987060546875","225,69000244140625","14,655637741088867","64,51168823242188","439,5477294921875","47,648128509521484","45,463436126708984","181,1516571044922","500,1147766113281","164,04273986816406","71,0199966430664","554,15234375","619,5547485351562","31,079999923706055"
2025-07-15,"208,4755859375","226,35000610351562","15,023770332336426","65,17076873779297","435,1678771972656","47,993186950683594","46,114437103271484","181,59068298339844","502,89862060546875","170,671630859375","72,44999694824219","554,6604614257812","616,9072875976562","31,610000610351562"
2025-07-16,"209,52239990234375","223,19000244140625","14,735234260559082","62,180294036865234","437,3529052734375","48,21994400024414","45,065059661865234","182,55848693847656","502,69976806640625","171,34152221679688","70,33999633789062","555,2283325195312","618,9697265625","30,809999465942383"
2025-07-17,"209,38282775878906","223,8800048828125","15,10336685180664","64,4329833984375","440,1805114746094","48,49599075317383","46,35734939575195","183,16712951660156","508,7446594238281","172,97125244140625","70,91999816894531","559,7216796875","622,7576293945312","30,90999984741211"
2025-07-18,"210,539306640625","226,1300048828125","15,003870964050293","63,87774658203125","438,4209899902344","48,38754653930664","45,88124084472656","184,64378356933594","507,10418701171875","172,38136291503906","71,30999755859375","559,1836547851562","622,301513671875","30,729999542236328"
2025-07-21,"211,83535766601562","229,3000030517578","14,854628562927246","64,37261962890625","438,5989685058594","48,70302963256836","45,745208740234375","189,67245483398438","507,1141052246094","171,35153198242188","69,9800033569336","562,0828857421875","623,4815063476562","30,59000015258789"
2025-07-22,"213,74952697753906","227,47000122070312","14,655637741088867","65,28317260742188","440,1023864746094","48,73260498046875","46,45451736450195","190,90966796875","502,3517761230469","167,00225830078125","69,66999816894531","559,1736450195312","623,5707397460938","30,530000686645508"
2025-07-23,"213,5002899169922","228,2899932861328","15,222760200500488","67,30224609375","445,2950744628906","49,22555160522461","47,85368728637695","189,80215454101562","502,94830322265625","170,75161743164062","72,36000061035156","561,7241821289062","628,8757934570312","32,290000915527344"
2025-07-24,"213,11148071289062","232,22999572753906","15,690387725830078","69,0243911743164","442,2289123535156","48,9593620300293","49,61237335205078","191,73779296875","507,92938232421875","173,7111358642578","73,97000122070312","562,9197998046875","629,083984375","32,400001525878906"
2025-07-25,"213,23110961914062","231,44000244140625","15,809782028198242","70,95438385009766","444,1180725097656","48,81147384643555","50,30223846435547","192,74551391601562","510,7430725097656","173,47117614746094","74,3499984741211","564,2747802734375","631,741455078125","33,15999984741211"
2025-07-28,"213,40061950683594","232,7899932861328","15,670489311218262","69,301513671875","443,4454345703125","48,48613357543945","49,554073333740234","192,14688110351562","509,5400085449219","176,7206268310547","74,61000061035156","566,0381469726562","631,5828247070312","33,22999954223633"
2025-07-29,"210,62904357910156","231,00999450683594","16,39680290222168","72,55775451660156","441,6058044433594","48,50585174560547","51,40665817260742","195,30975341796875","509,609619140625","175,4808349609375","78,80999755859375","565,1614379882812","629,9168701171875","34,810001373291016"
2025-07-30,"208,41578674316406","230,19000244140625","16,27741050720215","71,25129699707031","439,9045715332031","48,15092849731445","50,71473693847656","196,08799743652344","510,2757263183594","179,24021911621094","77,98999786376953","565,918701171875","629,1236572265625","33,88999938964844"
2025-07-31,"206,9402618408203","234,11000061035156","15,77993392944336","69,18274688720703","436,5119934082031","47,874881744384766","49,18472671508789","191,46839904785156","530,418701171875","177,84043884277344","76,05000305175781","562,9197998046875","626,7637329101562","33,540000915527344"
2025-08-01,"201,76600646972656","214,75","15,15311336517334","67,01521301269531","430,9632568359375","47,519962310791016","47,664451599121094","188,7046356201172","521,0829467773438","173,69113159179688","74,20999908447266","551,8309326171875","616,49072265625","33,11000061035156"
2025-08-04,"202,7330780029297","211,64999389648438","15,650588989257812","68,68787384033203","436,9867858886719","48,01290512084961","48,04452133178711","194,601318359375","532,5464477539062","179,9700927734375","74,62999725341797","562,0131225585938","625,8612670898438","33,47999954223633"
2025-08-05,"202,3043670654297","213,75","16,31720542907715","72,09257507324219","436,3240966796875","48,15092849731445","49,652496337890625","194,23216247558594","524,7019653320312","178,23037719726562","77,5199966430664","558,1973266601562","622,6881713867188","35,099998474121094"
2025-08-06,"212,60302734375","222,30999755859375","17,103219985961914","74,9331283569336","437,1450500488281","48,377685546875","51,776981353759766","195,6489715576172","521,908203125","179,3901824951172","82,66000366210938","565,2212524414062","627,457763671875","36,20000076293945"
2025-08-07,"219,36245727539062","223,1300048828125","16,66543960571289","73,27037048339844","434,9195861816406","48,781898498535156","50,285945892333984","196,07801818847656","517,8319091796875","180,73997497558594","77,20999908447266","567,1341552734375","626,9321899414062","35,77000045776367"
2025-08-08,"228,6541748046875","222,69000244140625","16,436601638793945","70,68714904785156","437,0956115722656","48,742462158203125","49,7207145690918","200,96697998046875","519,02490234375","182,6696319580078","74,70999908447266","572,4244995117188","631,8207397460938","34,290000915527344"
2025-08-11,"226,747802734375","221,3000030517578","16,625640869140625","71,64720153808594","435,2064514160156","48,60443878173828","50,013084411621094","200,54794311523438","518,7564697265625","182,0297393798828","75,58000183105469","570,730712890625","630,5713500976562","34,29999923706055"
2025-08-12,"229,21310424804688","221,47000122070312","16,66543960571289","72,45877838134766","439,825439453125","49,19597625732422","50,87066650390625","202,88267517089844","526,183349609375","183,1295623779297","76,08999633789062","577,9041137695312","637,2844848632812","33,95000076293945"
2025-08-13,"232,88612365722656","224,55999755859375","16,38685417175293","71,41956329345703","444,513671875","49,78750991821289","50,812191009521484","201,5057830810547","517,5734252929688","181,55982971191406","76,22000122070312","578,193115234375","639,4659423828125","33,75"
2025-08-14,"232,337158203125","230,97999572753906","15,839631080627441","69,08377838134766","444,2565612792969","49,1762580871582","48,18095016479492","202,4835662841797","519,46240234375","181,98974609375","74,27999877929688","577,7447509765625","639,525390625","32,689998626708984"
2025-08-15,"231,1494140625","231,02999877929688","15,829680442810059","68,054443359375","444,885986328125","49,235408782958984","47,031005859375","203,44140625","517,1657104492188","180,42001342773438","74,31999969482422","575,2042236328125","638,0281372070312","32,970001220703125"
2025-08-18,"230,4507598876953","231,49000549316406","16,12816619873047","70,1526870727539","444,41094970703125","49,52132034301758","47,9763069152832","203,0423126220703","514,1134033203125","181,97975158691406","74,98999786376953","574,9749755859375","637,8892822265625","33,7400016784668"
2025-08-19,"230,1213836669922","228,00999450683594","14,864577293395996","65,02584075927734","444,64849853515625","49,117103576660156","45,53022766113281","201,11666870117188","506,8258056640625","175,61080932617188","70,87999725341797","567,1740112304688","634,4286499023438","31,969999313354492"
2025-08-20,"225,5800323486328","223,80999755859375","14,854628562927246","65,8374252319336","444,7177429199219","49,048091888427734","45,0916748046875","198,87171936035156","502,7992248535156","175,370849609375","70,95999908447266","563,8064575195312","632,742919921875","31,40999984741211"
2025-08-21,"224,47215270996094","221,9499969482422","14,06861686706543","65,60978698730469","443,32232666015625","48,93964385986328","44,935752868652344","199,30075073242188","502,15185546875","174,95091247558594","71,22000122070312","561,1962280273438","630,2044677734375","31,670000076293945"
2025-08-22,"227,3267059326172","228,83999633789062","13,740283012390137","64,86748504638672","451,922607421875","49,91567611694336","44,117149353027344","205,62648010253906","505,1295166015625","177,96043395996094","70,48999786376953","569,85400390625","639,8824462890625","31,75"
2025-08-25,"226,72784423828125","227,94000244140625","12,725432395935059","59,38433074951172","448,389404296875","49,62976837158203","40,930419921875","208,02110290527344","502,17181396484375","179,78012084960938","66,33999633789062","568,2101440429688","637,0662231445312","30,100000381469727"
2025-08-26,"228,87376403808594","228,7100067138672","12,79507827758789","58,89936065673828","449,7947082519531","49,50160217285156","40,49188232421875","206,67413330078125","499,96099853515625","181,7397918701172","67,8499984741211","570,4916381835938","639,733642578125","30,709999084472656"
2025-08-27,"230,05152893066406","229,1199951171875","12,257803916931152","56,840702056884766","451,3188171386719","49,205833435058594","38,805938720703125","207,01336669921875","504,64154052734375","181,56982421875","66,30000305175781","571,368408203125","641,1912841796875","30,31999969482422"
2025-08-28,"232,11758422851562","231,60000610351562","12,516491889953613","58,87956619262695","452,07098388671875","49,393150329589844","38,77670669555664","211,1640167236328","507,529541015625","180,1400604248047","67,88999938964844","574,9451293945312","643,4619750976562","30,84000015258789"
2025-08-29,"231,69837951660156","229,0","12,18815803527832","57,3355712890625","451,3782043457031","49,15653991699219","38,42454528808594","212,43115234375","504,59173583984375","174,1510467529297","67,52999877929688","568,2899169921875","639,6245727539062","30,469999313354492"
2025-09-02,"229,28298950195312","225,33999633789062","12,287652969360352","57,57310485839844","448,923828125","49,117103576660156","38,62018966674805","210,87466430664062","503,0282287597656","170,75161743164062","65,88999938964844","563,5274658203125","634,884765625","30,3799991607666"
2025-09-03,"238,01634216308594","225,99000549316406","12,138410568237305","55,9499397277832","448,57745361328125","49,304420471191406","37,60283660888672","230,1412353515625","503,2572937011719","170,59165954589844","65,91999816894531","567,9610595703125","638,3255615234375","29,549999237060547"
2025-09-04,"239,32383728027344","235,67999267578125","12,416996955871582","57,622596740722656","452,32830810546875","49,14667892456055","39,119083404541016","231,7775421142578","505,866455078125","171,63148498535156","68,01000213623047","573,1019287109375","643,6602783203125","30,81999969482422"
2025-09-05,"239,2340087890625","232,3300018310547","12,267753601074219","58,30551528930664","450,28955078125","49,738216400146484","39,2266845703125","234,47146606445312","492,9501647949219","166,9922637939453","67,97000122070312","573,9288940429688","641,796142578125","30,829999923706055"
2025-09-08,"237,42745971679688","235,83999633789062","9,27294921875","44,617427825927734","451,4870910644531","50,19172668457031","29,982492446899414","233,72247314453125","496,13690185546875","168,2820281982422","56,619998931884766","576,728515625","643,3727416992188","26,100000381469727"
2025-09-09,"233,9041748046875","238,24000549316406","9,203302383422852","43,72666549682617","453,2783508300781","50,4677734375","29,464033126831055","239,30491638183594","496,34600830078125","170,7316131591797","58,790000915527344","578,3624267578125","644,8601684570312","26,829999923706055"
2025-09-10,"226,35855102539062","230,3300018310547","9,750526428222656","46,933414459228516","451,2198486328125","50,81283950805664","31,37156867980957","238,84552001953125","498,29791259765625","177,300537109375","62,20000076293945","578,5516967773438","646,724365234375","28,639999389648438"
2025-09-11,"229,59239196777344","229,9499969482422","9,541586875915527","45,706138610839844","457,14801025390625","51,5522575378418","30,5889892578125","240,0438995361328","498,9352722167969","177,1505584716797","62,16999816894531","581,9192504882812","652,0988159179688","28,200000762939453"
2025-09-12,"233,6247100830078","228,14999389648438","8,96451473236084","43,350563049316406","454,5748291015625","51,52267837524414","29,2977352142334","240,4733123779297","507,7884521484375","177,80047607421875","59,47999954223633","584,4896850585938","651,880615234375","27,079999923706055"
2025-09-15,"236,24969482421875","231,42999267578125","8,715777397155762","42,0144157409668","455,3171081542969","51,897315979003906","28,54450798034668","251,26864624023438","513,225830078125","177,73048400878906","59,22999954223633","589,4910888671875","655,3511352539062","26,690000534057617"
2025-09-16,"237,6969451904297","234,0500030517578","8,904817581176758","43,400047302246094","454,0404052734375","52,28181457519531","29,591201782226562","250,8192596435547","506,9320068359375","174,86080932617188","61,75","588,992919921875","654,4488525390625","27,709999084472656"
2025-09-17,"238,5353546142578","231,6199951171875","8,845120429992676","42,98435592651367","456,4948425292969","52,508567810058594","28,91623306274414","249,19146728515625","507,9079284667969","170,27130126953125","60,060001373291016","587,8173828125","653,6357421875","27,239999771118164"
2025-09-18,"237,42745971679688","231,22999572753906","8,268048286437988","40,01514434814453","457,8506774902344","52,38040542602539","26,705448150634766","251,68807983398438","506,3444519042969","176,2206573486328","56,54999923706055","593,11767578125","656,6898193359375","24,40999984741211"
2025-09-19,"245,032958984375","231,47999572753906","8,148653984069824","38,86704635620117","459,4664611816406","52,2620964050293","25,87396240234375","254,3744354248047","515,7852172851562","176,6505889892578","57,439998626708984","597,1326904296875","659,9423217773438","23,8700008392334"
2025-09-22,"255,5928192138672","227,6300048828125","9,800273895263672","46,72557067871094","460,1909484863281","52,518428802490234","31,332435607910156","252,18739318847656","512,3196411132812","183,58984375","63,709999084472656","600,667724609375","663,0645141601562","26,920000076293945"
2025-09-23,"253,9459686279297","220,7100067138672","10,0390625","47,3491096496582","459,39697265625","52,548004150390625","30,823760986328125","251,31858825683594","507,1212463378906","178,410400390625","64,79000091552734","596,6779174804688","659,4551391601562","27,450000762939453"
2025-09-24,"251,8300018310547","220,2100067138672","10,108708381652832","48,75453567504883","457,5608215332031","52,37054443359375","32,22261428833008","246,80470275878906","508,0373840332031","176,9505615234375","66,1500015258789","594,583251953125","657,3569946289062","27,729999542236328"
2025-09-25,"256,3813171386719","218,14999389648438","9,213252067565918","46,824546813964844","455,9827880859375","52,064918518066406","29,86510467529297","245,45654296875","504,9303283691406","177,67050170898438","63,939998626708984","592,0198364257812","654,3242797851562","26,770000457763672"
2025-09-26,"254,97401428222656","219,77999877929688","8,79537296295166","44,874759674072266","458,8113708496094","51,96632766723633","28,9357967376709","246,2055206298828","509,3419494628906","178,17044067382812","61,880001068115234","594,4535522460938","658,072998046875","26,049999237060547"
2025-09-29,"253,9459686279297","222,1699981689453","8,865018844604492","44,271018981933594","459,56573486328125","52,43955612182617","28,828189849853516","243,71890258789062","512,4689331054688","181,83004760742188","60,400001525878906","597,20654296875","659,9224243164062","25,350000381469727"
2025-09-30,"254,14559936523438","219,57000732421875","8,277997016906738","41,856056213378906","460,2603759765625","52,6465950012207","27,086624145507812","242,77020263671875","515,8051147460938","186,55950927734375","60,060001373291016","598,8424072265625","662,4082641601562","24,290000915527344"
2025-10-01,"254,9640350341797","220,6300048828125","8,01931095123291","39,96565628051758","460,7765197753906","53,0606689453125","26,172597885131836","244,5677490234375","517,5578002929688","187,21945190429688","58,25","601,7150268554688","664,6654663085938","23,56999969482422"
2025-10-02,"256,6408386230469","222,41000366210938","8,228251457214355","41,46016311645508","461,6201171875","53,3071403503418","27,469926834106445","245,35667419433594","513,6041870117188","188,8692626953125","60,61000061035156","604,188720703125","665,4309692382812","23,809999465942383"
2025-10-03,"257,5291442871094","219,50999450683594","8,277997016906738","42,63795471191406","464,0021667480469","53,464881896972656","28,197216033935547","245,01715087890625","515,20751953125","187,59939575195312","60,79999923706055","601,645263671875","665,421142578125","24,149999618530273"
2025-10-06,"256,20166015625","220,89999389648438","8,32774543762207","43,103126525878906","463,3371887207031","53,71135711669922","28,295499801635742","250,09024047851562","526,3811645507812","185,51962280273438","60,52000045776367","606,1636962890625","667,8074951171875","24,6200008392334"
2025-10-07,"255,99209594726562","221,77999877929688","7,919815540313721","42,09359359741211","462,47369384765625","53,29728317260742","27,3225040435791","245,42657470703125","521,8101196289062","185,01968383789062","59,9900016784668","602,9718627929688","665,3316040039062","23,989999771118164"
2025-10-08,"257,569091796875","225,22000122070312","8,277997016906738","43,42974090576172","462,5729675292969","53,72121810913086","27,872886657714844","244,2881317138672","522,676513671875","189,0892333984375","61,04999923706055","609,8842163085938","669,2990112304688","24,399999618530273"
2025-10-09,"253,55670166015625","227,74000549316406","9,680878639221191","51,01114273071289","460,022216796875","53,16911697387695","33,90742492675781","241,2023162841797","520,2366943359375","192,54885864257812","65,56999969482422","609,1461181640625","667,3600463867188","26,59000015258789"
2025-10-10,"244,80340576171875","216,3699951171875","9,14360523223877","50,476680755615234","451,45697021484375","51,207191467285156","32,560951232910156","236,2490692138672","508,84405517578125","183,139892578125","63,459999084472656","588,0000610351562","649,32275390625","26,420000076293945"
2025-10-13,"247,18885803222656","220,07000732421875","9,919668197631836","52,565032958984375","457,223388671875","52,69588851928711","33,67154312133789","243,81875610351562","511,9212646484375","188,29933166503906","67,87999725341797","600,4782104492188","659,2860107421875","27,649999618530273"
2025-10-14,"247,29864501953125","216,38999938964844","9,362495422363281","50,33811950683594","459,2381591796875","52,22266387939453","31,656753540039062","245,1169891357422","511,4432067871094","180,01022338867188","63,939998626708984","596,4784545898438","658,4805908203125","26,049999237060547"
2025-10-15,"248,86566162109375","215,57000732421875","9,481889724731445","52,45615768432617","459,2381591796875","53,080387115478516","32,688720703125","250,68942260742188","511,3038330078125","179,8102569580078","65,91999816894531","600,6876831054688","661,4039916992188","26,530000686645508"
2025-10-16,"246,97926330566406","214,47000122070312","9,531637191772461","52,287906646728516","456,11175537109375","53,425445556640625","32,63957977294922","251,1188507080078","509,4913330078125","181,7900390625","64,80999755859375","598,46337890625","656,899658203125","26,3799991607666"
2025-10-17,"251,81002807617188","213,0399932861328","9,342596054077148","52,92133712768555","458,46978759765625","53,41558837890625","31,931947708129883","252,9563446044922","511,4532165527344","183,19989013671875","63,59000015258789","602,393310546875","660,62841796875","26,059999465942383"
2025-10-20,"261,7411193847656","216,47999572753906","9,362495422363281","52,20872497558594","463,6722412109375","54,14514923095703","31,538822174072266","256,2019348144531","514,6498413085938","182,6199493408203","60,22999954223633","609,9839477539062","667,499267578125","25,1200008392334"
2025-10-21,"262,27008056640625","222,02999877929688","9,372445106506348","52,70359420776367","465,8564147949219","53,543758392333984","31,568300247192383","250,12020874023438","515,5162963867188","181,14010620117188","59,29999923706055","609,8244018554688","667,4892578125","24,709999084472656"
2025-10-22,"257,9583435058594","217,9499969482422","9,471940994262695","54,83153533935547","462,44110107421875","53,49446105957031","32,452842712402344","251,34854125976562","518,3843383789062","180,2602081298828","60,2400016784668","603,9493408203125","664,0191040039062","24,75"
2025-10-23,"259,0861511230469","221,08999633789062","10,058961868286133","57,60280227661133","463,9402770996094","53,967689514160156","34,2415771484375","252,73666381835938","518,404296875","182,13999938964844","62,470001220703125","609,0264282226562","667,9566650390625","26,889999389648438"
2025-10-24,"262,3200378417969","224,2100067138672","10,058961868286133","56,89019012451172","468,8249816894531","54,322608947753906","34,821449279785156","259,5673828125","521,441650390625","186,23953247070312","62,619998931884766","615,52978515625","673,4155883789062","26,950000762939453"
2025-10-27,"268,2986145019531","226,97000122070312","14,158162117004395","78,2982406616211","471,9425048828125","54,92400360107422","48,295963287353516","268,9046630859375","529,3189697265625","191,46897888183594","77,48999786376953","626,4918823242188","681,3603515625","33,36000061035156"
2025-10-28,"268,4882507324219","229,25","14,765082359313965","81,73263549804688","473,72955322265625","54,9042854309082","51,499969482421875","267,1071472167969","539,8251953125","201,0079345703125","78,13999938964844","631,3095703125","683,1700439453125","33,849998474121094"
2025-10-29,"269,1869201660156","230,3000030517578","15,431700706481934","84,53359985351562","472,9551696777344","55,21976852416992","54,104454040527344","274,197509765625","539,3073120117188","207,01727294921875","82,45999908447266","634,15234375","683,4981689453125","34,970001220703125"
2025-10-30,"270,8836669921875","222,86000061035156","15,093417167663574","83,97933959960938","471,6049499511719","54,647953033447266","52,856266021728516","281,09814453125","523,582763671875","202,8677215576172","80,9800033569336","624,45703125","675,98095703125","34,59000015258789"
2025-10-31,"269,85565185546875","244,22000122070312","16,48634910583496","89,53177642822266","472,2602233886719","54,5197868347168","58,1143798828125","280,8085021972656","515,6656494140625","202,4677734375","85,80000305175781","627,4694213867188","678,1983642578125","36,43000030517578"
2025-11-03,"268,53814697265625","254,0","17,0733699798584","89,94747161865234","470,07598876953125","54,86485290527344","59,8825798034668","283,3350830078125","514,888916015625","206,85728454589844","88,58000183105469","630,4716796875","679,4711303710938","37,060001373291016"
2025-11-04,"269,5262756347656","249,32000732421875","16,774885177612305","88,69049835205078","467,5244140625","53,8592414855957","58,37541961669922","277,1634521484375","512,2001342773438","198,66818237304688","87,4800033569336","617,67431640625","671,4169921875","36,22999954223633"
2025-11-05,"269,6260986328125","250,1999969482422","17,023622512817383","87,97789001464844","469,718505859375","54,34232711791992","58,28676223754883","283,92425537109375","505,0597839355469","195,18858337402344","87,44000244140625","621,6941528320312","673,7437133789062","37,02000045776367"
2025-11-06,"269,25677490234375","243,0399932861328","16,337106704711914","86,53286743164062","465,9160461425781","53,9381103515625","56,69094467163086","284,3636779785156","495,04144287109375","188,05935668945312","87,0999984741211","610,1136474609375","666,514892578125","36,52000045776367"
2025-11-07,"267,9592590332031","244,41000366210938","15,700336456298828","85,33528137207031","466,4918518066406","53,78036880493164","54,66169738769531","278,45172119140625","494,7626037597656","188,1293487548828","86,51000213623047","608,1885375976562","667,1710815429688","36,2599983215332"
2025-11-10,"269,1781311035156","248,39999389648438","15,541145324707031","84,14759826660156","470,4234619140625","54,72682189941406","55,065574645996094","289,7064208984375","503,90460205078125","199,0281524658203","87,20999908447266","621,6442260742188","677,5819091796875","37,209999084472656"
2025-11-11,"274,99267578125","249,10000610351562","15,421751022338867","83,5042724609375","475,9734191894531","54,78597640991211","54,36616897583008","290,914794921875","506,573486328125","193,1387939453125","87,62000274658203","619,9884643554688","679,1329956054688","37,52000045776367"
2025-11-12,"273,21435546875","244,1999969482422","15,590892791748047","85,39466094970703","479,2994079589844","54,79583740234375","54,56318664550781","286,3210144042969","509,0233154296875","193,7787322998047","89,05999755859375","619,4996948242188","679,5108642578125","37,90999984741211"
2025-11-13,"272,6948547363281","237,5800018310547","15,202861785888672","82,29679107666016","471,33685302734375","54,15501022338867","52,799903869628906","278,19207763671875","501,205810546875","186,8394775390625","86,95999908447266","606,8519897460938","668,2350463867188","37,2400016784668"
2025-11-14,"272,15533447265625","234,69000244140625","15,521245956420898","81,99986267089844","468,4179382324219","54,18458557128906","52,02170181274414","276,0350036621094","508,0672912597656","190,1491241455078","90,06999969482422","607,310791015625","668,125732421875","38,66999816894531"
2025-11-17,"267,2099609375","232,8699951171875","15,411800384521484","79,0009536743164","462,9772033691406","53,543758392333984","50,69184875488281","284,63330078125","505,388427734375","186,5795135498047","87,7699966430664","602,1240234375","661,901123046875","38,47999954223633"
2025-11-18,"267,19000244140625","222,5500030517578","15,32225513458252","77,79347229003906","457,9931945800781","53,277565002441406","50,1303596496582","283,8943176269531","491,74517822265625","181,340087890625","88,87999725341797","594,7926635742188","656,3428344726562","38,65999984741211"
2025-11-19,"268,3089294433594","222,69000244140625","15,342154502868652","78,38731384277344","458,4499206542969","53,09024429321289","48,96797561645508","292,4127502441406","485,102783203125","186,49951171875","89,30999755859375","598,3436279296875","658,87841796875","38,66999816894531"
2025-11-20,"266,0010986328125","217,13999938964844","14,665587425231934","75,903076171875","454,8161315917969","52,360687255859375","47,70708465576172","289,05731201171875","477,3404846191406","180,6201629638672","87,44000244140625","584,1797485351562","648,8355712890625","37,0099983215332"
2025-11-21,"271,2361755371094","220,69000244140625","13,8795747756958","73,95329284667969","459,8323059082031","52,350826263427734","45,451263427734375","299,25347900390625","471,04486083984375","178,86036682128906","85,38999938964844","588,568603515625","655,2987670898438","35,70000076293945"
2025-11-24,"275,6620788574219","226,27999877929688","13,919373512268066","72,98333740234375","461,69122314453125","52,90292739868164","46,10141372680664","318,14776611328125","472,92059326171875","182,52996826171875","86,29000091552734","603,6201782226562","664,9437866210938","35,290000915527344"
2025-11-25,"276,7110900878906","229,6699981689453","14,307405471801758","75,70512390136719","468,3913269042969","53,09024429321289","48,16021728515625","323,0011901855469","475,90374755859375","177,80047607421875","85,86000061035156","607,3407592773438","671,1981811523438","35,34000015258789"
2025-11-26,"277,29052734375","229,16000366210938","15,839631080627441","81,36642456054688","471,5425720214844","53,47474670410156","50,31752395629883","319,5159606933594","484,3943786621094","180,24020385742188","88,77999877929688","612,70703125","675,8318481445312","36,060001373291016"
2025-11-28,"278,5893249511719","233,22000122070312","15,978923797607422","84,8998031616211","474,3558349609375","53,55361557006836","52,77035140991211","319,7456359863281","490,88958740234375","176,98056030273438","90,66999816894531","617,67431640625","679,5208129882812","36,81999969482422"
2025-12-01,"282,8353576660156","233,8800048828125","15,939126014709473","83,2865219116211","470,5186767578125","53,51417922973633","51,8626823425293","314,46282958984375","485,6315612792969","179,90025329589844","90,20999908447266","615,599609375","676,4185180664062","36,43000030517578"
2025-12-02,"285,9224548339844","234,4199981689453","15,78988265991211","81,81181335449219","472,44720458984375","53,533897399902344","50,470062255859375","315,38153076171875","488,8841552734375","181,44007873535156","89,36000061035156","620,4172973632812","677,67138671875","36,11000061035156"
2025-12-03,"283,8843688964844","232,3800048828125","16,794782638549805","87,19599914550781","476,5726318359375","53,573333740234375","52,297264099121094","319,19635009765625","476,64208984375","179,57028198242188","92,2699966430664","621,9334716796875","680,0180053710938","37,25"
2025-12-04,"280,4375915527344","229,11000061035156","16,605743408203125","87,3741455078125","476,2346496582031","53,5634765625","51,14168167114258","317,1890869140625","479,7449951171875","183,37008666992188","91,1500015258789","621,35498046875","680,51513671875","36,63999938964844"
2025-12-05,"278,5193786621094","229,52999877929688","16,496299743652344","85,23631286621094","477,1889343261719","53,967689514160156","49,45276641845703","320,8341064453125","482,0597229003906","182,40013122558594","90,45999908447266","623,8884887695312","681,8078002929688","35,790000915527344"
2025-12-08,"277,6302185058594","226,88999938964844","16,38685417175293","85,16703033447266","475,3200988769531","53,84938049316406","49,37375259399414","313,49932861328125","489,9018249511719","185,5399627685547","90,66000366210938","622,6915283203125","679,7594604492188","35,939998626708984"
2025-12-09,"276,9208679199219","227,9199981689453","16,29730796813965","85,88953399658203","473,6003112792969","53,760650634765625","48,494720458984375","316,85693359375","490,8995361328125","184,95999145507812","89,5","623,4595336914062","679,1727294921875","35,72999954223633"
2025-12-10,"278,5193786621094","231,77999877929688","16,70524024963379","89,0171127319336","478,5011901855469","54,36204528808594","49,56140899658203","319,9847412109375","477,4701843261719","183,77005004882812","90,87000274658203","626,0130615234375","683,6771850585938","36,06999969482422"
2025-12-11,"277,77008056640625","230,27999877929688","16,91417694091797","88,53213500976562","484,9825134277344","54,105712890625","48,326820373535156","312,210205078125","482,3690185546875","180,92019653320312","89,88999938964844","623,98828125","685,26806640625","35,54999923706055"
2025-12-12,"278,0198669433594","226,19000244140625","16,774885177612305","86,07759094238281","482,5271911621094","53,47474670410156","47,813228607177734","309,07244873046875","477,4402770996094","175,01052856445312","88,41000366210938","612,0586547851562","677,9000244140625","35,029998779296875"
2025-12-15,"273,8537292480469","222,5399932861328","17,033573150634766","87,44342041015625","482,2985534667969","53,31700134277344","49,25522994995117","308,003173828125","473,73870849609375","176,28045654296875","89,41000366210938","608,9865112304688","676,8758544921875","35,11000061035156"
2025-12-16,"274,353271484375","222,55999755859375","16,605743408203125","85,53323364257812","479,1274108886719","52,97999954223633","49,40338134765625","306,3543395996094","475,3051452636719","177,71038818359375","88,4000015258789","610,1934204101562","675,0264282226562","34,13999938964844"
2025-12-17,"271,58587646484375","221,27000427246094","16,874380111694336","84,91959381103516","476,9602966308594","52,599998474121094","49,215728759765625","296,5112609863281","475,0357360839844","170,93075561523438","87,2300033569336","598,8822631835938","667,5986938476562","34,060001373291016"
2025-12-18,"271,935546875","226,75999450683594","18,336959838867188","91,53105163574219","477,6661376953125","53,20000076293945","53,23555374145508","302,2472229003906","482,87786865234375","174,1305694580078","89,0","607,5601196289062","672,6399536132812","35,61000061035156"
2025-12-19,"273,4141845703125","227,35000610351562","18,177766799926758","89,10618591308594","479,34381103515625","53,720001220703125","53,50221633911133","306,9439392089844","484,8134460449219","180,98020935058594","89,6500015258789","615,47998046875","678,7363891601562","35,540000915527344"
2025-12-22,"270,7166748046875","228,42999267578125","18,227514266967773","89,90787506103516","481,6451416015625","54,0099983215332","53,057769775390625","309,56207275390625","483,81573486328125","183,6800537109375","88,51000213623047","618,4302368164062","682,96484375","35,5099983215332"
2025-12-23,"272,1053771972656","232,13999938964844","18,157867431640625","89,34371948242188","482,4122314453125","54,310001373291016","53,37382507324219","314,1288757324219","485,7413330078125","189,19976806640625","88,91000366210938","621,3265380859375","686,0863037109375","35,90999984741211"
2025-12-24,"273,55401611328125","232,3800048828125","18,18771743774414","90,07614135742188","485,1817932128906","54,41999816894531","53,610862731933594","313,8690490722656","486,90863037109375","188,59979248046875","89,31999969482422","623,144287109375","688,4996948242188","36,02000045776367"
2025-12-26,"273,1444091796875","232,52000427246094","18,35685920715332","90,44232940673828","485,2016906738281","54,79999923706055","54,90471267700195","313,2894592285156","486,599365234375","190,51968383789062","89,2300033569336","623,1043090820312","688,4298706054688","35,959999084472656"
2025-12-29,"273,50408935546875","232,07000732421875","18,247413635253906","89,40311431884766","482,7708740234375","54,65999984741211","54,193748474121094","313,33941650390625","485,9907531738281","188,20980834960938","87,68000030517578","620,088134765625","685,9765625","36,459999084472656"
2025-12-30,"272,82470703125","232,52999877929688","18,02852439880371","88,86865234375","481,7746276855469","54,880001068115234","53,53031539916992","313,6292419433594","486,3699035644531","187,52984619140625","87,58999633789062","618,64990234375","685,138916015625","36,08000183105469"
2025-12-31,"271,6058349609375","230,82000732421875","17,978775024414062","89,23485565185547","478,7659912109375","54,709999084472656","53,41149139404297","312,7798156738281","482,5186767578125","186,4899139404297","88,51000213623047","613,536376953125","680,062744140625","36,15999984741211"
