Date,AAPL,AMZN,BBAR,BMA,DIA,EEM,GGAL,GOOGL,MSFT,NVDA,PAM,QQQ,SPY,YPF,Total_portafolio
2020-01-02,"724,01","379,6","161,57","536,8","1029,99","601,31","632,25","203,62","1065,11","35,82","396,0","1666,54","1484,44","337,8","9254,86"
2020-01-03,"716,97","374,99","155,14","522,04","1021,78","590,14","608,75","202,55","1051,85","35,25","387,5","1651,27","1473,2","334,8","9126,24"
2020-01-06,"722,68","380,58","158,06","528,98","1024,14","588,7","615,3","207,95","1054,57","35,4","383,75","1661,91","1478,82","334,2","9175,04"
2020-01-07,"719,28","381,37","160,11","521,16","1019,71","588,3","611,45","207,55","1044,95","35,83","381,5","1661,68","1474,66","327,3","9134,85"
2020-01-08,"730,85","378,39","162,44","528,68","1025,64","591,72","618,0","209,03","1061,59","35,89","373,75","1674,17","1482,52","329,4","9202,09"
2020-01-09,"746,37","380,21","168,58","543,89","1033,35","595,66","641,5","211,22","1074,86","36,29","383,25","1688,36","1492,57","329,7","9325,81"
2020-01-10,"748,06","376,63","168,0","534,29","1028,64","598,81","630,71","212,59","1069,88","36,48","376,5","1684,04","1488,28","319,8","9272,72"
2020-01-13,"764,04","378,26","161,57","509,93","1031,42","608,14","601,82","214,23","1082,75","37,63","359,75","1703,47","1498,51","319,5","9271,02"
2020-01-14,"753,73","373,89","156,31","496,8","1032,13","604,72","596,04","212,83","1075,12","36,93","359,25","1696,76","1496,23","319,2","9209,93"
2020-01-15,"750,5","372,4","149,0","472,88","1036,17","599,99","571,38","214,11","1082,08","36,67","349,5","1697,46","1499,61","311,4","9143,15"
2020-01-16,"759,9","375,59","153,97","485,72","1045,37","603,8","587,95","215,74","1101,91","37,17","355,0","1713,72","1512,09","310,5","9258,43"
2020-01-17,"768,31","372,94","158,94","487,94","1047,08","607,22","601,05","220,11","1108,08","37,22","373,75","1722,2","1516,79","309,6","9331,23"
2020-01-21,"763,1","378,4","151,05","479,08","1041,94","591,85","581,01","220,51","1104,1","37,02","356,75","1721,43","1513,82","294,6","9234,68"
2020-01-22,"765,83","377,49","155,14","486,61","1041,87","596,71","576,77","220,76","1098,8","37,35","364,5","1725,98","1514,0","298,5","9260,3"
2020-01-23,"769,52","376,92","141,99","467,86","1040,9","590,54","560,59","220,88","1105,56","37,76","347,5","1731,53","1515,74","292,8","9200,08"
2020-01-24,"767,3","372,33","134,4","447,19","1034,69","585,81","539,02","218,12","1094,42","37,4","330,0","1716,96","1502,26","289,8","9069,69"
2020-01-27,"744,74","365,67","129,43","439,07","1018,84","565,58","529,77","213,0","1076,12","35,87","332,0","1681,5","1478,18","281,1","8890,85"
2020-01-28,"765,8","370,65","134,98","462,84","1025,73","570,31","556,74","215,79","1097,2","37,03","340,75","1707,33","1493,67","282,6","9061,42"
2020-01-29,"781,83","371,6","132,64","456,93","1025,73","573,07","555,2","216,71","1114,31","36,67","337,0","1710,1","1492,44","287,4","9091,63"
2020-01-30,"780,7","374,14","138,19","467,42","1030,19","564,53","571,76","216,35","1145,74","36,71","341,5","1716,19","1497,28","288,3","9169,0"
2020-01-31,"746,09","401,74","136,73","452,8","1008,34","553,1","552,89","213,16","1128,83","35,3","329,25","1688,98","1470,09","281,7","8999,01"
2020-02-03,"744,04","400,84","143,16","489,12","1013,91","559,27","585,25","220,57","1156,35","35,89","358,75","1714,49","1481,01","290,4","9193,06"
2020-02-04,"768,6","409,93","131,77","473,17","1028,41","573,72","570,22","215,03","1194,42","36,9","338,0","1753,74","1503,59","291,0","9288,51"
2020-02-05,"774,87","407,97","138,49","479,37","1045,62","577,01","567,53","215,13","1192,96","37,44","341,0","1759,52","1520,95","295,5","9353,35"
2020-02-06,"783,93","410,05","140,82","479,23","1048,76","577,53","570,22","219,58","1217,69","37,97","345,5","1774,71","1526,07","295,5","9427,56"
2020-02-07,"773,28","415,86","144,62","491,92","1039,65","569,52","577,16","220,05","1219,42","37,57","350,75","1767,08","1517,93","295,8","9420,6"
2020-02-10,"776,95","426,78","144,91","488,53","1045,94","572,67","577,54","224,44","1251,31","39,27","345,0","1788,43","1529,27","297,0","9508,05"
2020-02-11,"772,26","430,16","140,53","469,78","1045,9","580,16","564,83","224,65","1223,07","40,0","335,75","1788,74","1531,92","286,8","9434,55"
2020-02-12,"790,6","432,0","137,61","483,21","1055,83","588,04","570,61","225,93","1224,86","40,7","336,5","1806,16","1541,79","282,9","9516,73"
2020-02-13,"784,97","429,97","126,8","459,44","1052,61","580,29","523,22","225,15","1218,22","40,43","321,75","1803,85","1540,14","276,3","9383,16"
2020-02-14,"785,16","426,97","127,97","460,48","1051,61","580,55","531,31","225,94","1229,1","43,27","320,0","1809,02","1542,61","284,4","9418,4"
2020-02-18,"770,79","431,13","127,68","461,51","1045,94","576,74","527,84","226,05","1241,57","44,29","320,0","1809,71","1538,63","284,4","9406,27"
2020-02-19,"781,95","434,04","129,14","484,25","1050,04","580,95","542,87","226,86","1245,29","46,99","322,75","1827,06","1545,99","289,5","9507,67"
2020-02-20,"773,93","430,62","133,23","500,49","1045,33","571,88","551,34","225,68","1226,27","46,1","330,25","1810,1","1539,64","291,0","9475,86"
2020-02-21,"756,41","419,19","133,81","505,51","1037,33","568,6","558,28","220,69","1187,51","43,91","331,25","1775,32","1523,78","287,7","9349,3"
2020-02-24,"720,48","401,86","130,6","485,57","1000,88","547,32","537,47","211,23","1136,31","40,81","322,25","1706,86","1473,25","273,6","8988,49"
2020-02-25,"696,08","394,55","123,88","466,83","969,16","542,99","510,5","206,24","1117,56","39,13","311,75","1660,45","1428,6","255,0","8722,71"
2020-02-26,"707,12","395,92","125,05","469,63","965,72","547,32","512,43","206,86","1131,52","39,97","304,5","1669,01","1423,35","257,1","8755,49"
2020-02-27,"660,9","376,86","123,0","439,96","921,9","534,19","502,03","195,63","1051,79","37,74","297,0","1585,43","1359,42","246,0","8331,85"
2020-02-28,"660,51","376,75","117,74","427,85","911,37","532,22","487,0","199,24","1077,26","40,35","296,25","1586,67","1353,71","239,7","8306,63"
2020-03-02,"722,0","390,79","123,59","444,97","956,02","543,78","503,95","206,24","1148,94","41,3","335,25","1668,54","1412,34","241,2","8738,92"
2020-03-03,"699,07","381,8","121,83","442,61","928,34","540,1","499,33","199,01","1093,88","39,73","335,75","1615,04","1371,9","243,0","8511,4"
2020-03-04,"731,5","395,17","130,6","462,99","969,84","549,69","522,83","205,54","1134,05","42,51","360,0","1682,42","1429,56","247,2","8863,89"
2020-03-05,"707,77","384,81","128,55","453,54","936,08","538,13","508,19","195,6","1105,59","40,83","345,75","1631,31","1382,04","232,5","8590,68"
2020-03-06,"698,37","380,22","119,2","417,51","926,73","527,09","470,82","192,77","1074,33","39,75","335,75","1603,78","1359,2","219,0","8364,54"
2020-03-09,"643,14","360,12","98,75","338,09","854,66","491,11","383,74","180,87","1001,52","36,67","276,75","1492,38","1253,05","157,8","7568,66"
2020-03-10,"689,46","378,36","111,9","380,75","896,73","516,06","426,13","189,71","1070,01","39,01","295,5","1573,64","1317,89","182,4","8067,55"
2020-03-11,"665,51","364,17","95,83","351,23","844,35","492,03","391,45","180,15","1021,54","36,83","275,0","1505,1","1253,64","162,3","7639,12"
2020-03-12,"599,79","335,32","75,96","292,91","759,39","442,77","336,35","165,37","924,66","32,32","252,25","1367,09","1133,7","139,5","6857,39"
2020-03-13,"671,65","357,0","85,02","315,06","831,0","474,69","354,85","180,65","1056,12","35,98","258,5","1482,89","1230,61","135,0","7469,01"
2020-03-16,"585,24","337,83","77,42","256,44","724,95","415,45","275,09","159,63","900,45","29,34","237,0","1305,26","1095,96","114,6","6514,68"
2020-03-17,"610,98","361,57","82,68","285,23","764,26","444,08","294,36","166,33","974,59","32,46","267,5","1404,25","1155,13","105,3","6948,74"
2020-03-18,"596,02","366,0","72,16","239,47","713,85","405,73","234,25","162,34","933,57","30,3","245,5","1361,54","1096,64","77,1","6534,48"
2020-03-19,"591,45","376,19","66,32","223,82","720,73","408,88","235,02","165,38","948,93","31,82","228,25","1369,71","1098,97","91,5","6556,98"
2020-03-20,"553,9","369,22","70,12","241,53","689,1","411,9","262,38","158,92","913,29","30,74","234,25","1316,05","1051,61","105,0","6408,02"
2020-03-23,"542,14","380,57","68,37","225,74","668,38","402,05","248,51","156,82","904,18","31,78","225,5","1317,01","1024,72","102,0","6297,76"
2020-03-24,"596,53","388,02","74,79","248,32","742,03","432,26","280,1","168,11","986,36","37,23","275,5","1418,99","1117,57","117,9","6883,73"
2020-03-25,"593,24","377,17","76,26","262,64","761,49","447,5","293,59","163,89","976,92","36,7","290,75","1408,48","1134,3","126,9","6949,83"
2020-03-26,"624,46","391,1","75,67","267,66","808,21","464,44","302,45","173,01","1038,03","38,44","288,75","1482,65","1200,53","123,9","7279,3"
2020-03-27,"598,6","380,02","67,78","231,79","776,9","438,04","259,68","165,17","995,41","37,76","252,5","1431,66","1164,77","115,5","6915,59"
2020-03-30,"615,69","392,79","69,83","238,58","801,14","445,27","259,3","170,54","1065,42","39,68","258,5","1483,74","1202,6","121,2","7164,26"
2020-03-31,"614,43","389,94","76,55","250,69","787,24","448,29","271,63","172,86","1048,67","39,39","282,5","1471,07","1184,67","125,1","7163,02"
2020-04-01,"582,1","381,54","74,5","243,16","751,87","429,11","261,61","163,96","1011,43","36,32","266,0","1408,56","1131,36","122,1","6863,62"
2020-04-02,"591,81","383,77","75,96","251,28","768,32","443,56","277,41","166,18","1032,38","38,17","268,25","1437,15","1157,46","130,8","7022,49"
2020-04-03,"583,31","381,32","75,96","258,07","756,25","435,15","282,8","162,56","1022,87","36,44","273,75","1416,75","1140,73","130,8","6956,77"
2020-04-06,"634,2","399,52","74,79","247,14","813,45","458,93","270,09","176,02","1098,94","40,1","269,5","1518,04","1217,35","127,8","7345,87"
2020-04-07,"626,85","402,32","74,79","241,24","813,71","461,29","267,0","175,93","1087,1","38,7","267,5","1517,42","1218,59","123,9","7316,35"
2020-04-08,"642,89","408,6","76,84","237,99","841,46","466,02","277,41","179,57","1098,01","39,89","274,5","1549,64","1259,5","126,9","7479,21"
2020-04-09,"647,53","408,55","75,38","244,63","851,55","464,31","273,17","179,5","1098,07","39,29","260,5","1551,88","1278,66","126,0","7499,04"
2020-04-13,"660,24","433,77","72,16","236,37","840,13","464,97","263,15","180,07","1100,53","40,32","258,75","1568,65","1266,99","120,0","7506,11"
2020-04-14,"693,59","456,66","74,5","243,01","860,67","475,61","274,32","188,23","1154,99","42,43","256,25","1636,87","1304,36","120,0","7781,49"
2020-04-15,"687,26","461,54","76,26","256,15","844,16","463,39","292,05","187,05","1142,89","41,96","267,25","1618,09","1276,64","118,8","7733,48"
2020-04-16,"692,72","481,64","77,72","255,41","845,09","465,89","288,19","187,07","1177,2","44,03","267,0","1647,61","1282,8","117,0","7829,36"
2020-04-17,"683,32","475,0","80,93","241,98","871,03","476,26","282,41","190,28","1187,57","43,68","251,75","1663,37","1317,46","116,4","7881,44"
2020-04-20,"669,13","478,72","82,68","246,26","850,23","470,22","282,03","187,62","1164,03","42,89","248,75","1643,67","1294,25","113,1","7773,58"
2020-04-21,"648,45","465,62","75,38","230,16","827,16","457,22","263,92","180,33","1115,89","40,27","240,5","1583,02","1254,95","103,5","7486,38"
2020-04-22,"667,13","472,7","71,58","224,85","843,51","469,7","256,99","187,21","1153,79","42,75","246,25","1629,99","1282,8","105,3","7654,56"
2020-04-23,"664,54","479,89","68,07","224,26","844,59","467,99","242,73","189,11","1139,83","42,44","244,0","1626,52","1282,71","105,3","7621,98"
2020-04-24,"683,73","482,04","67,2","214,22","854,5","467,33","235,02","189,92","1160,64","43,27","240,0","1652,17","1300,59","99,0","7689,64"
2020-04-27,"684,21","475,2","68,66","208,9","867,04","476,79","228,47","189,07","1157,32","44,39","233,5","1665,46","1319,34","99,0","7717,35"
2020-04-28,"673,12","462,82","77,72","242,71","866,22","477,71","268,93","183,37","1129,13","43,53","247,25","1634,09","1313,27","112,8","7732,66"
2020-04-29,"695,23","474,54","85,9","258,36","885,47","491,63","288,19","199,68","1179,79","44,59","255,5","1692,03","1347,65","121,8","8020,38"
2020-04-30,"709,9","494,8","76,26","240,79","873,87","481,25","274,32","200,35","1191,63","43,67","258,0","1691,34","1335,11","115,2","7986,49"
2020-05-01,"698,47","457,21","71,58","224,85","852,53","463,92","255,44","195,98","1160,78","42,25","234,5","1643,67","1299,76","106,2","7707,13"
2020-05-04,"708,35","463,2","79,18","237,69","853,03","468,91","272,01","196,81","1189,17","43,52","247,25","1662,83","1303,35","111,3","7836,6"
2020-05-05,"718,98","463,56","76,55","233,71","857,99","471,54","265,85","200,69","1201,94","43,89","249,75","1681,68","1315,39","109,8","7891,31"
2020-05-06,"726,4","470,25","80,93","241,83","851,02","470,09","279,33","200,16","1213,77","44,49","254,25","1692,03","1306,47","108,3","7939,33"
2020-05-07,"733,91","473,52","87,65","265,3","858,38","473,9","302,06","203,71","1220,82","45,55","260,5","1713,82","1322,24","115,5","8076,87"
2020-05-08,"751,38","475,92","92,32","273,27","875,31","483,88","312,08","205,95","1228,0","46,69","268,75","1737,31","1344,11","121,5","8216,49"
2020-05-11,"763,21","481,8","102,55","288,48","871,5","480,73","339,44","208,81","1241,7","48,2","285,25","1752,84","1344,39","123,3","8332,2"
2020-05-12,"754,48","471,39","103,13","295,86","855,4","478,89","336,35","204,59","1213,57","46,63","280,0","1716,14","1317,6","128,1","8202,14"
2020-05-13,"745,37","473,58","97,29","269,73","836,5","477,97","305,53","200,59","1195,22","46,5","260,25","1694,66","1294,29","114,6","8012,1"
2020-05-14,"749,95","477,77","100,8","282,58","850,62","479,81","325,95","201,86","1200,41","47,99","280,25","1713,9","1309,78","122,1","8143,77"
2020-05-15,"745,52","481,96","98,75","276,37","852,86","473,24","323,64","204,27","1217,89","50,75","273,25","1725,03","1315,8","124,2","8163,54"
2020-05-18,"763,09","485,25","105,47","285,82","885,33","491,76","342,52","206,07","1229,53","52,3","292,25","1757,17","1355,88","130,2","8382,65"
2020-05-19,"758,68","489,87","97,88","272,83","871,98","487,82","327,11","204,47","1221,02","52,63","283,75","1752,76","1341,95","131,7","8294,44"
2020-05-20,"773,43","499,59","101,09","281,69","884,61","494,26","337,51","209,64","1237,96","53,61","275,75","1787,76","1364,75","131,7","8433,35"
2020-05-21,"767,66","489,35","105,76","302,8","882,06","488,61","361,4","209,28","1223,09","52,45","301,0","1768,29","1355,33","138,6","8445,68"
2020-05-22,"772,61","487,38","107,81","307,08","881,55","478,5","366,41","210,25","1223,62","53,95","295,5","1774,4","1357,9","141,6","8458,54"
2020-05-26,"767,37","484,37","108,69","309,3","900,89","489,0","367,18","211,46","1210,68","52,1","285,5","1769,6","1374,63","147,9","8478,68"
2020-05-27,"770,72","482,08","108,39","304,28","920,76","490,58","372,19","211,3","1212,28","50,95","276,75","1779,26","1395,09","158,7","8533,32"
2020-05-28,"771,06","480,22","101,97","287,59","915,64","487,17","340,21","210,99","1209,55","50,72","268,25","1776,94","1392,51","147,3","8440,13"
2020-05-29,"770,31","488,47","92,62","253,34","915,43","495,57","308,61","213,27","1221,89","53,05","259,0","1802,98","1398,72","151,2","8424,45"
2020-06-01,"779,78","494,21","97,29","269,29","918,96","507,0","328,65","213,47","1219,09","52,63","268,25","1808,39","1404,37","152,7","8514,07"
2020-06-02,"783,39","494,48","109,27","302,36","928,24","519,08","361,78","214,57","1232,95","52,74","281,75","1820,52","1416,0","162,9","8680,05"
2020-06-03,"787,7","495,68","119,2","324,21","947,4","531,17","391,45","214,12","1235,96","52,41","283,75","1828,71","1434,84","171,6","8818,2"
2020-06-04,"780,92","492,12","115,99","318,3","947,97","523,68","392,22","210,41","1219,69","52,42","279,25","1815,89","1431,07","173,4","8753,32"
2020-06-05,"803,16","496,6","119,5","319,78","977,53","537,47","399,54","214,23","1248,22","53,34","285,25","1851,89","1467,75","172,2","8946,46"
2020-06-08,"807,91","504,81","132,35","353,59","994,59","540,75","443,08","215,43","1255,96","52,65","302,0","1866,26","1485,49","197,1","9151,97"
2020-06-09,"833,42","520,17","123,29","327,46","984,15","537,08","414,95","216,03","1265,56","54,09","292,5","1879,78","1474,42","193,2","9116,1"
2020-06-10,"854,86","529,49","123,0","325,69","973,64","541,02","418,42","217,9","1312,5","56,01","283,0","1902,34","1466,19","188,1","9192,16"
2020-06-11,"813,82","511,59","110,73","296,45","907,29","512,78","384,52","208,56","1242,02","52,6","263,0","1808,08","1381,67","171,0","8664,11"
2020-06-12,"820,84","509,0","118,91","318,01","924,25","523,68","414,18","210,2","1251,82","53,41","271,5","1822,45","1398,21","181,8","8818,28"
2020-06-15,"831,0","514,54","115,41","308,56","930,04","518,92","401,85","211,36","1259,83","54,85","263,5","1844,63","1411,27","173,7","8839,45"
2020-06-16,"853,02","523,05","114,82","309,15","949,74","522,23","400,31","215,19","1290,7","54,22","265,25","1876,3","1438,43","174,0","8986,42"
2020-06-17,"851,83","528,2","111,9","292,02","942,54","527,25","387,6","216,09","1295,17","55,22","260,25","1882,25","1432,45","172,2","8954,98"
2020-06-18,"852,17","530,8","102,26","275,64","941,2","527,51","359,47","213,35","1309,04","55,12","243,0","1887,35","1433,01","160,5","8890,41"
2020-06-19,"847,3","535,0","108,69","296,16","934,36","527,38","393,76","211,94","1301,23","55,38","253,5","1887,04","1424,82","167,1","8943,66"
2020-06-22,"869,47","542,76","106,35","284,49","939,84","533,85","379,51","215,82","1337,37","56,96","246,5","1909,67","1433,96","161,4","9017,96"
2020-06-23,"888,03","552,88","108,39","292,61","944,1","539,0","394,53","217,8","1346,31","56,5","255,5","1925,93","1440,56","166,8","9128,95"
2020-06-24,"872,35","546,88","110,15","291,29","919,3","531,87","386,83","213,14","1319,17","55,22","254,5","1886,22","1403,81","163,8","8954,53"
2020-06-25,"883,93","550,92","118,91","306,49","929,45","534,12","411,1","214,39","1335,84","56,74","273,5","1904,18","1418,86","173,1","9111,53"
2020-06-26,"856,77","538,57","113,07","290,1","903,96","527,64","393,38","202,71","1309,1","54,74","262,75","1859,21","1385,16","171,0","8868,17"
2020-06-29,"876,52","536,08","115,41","291,58","923,92","530,02","398,0","207,86","1323,17","55,01","266,25","1879,49","1405,52","175,5","8984,32"
2020-06-30,"883,84","551,76","109,56","273,86","931,0","528,3","373,73","210,96","1356,98","56,79","262,25","1916,33","1423,52","172,5","9051,39"
2020-07-01,"882,17","575,74","112,19","276,97","928,98","534,25","376,42","214,53","1364,91","56,98","269,5","1938,7","1433,49","174,3","9139,13"
2020-07-02,"882,17","578,06","106,06","266,63","932,98","546,4","355,23","218,68","1375,31","57,47","259,75","1951,85","1441,39","174,0","9146,0"
2020-07-06,"905,76","611,41","128,26","326,57","949,52","569,92","436,14","223,1","1404,92","58,83","291,25","1999,84","1463,64","187,2","9556,37"
2020-07-07,"902,95","600,02","121,83","307,67","935,22","560,41","419,58","221,66","1388,58","59,03","280,5","1986,06","1448,54","180,6","9412,66"
2020-07-08,"923,98","616,22","123,59","313,14","941,29","574,94","424,97","223,69","1419,12","61,08","286,5","2012,22","1459,62","186,0","9566,37"
2020-07-09,"927,96","636,53","115,99","300,14","928,72","574,94","405,32","225,93","1429,06","62,84","274,5","2029,17","1451,31","185,7","9548,11"
2020-07-10,"929,58","640,0","123,0","316,97","941,65","571,24","438,07","228,96","1424,72","62,66","284,0","2043,03","1466,13","189,0","9659,02"
2020-07-13,"925,29","620,8","123,88","319,78","942,44","567,41","436,91","224,98","1380,71","60,11","287,5","2001,0","1453,44","186,0","9530,25"
2020-07-14,"940,6","616,8","121,83","316,68","962,48","568,2","434,22","226,26","1389,25","62,05","287,0","2015,16","1472,27","189,9","9602,71"
2020-07-15,"947,07","601,77","126,22","332,33","970,86","569,92","450,01","225,67","1387,18","61,15","292,25","2019,27","1485,8","195,3","9664,8"
2020-07-16,"935,42","599,98","123,88","324,5","965,66","561,86","443,46","225,38","1359,71","60,6","286,5","2005,49","1480,91","195,6","9568,94"
2020-07-17,"933,53","592,39","120,08","316,38","963,78","565,03","432,68","225,66","1352,78","61,0","276,25","2007,81","1485,2","192,3","9524,87"
2020-07-20,"953,2","639,37","117,74","305,02","964,07","572,3","419,58","232,65","1410,92","62,85","275,5","2064,78","1497,2","192,3","9707,47"
2020-07-21,"940,05","627,66","122,42","317,57","969,56","577,58","437,68","231,47","1391,92","61,76","289,5","2043,26","1500,39","194,7","9705,51"
2020-07-22,"942,69","619,98","129,43","342,96","975,49","575,07","473,9","232,8","1411,92","62,42","307,5","2050,46","1508,93","199,2","9832,74"
2020-07-23,"899,78","597,31","133,52","345,91","963,6","570,45","480,45","225,65","1350,51","60,57","307,25","1996,9","1490,92","204,3","9627,12"
2020-07-24,"897,55","601,78","132,64","347,39","956,38","569,92","480,45","224,38","1342,24","60,96","307,0","1977,94","1481,32","199,8","9579,74"
2020-07-27,"918,82","611,04","134,98","352,85","960,93","578,77","492,01","227,53","1359,24","62,31","301,0","2013,23","1492,12","199,2","9704,05"
2020-07-28,"903,73","600,07","130,01","336,91","953,63","574,01","470,82","223,7","1347,04","61,08","288,0","1987,61","1482,66","194,4","9553,67"
2020-07-29,"921,05","606,71","129,72","340,3","959,3","583,26","474,67","226,65","1360,64","62,58","285,5","2010,52","1500,9","194,1","9655,91"
2020-07-30,"932,2","610,38","126,8","324,21","951,28","575,86","466,97","228,86","1359,58","63,46","279,0","2021,05","1495,54","189,9","9625,08"
2020-07-31,"1029,79","632,94","120,96","314,17","955,15","571,9","462,34","221,36","1366,98","63,47","273,5","2057,11","1507,36","186,9","9763,92"
2020-08-03,"1055,74","622,38","130,89","346,65","963,71","575,86","511,27","220,59","1443,86","65,83","303,5","2084,9","1517,84","199,8","10042,82"
2020-08-04,"1062,79","627,77","132,06","342,96","969,82","583,53","502,8","219,18","1422,19","67,13","305,75","2092,64","1523,7","204,3","10056,6"
2020-08-05,"1066,64","641,01","125,34","329,52","982,79","589,87","487,39","220,04","1419,86","67,49","290,5","2097,82","1533,16","201,6","10053,02"
2020-08-06,"1103,85","645,0","123,59","327,31","989,65","591,72","488,93","223,89","1442,59","67,78","289,75","2125,61","1543,41","195,0","10158,08"
2020-08-07,"1078,75","633,49","123,59","328,93","992,25","579,56","495,09","222,91","1416,79","66,97","288,25","2101,07","1544,52","193,2","10065,39"
2020-08-10,"1094,43","629,63","120,96","324,06","1004,97","581,02","479,3","222,68","1388,58","66,76","280,75","2092,1","1549,14","187,2","10021,57"
2020-08-11,"1061,89","616,13","113,07","306,49","1001,54","579,43","456,95","220,26","1356,11","64,88","275,5","2052,47","1536,35","177,0","9818,06"
2020-08-12,"1097,18","632,45","108,1","290,55","1011,84","587,22","441,54","224,23","1394,85","68,4","263,75","2104,09","1557,77","167,1","9949,07"
2020-08-13,"1116,59","632,2","107,52","298,22","1009,6","585,51","444,23","225,63","1391,58","68,42","275,0","2108,89","1554,95","169,8","9988,16"
2020-08-14,"1115,6","629,6","106,06","298,82","1010,97","584,45","438,07","223,84","1392,92","69,14","278,75","2106,41","1555,0","171,6","9981,24"
2020-08-17,"1112,69","636,48","98,75","281,98","1007,9","591,85","415,72","225,57","1402,12","73,77","269,5","2130,87","1559,94","163,2","9970,34"
2020-08-18,"1121,96","662,5","97,0","279,03","1005,19","591,19","410,71","231,45","1410,19","73,31","272,0","2151,38","1563,31","163,2","10032,42"
2020-08-19,"1123,37","652,1","98,75","275,05","1002,41","583,92","399,54","229,79","1401,63","72,58","272,25","2136,91","1556,8","164,1","9969,19"
2020-08-20,"1148,29","659,47","96,41","272,24","1004,0","582,07","394,92","234,5","1434,25","72,59","272,75","2166,55","1561,65","164,1","10063,8"
2020-08-21,"1207,47","656,94","97,0","268,99","1011,33","584,98","389,52","234,4","1423,82","75,84","274,75","2181,57","1567,19","160,5","10134,29"
2020-08-24,"1221,91","661,49","96,12","271,06","1025,41","591,45","387,6","235,82","1428,3","76,06","275,75","2195,19","1583,07","162,0","10211,23"
2020-08-25,"1211,89","669,3","97,88","274,31","1023,38","597,4","391,84","238,9","1446,88","76,24","279,75","2212,45","1588,61","166,5","10275,31"
2020-08-26,"1228,37","688,37","94,66","270,62","1026,32","598,98","386,83","244,6","1478,16","76,37","286,0","2259,66","1604,53","166,8","10410,27"
2020-08-27,"1213,68","680,0","94,08","263,97","1032,15","593,96","381,43","242,28","1514,46","75,51","287,75","2252,62","1608,04","161,4","10401,32"
2020-08-28,"1211,72","680,36","102,26","283,31","1038,16","601,76","408,4","243,9","1530,03","78,61","299,75","2264,07","1618,43","171,3","10532,06"
2020-08-31,"1252,81","690,19","98,46","279,77","1029,39","588,41","398,0","242,43","1507,44","79,97","287,25","2282,26","1612,57","167,4","10516,35"
2020-09-01,"1302,71","699,82","100,5","277,7","1038,48","598,45","400,7","246,23","1519,07","82,66","294,5","2321,27","1627,75","169,2","10679,06"
2020-09-02,"1275,72","706,29","97,0","278,44","1054,49","596,87","389,52","255,5","1548,34","85,81","294,0","2343,25","1651,3","166,2","10742,73"
2020-09-03,"1173,58","673,6","98,46","285,97","1025,99","585,51","396,07","242,42","1452,43","77,85","297,75","2224,44","1594,47","165,6","10294,15"
2020-09-04,"1174,36","658,92","99,04","279,47","1020,31","585,77","392,22","235,24","1432,04","75,5","299,0","2194,8","1581,45","162,6","10190,73"
2020-09-08,"1095,33","629,97","100,21","278,59","997,31","575,6","395,3","226,67","1354,58","71,25","298,25","2089,31","1538,24","163,2","9813,81"
2020-09-09,"1139,02","653,72","98,75","276,67","1013,35","584,19","396,07","230,18","1412,26","76,05","299,0","2150,69","1568,62","162,3","10060,87"
2020-09-10,"1101,84","635,02","98,75","276,52","998,65","574,81","394,92","227,03","1372,69","73,64","297,5","2107,81","1541,38","154,8","9855,36"
2020-09-11,"1087,37","623,24","96,12","265,74","1003,36","580,35","375,27","225,5","1363,73","72,76","295,75","2093,18","1542,17","155,1","9779,65"
2020-09-14,"1119,99","620,59","93,2","257,62","1015,82","589,73","354,85","224,47","1372,96","76,99","286,5","2129,63","1562,48","151,8","9856,64"
2020-09-15,"1121,74","631,23","91,74","254,82","1016,0","595,94","353,31","228,38","1395,48","77,7","287,0","2159,82","1570,37","153,6","9937,13"
2020-09-16,"1088,63","615,62","85,31","238,28","1017,63","595,15","322,1","224,95","1370,55","74,85","268,25","2125,38","1564,14","145,5","9736,35"
2020-09-17,"1071,26","601,75","81,51","227,06","1012,34","592,77","303,61","221,23","1356,25","74,55","266,25","2092,17","1550,38","136,5","9587,62"
2020-09-18,"1037,27","590,98","80,93","226,18","1003,69","588,15","302,83","215,88","1339,4","72,9","268,0","2065,47","1532,53","133,8","9458,03"
2020-09-21,"1068,73","592,09","77,72","217,32","985,25","582,73","292,82","212,76","1353,77","74,87","265,5","2070,43","1515,48","123,9","9433,37"
2020-09-22,"1085,53","625,8","74,79","208,17","990,22","578,37","279,33","217,18","1386,39","75,59","260,75","2108,89","1530,91","116,4","9538,32"
2020-09-23,"1039,99","599,97","70,41","197,24","971,24","569,39","264,31","209,68","1340,74","72,51","238,75","2044,5","1495,41","109,8","9223,94"
2020-09-24,"1050,67","603,96","76,84","216,14","973,13","566,75","293,97","211,68","1358,12","73,85","253,5","2054,02","1499,39","115,2","9347,22"
2020-09-25,"1090,09","619,03","76,84","214,37","986,2","567,28","285,11","214,09","1389,07","77,0","258,25","2101,77","1523,63","110,4","9513,12"
2020-09-28,"1116,11","634,81","76,55","211,56","1001,44","573,62","278,56","217,01","1399,89","77,96","258,5","2145,42","1548,94","111,6","9651,97"
2020-09-29,"1107,66","628,98","73,33","208,17","996,07","573,22","275,86","218,1","1385,32","79,1","253,25","2135,75","1540,51","108,3","9583,62"
2020-09-30,"1124,36","629,75","73,63","211,12","1007,25","582,47","278,95","218,04","1405,84","80,93","258,25","2150,38","1552,19","107,1","9680,23"
2020-10-01,"1133,88","644,25","77,42","215,84","1009,57","587,88","285,88","221,36","1420,08","81,43","264,5","2184,51","1562,15","109,5","9798,26"
2020-10-02,"1097,27","625,0","75,96","210,38","1004,71","581,15","280,87","216,55","1378,17","78,13","269,5","2123,05","1547,32","108,9","9596,97"
2020-10-05,"1131,06","639,84","78,01","207,43","1021,8","588,94","274,32","220,6","1406,18","81,6","274,75","2168,33","1574,76","111,9","9779,52"
2020-10-06,"1098,63","619,99","73,33","202,85","1008,05","590,0","266,23","215,87","1376,3","82,16","259,25","2129,63","1552,37","107,1","9581,77"
2020-10-07,"1117,27","639,14","73,63","204,92","1026,92","596,47","272,01","217,08","1402,5","83,52","261,5","2166,47","1579,39","109,8","9750,63"
2020-10-08,"1116,21","638,11","75,09","210,68","1031,89","601,36","279,33","220,69","1407,51","82,77","266,25","2178,01","1593,39","114,3","9815,59"
2020-10-09,"1135,62","657,33","73,92","208,17","1037,85","605,46","275,12","224,71","1442,47","82,32","270,75","2211,29","1607,62","116,1","9948,72"
2020-10-12,"1207,76","688,59","73,63","204,03","1047,03","610,74","272,79","232,76","1479,83","85,09","281,75","2279,55","1633,48","113,7","10210,73"
2020-10-13,"1175,72","688,73","71,0","197,98","1040,79","608,23","264,6","233,13","1489,59","85,22","282,0","2279,47","1622,82","112,5","10151,78"
2020-10-14,"1176,59","672,74","70,7","195,77","1034,94","604,13","257,59","232,59","1476,22","84,3","288,25","2260,43","1612,62","112,5","10079,4"
2020-10-15,"1171,93","667,73","70,7","195,47","1034,62","599,77","255,64","231,41","1468,2","83,56","288,75","2245,26","1610,63","107,1","10030,78"
2020-10-16,"1155,53","654,54","76,55","199,9","1038,42","601,89","263,43","233,23","1468,2","82,61","294,0","2232,96","1609,66","106,8","10017,71"
2020-10-19,"1126,01","641,44","77,72","204,18","1024,11","600,17","268,5","227,61","1431,84","80,73","300,75","2196,5","1585,19","107,7","9872,46"
2020-10-20,"1140,87","643,4","75,67","194,58","1027,45","606,78","257,59","230,75","1434,72","81,61","300,0","2201,23","1591,54","103,8","9889,99"
2020-10-21,"1134,65","636,99","72,75","186,76","1023,89","608,49","252,91","235,95","1435,72","80,89","279,75","2199,52","1588,52","100,2","9837,0"
2020-10-22,"1123,78","635,28","77,42","190,45","1029,99","608,36","257,2","239,02","1436,32","79,91","284,75","2199,44","1597,24","103,5","9862,68"
2020-10-23,"1116,89","640,88","78,59","192,67","1028,87","611,93","259,15","242,94","1445,28","81,28","299,25","2203,78","1602,66","108,3","9912,46"
2020-10-26,"1116,98","641,41","76,26","191,19","1005,85","604,0","261,87","235,7","1404,17","78,6","309,75","2170,73","1573,04","108,3","9777,85"
2020-10-27,"1132,03","657,27","71,58","180,41","997,35","606,64","247,85","237,87","1425,36","80,13","295,0","2187,68","1567,62","99,6","9786,38"
2020-10-28,"1079,6","632,56","67,78","173,32","964,01","591,45","238,49","224,76","1354,71","75,52","277,25","2102,39","1514,04","93,0","9388,9"
2020-10-29,"1119,6","642,2","70,41","177,75","968,04","597,4","245,9","231,62","1368,35","77,9","282,75","2139,15","1529,43","97,8","9548,3"
2020-10-30,"1056,89","607,23","71,0","176,13","962,49","590,66","243,95","240,43","1353,31","74,97","295,0","2084,9","1513,48","96,6","9367,02"
2020-11-02,"1056,01","600,9","79,47","193,99","977,52","598,19","270,45","241,65","1352,37","75,25","303,5","2089,54","1530,45","99,6","9468,89"
2020-11-03,"1072,23","609,68","80,64","194,58","997,31","600,83","274,73","244,83","1379,77","77,87","308,5","2125,69","1557,47","105,6","9629,73"
2020-11-04,"1116,01","648,23","76,84","189,56","1011,33","619,72","273,56","259,73","1446,35","82,5","309,0","2220,57","1592,28","105,0","9950,7"
2020-11-05,"1155,62","664,4","82,98","206,69","1030,94","630,29","293,05","262,21","1492,47","84,69","316,0","2278,47","1623,33","112,2","10233,33"
2020-11-06,"1154,31","662,27","83,27","207,13","1028,43","633,2","296,56","261,8","1495,34","87,1","326,25","2280,17","1622,96","111,9","10250,68"
2020-11-09,"1131,26","628,75","89,69","221,75","1059,3","637,56","315,26","262,05","1459,72","81,53","325,75","2233,58","1643,35","124,2","10213,74"
2020-11-10,"1127,86","607,0","97,58","241,68","1069,43","630,29","342,93","258,52","1410,39","76,38","328,5","2193,56","1640,94","142,5","10167,57"
2020-11-11,"1162,09","627,48","93,79","231,64","1067,98","634,39","323,45","259,94","1447,42","80,25","343,75","2242,63","1653,13","137,4","10305,33"
2020-11-12,"1159,37","622,06","85,9","216,14","1056,86","629,63","308,25","259,28","1440,0","80,49","324,25","2232,11","1637,1","129,6","10181,02"
2020-11-13,"1159,85","625,76","92,32","225,59","1071,75","638,48","321,89","263,66","1447,15","79,53","334,5","2251,69","1659,76","137,1","10309,04"
2020-11-16,"1169,97","626,21","94,37","226,47","1089,29","646,41","326,17","263,92","1451,96","80,84","340,0","2269,26","1680,48","140,7","10406,05"
2020-11-17,"1161,12","627,13","94,95","232,08","1083,23","645,75","335,53","262,08","1433,45","80,28","341,25","2262,06","1671,44","147,6","10377,95"
2020-11-18,"1147,89","621,09","88,82","221,75","1070,34","643,5","319,16","258,96","1414,55","80,32","330,75","2245,34","1651,33","142,2","10235,99"
2020-11-19,"1153,82","623,4","89,99","223,08","1072,41","644,56","324,61","261,62","1423,53","80,39","325,5","2262,91","1658,28","143,4","10287,5"
2020-11-20,"1141,18","619,88","90,28","220,72","1064,59","648,13","316,43","258,32","1409,93","78,28","331,75","2247,43","1646,92","142,8","10216,63"
2020-11-23,"1107,24","619,68","89,69","223,82","1076,82","649,84","323,84","257,01","1408,05","78,59","347,5","2247,51","1656,8","150,0","10236,38"
2020-11-24,"1120,08","623,61","95,83","243,45","1093,34","658,56","343,71","262,42","1433,18","77,5","350,0","2279,09","1683,49","159,9","10424,16"
2020-11-25,"1128,44","637,01","96,71","243,16","1087,19","654,86","341,37","262,45","1433,25","79,16","351,5","2293,09","1680,9","155,7","10444,79"
2020-11-27,"1133,89","639,07","102,55","250,39","1089,01","661,07","353,45","265,86","1442,36","79,32","352,0","2314,22","1685,58","162,0","10530,76"
2020-11-30,"1157,81","633,61","93,49","235,77","1079,47","643,77","335,53","261,0","1434,59","80,16","352,25","2318,94","1678,12","150,9","10455,41"
2020-12-01,"1193,5","644,02","97,29","240,65","1086,1","656,45","345,27","267,1","1448,93","80,09","353,75","2348,66","1696,47","158,1","10616,37"
2020-12-02,"1197,01","640,71","101,97","249,8","1088,79","657,37","355,4","271,5","1443,3","81,01","354,5","2351,68","1700,04","160,2","10653,27"
2020-12-03,"1195,64","637,35","100,21","246,4","1091,99","664,9","349,56","271,04","1435,73","80,15","360,5","2355,01","1699,58","153,9","10641,95"
2020-12-04,"1188,93","632,52","104,3","248,77","1101,2","671,77","353,84","271,32","1436,53","81,12","351,25","2364,61","1714,22","158,7","10679,08"
2020-12-07,"1203,52","631,6","101,97","244,63","1095,78","671,77","348,78","270,32","1436,06","81,41","353,25","2378,0","1710,7","157,5","10685,28"
2020-12-08,"1209,65","635,46","97,88","238,73","1099,78","672,04","339,81","269,47","1447,59","79,87","345,0","2386,05","1715,71","154,8","10691,82"
2020-12-09,"1184,36","620,84","96,12","239,17","1094,98","666,23","342,54","264,49","1419,37","77,36","337,75","2332,02","1700,32","154,2","10529,76"
2020-12-10,"1198,56","620,3","100,5","250,69","1093,74","674,81","365,53","262,97","1410,8","77,61","359,5","2341,39","1699,76","166,2","10622,37"
2020-12-11,"1190,49","623,28","96,12","243,01","1095,16","670,06","350,33","264,04","1429,16","77,86","355,75","2336,2","1697,77","163,5","10592,73"
2020-12-14,"1184,36","631,39","93,79","238,43","1088,5","666,57","343,32","260,68","1435,46","79,62","353,75","2353,15","1690,17","161,7","10580,9"
2020-12-15,"1243,69","633,02","95,54","245,37","1101,31","673,78","353,06","262,0","1434,99","79,93","356,0","2378,31","1713,02","165,3","10735,32"
2020-12-16,"1243,01","648,19","95,25","243,75","1099,6","676,98","352,28","261,42","1469,5","79,23","359,75","2391,39","1715,71","164,4","10800,45"
2020-12-17,"1251,66","647,22","94,66","241,09","1104,47","681,39","346,83","258,94","1470,44","79,82","366,0","2407,02","1725,3","164,4","10839,24"
2020-12-18,"1231,82","640,33","93,49","235,18","1100,82","680,59","340,2","256,81","1464,88","79,4","360,0","2399,75","1718,41","161,7","10763,39"
2020-12-21,"1247,09","641,24","90,57","228,1","1101,7","670,58","330,07","258,05","1491,68","79,76","343,0","2395,26","1712,27","155,7","10745,06"
2020-12-22,"1282,59","641,3","92,32","226,03","1094,15","665,24","329,29","255,92","1500,73","79,44","340,25","2401,77","1709,38","150,3","10768,72"
2020-12-23,"1273,64","637,05","92,62","234,89","1098,56","672,05","338,64","257,11","1481,16","77,83","334,5","2389,67","1710,92","151,2","10749,84"
2020-12-24,"1283,46","634,54","91,74","229,87","1101,26","669,11","338,25","257,99","1492,76","77,74","332,0","2400,22","1717,57","148,2","10774,71"
2020-12-28,"1329,37","656,79","92,32","228,84","1108,48","670,98","337,86","263,91","1507,57","77,18","329,75","2424,41","1732,33","147,3","10907,09"
2020-12-29,"1311,67","664,4","96,41","240,06","1106,51","680,99","355,79","261,5","1502,14","77,44","332,0","2426,58","1729,02","147,9","10932,41"
2020-12-30,"1300,48","657,17","95,54","233,86","1108,95","690,06","346,05","258,3","1485,58","78,65","342,25","2426,66","1731,49","147,0","10902,05"
2020-12-31,"1290,47","651,39","93,79","229,87","1115,0","689,66","340,59","260,74","1490,54","78,11","344,5","2432,63","1740,29","141,0","10898,57"
2021-01-04,"1258,57","637,33","88,23","215,84","1102,35","694,07","322,67","256,8","1458,85","78,46","327,0","2398,28","1716,6","135,6","10690,63"
2021-01-05,"1274,13","643,7","87,36","214,81","1107,89","710,75","319,16","258,87","1460,25","80,2","325,0","2418,05","1728,42","138,6","10767,19"
2021-01-06,"1231,24","627,68","87,07","218,21","1123,83","704,75","323,84","256,31","1422,39","75,47","324,5","2384,56","1738,75","139,5","10658,08"
2021-01-07,"1273,25","632,43","86,48","219,09","1132,18","711,42","324,22","263,97","1462,87","79,84","335,5","2442,24","1764,59","143,4","10871,48"
2021-01-08,"1284,24","636,54","86,77","216,73","1134,15","730,24","320,33","267,46","1471,78","79,43","325,25","2473,65","1774,64","140,7","10941,91"
2021-01-11,"1254,38","622,84","82,68","209,05","1130,98","720,36","309,42","261,28","1457,51","81,5","315,5","2437,9","1762,68","132,6","10778,68"
2021-01-12,"1252,63","624,17","87,65","212,01","1133,05","727,44","316,04","258,48","1440,35","80,68","317,0","2434,03","1763,05","125,4","10771,97"
2021-01-13,"1272,96","633,18","87,65","208,76","1132,65","729,04","315,65","259,94","1449,8","80,96","317,25","2450,46","1767,8","122,7","10828,8"
2021-01-14,"1253,7","625,49","89,69","213,92","1130,54","735,85","322,28","257,51","1427,55","78,98","324,25","2437,36","1761,61","124,5","10783,23"
2021-01-15,"1236,49","620,85","86,48","206,69","1123,97","725,44","311,75","257,02","1425,07","76,94","320,75","2418,05","1748,76","118,8","10677,05"
2021-01-19,"1243,2","624,15","85,6","205,95","1128,34","737,45","303,18","265,48","1450,47","77,93","325,0","2453,33","1762,49","118,2","10780,78"
2021-01-20,"1284,05","652,68","87,65","210,68","1137,28","750,4","307,08","279,7","1503,41","79,97","331,5","2510,4","1786,88","110,4","11032,06"
2021-01-21,"1331,12","661,4","84,14","205,07","1137,64","751,73","296,56","280,31","1507,63","82,97","315,0","2530,48","1788,51","97,5","11070,05"
2021-01-22,"1352,51","658,45","82,1","197,24","1130,71","745,19","291,49","281,56","1514,2","82,04","309,75","2523,19","1782,18","104,7","11055,31"
2021-01-25,"1389,96","658,8","80,93","197,54","1129,55","750,8","287,59","281,81","1538,19","81,69","314,25","2544,05","1789,21","103,5","11147,86"
2021-01-26,"1392,29","665,23","82,68","205,21","1128,6","745,32","303,18","283,85","1556,96","80,38","327,0","2547,77","1786,42","112,2","11217,09"
2021-01-27,"1381,59","646,52","84,73","203,15","1106,24","724,63","300,45","270,6","1560,78","77,28","330,0","2476,75","1742,75","121,5","11026,98"
2021-01-28,"1333,26","647,52","82,68","202,85","1116,49","729,71","302,01","275,7","1601,19","78,08","331,25","2491,4","1757,74","119,4","11069,29"
2021-01-29,"1283,37","641,24","78,59","196,65","1093,65","711,55","290,71","271,86","1554,48","77,72","315,25","2438,99","1722,55","109,5","10786,11"
2021-02-01,"1304,57","668,58","80,93","201,23","1101,71","730,77","306,3","281,63","1606,01","79,19","339,75","2499,93","1751,23","120,3","11072,14"
2021-02-02,"1312,83","676,0","81,22","197,98","1119,22","740,25","303,18","285,51","1605,07","81,11","328,0","2540,72","1775,99","117,3","11164,38"
2021-02-03,"1302,62","662,51","83,27","199,6","1120,83","743,99","303,18","306,3","1628,46","80,95","328,25","2530,64","1777,39","129,0","11196,98"
2021-02-04,"1336,18","666,2","83,85","203,59","1133,27","744,26","312,53","305,52","1621,83","81,75","336,0","2560,57","1797,59","129,0","11312,12"
2021-02-05,"1332,04","670,43","86,77","211,12","1136,44","750,66","322,28","310,76","1623,1","81,31","335,25","2569,25","1804,66","126,3","11360,37"
2021-02-08,"1333,5","664,59","87,65","214,96","1145,01","752,0","323,84","310,11","1624,91","86,38","340,5","2586,46","1817,7","135,3","11422,9"
2021-02-09,"1324,73","661,0","88,53","217,17","1145,12","760,01","322,28","308,76","1633,62","85,33","341,0","2585,92","1816,48","140,4","11430,35"
2021-02-10,"1318,69","657,32","87,94","214,52","1147,24","762,67","316,82","310,41","1627,25","88,33","339,75","2580,03","1815,69","135,6","11402,26"
2021-02-11,"1316,16","652,43","89,99","219,98","1147,89","770,82","323,45","310,74","1638,45","91,24","344,25","2594,22","1818,63","138,0","11456,23"
2021-02-12,"1318,5","655,54","88,23","218,94","1149,21","771,48","322,67","311,68","1641,8","89,51","360,75","2608,71","1827,61","139,2","11503,84"
2021-02-16,"1297,26","653,79","92,03","228,84","1151,18","773,35","334,75","314,01","1633,15","91,72","376,0","2601,66","1826,03","142,2","11515,97"
2021-02-17,"1274,38","661,73","89,11","229,43","1154,9","773,62","336,31","315,19","1640,27","89,18","374,5","2589,18","1826,45","144,0","11498,23"
2021-02-18,"1263,37","665,65","90,28","226,47","1151,1","762,94","339,81","313,28","1637,52","88,72","365,25","2577,86","1818,67","138,9","11439,82"
2021-02-19,"1264,93","649,98","91,45","225,14","1150,96","767,88","336,31","310,75","1618,58","89,3","368,0","2566,61","1815,46","132,0","11387,35"
2021-02-22,"1227,23","636,15","85,02","210,09","1152,02","745,32","312,92","305,61","1575,18","85,89","361,75","2500,09","1801,5","123,3","11122,08"
2021-02-23,"1225,87","638,9","84,14","207,87","1152,68","748,66","309,81","306,48","1566,86","84,61","356,5","2492,64","1803,68","123,0","11101,71"
2021-02-24,"1220,9","631,91","85,6","214,66","1167,81","743,85","317,99","310,01","1575,45","86,75","358,75","2513,19","1823,56","133,8","11184,24"
2021-02-25,"1178,44","611,43","82,98","203,44","1147,53","726,9","298,12","299,91","1538,11","79,62","335,5","2425,57","1779,62","128,4","10835,56"
2021-02-26,"1181,07","618,59","79,18","200,19","1130,97","717,16","290,32","300,8","1560,88","82,05","333,25","2435,73","1770,45","129,9","10830,54"
2021-03-01,"1244,67","629,23","79,18","208,17","1153,41","736,38","295,78","307,9","1591,51","82,81","334,5","2509,0","1813,37","124,8","11110,7"
2021-03-02,"1218,66","618,91","78,59","208,76","1148,29","729,17","298,89","307,13","1570,89","80,21","331,75","2468,76","1799,22","118,8","10978,03"
2021-03-03,"1188,86","601,0","78,3","200,19","1143,91","727,7","283,7","299,24","1528,5","76,61","331,75","2397,12","1775,38","119,7","10751,96"
2021-03-04,"1170,06","595,51","79,47","198,87","1131,45","710,75","287,98","302,59","1522,93","74,01","337,75","2357,89","1753,41","125,7","10648,37"
2021-03-05,"1182,63","600,09","78,59","193,4","1152,13","718,49","277,46","311,98","1555,64","74,56","341,75","2393,4","1785,67","127,5","10793,29"
2021-03-08,"1133,34","590,39","74,21","187,79","1163,13","699,14","277,85","298,66","1527,36","69,36","332,0","2325,63","1776,78","118,5","10574,15"
2021-03-09,"1179,41","612,57","74,79","190,16","1164,45","714,49","280,19","303,55","1570,28","74,93","332,5","2417,35","1802,15","122,4","10839,22"
2021-03-10,"1168,6","611,53","80,64","205,36","1181,7","711,29","302,01","302,92","1561,15","74,62","347,0","2410,45","1813,37","129,3","10899,94"
2021-03-11,"1187,88","622,72","83,85","209,79","1189,01","733,71","306,3","312,5","1592,78","77,77","349,25","2465,97","1831,75","132,0","11095,28"
2021-03-12,"1178,83","617,9","84,14","212,89","1199,9","720,63","309,42","304,98","1583,51","76,94","357,25","2445,97","1834,22","132,3","11058,88"
2021-03-15,"1207,66","616,34","89,69","219,09","1206,41","722,37","320,33","305,64","1577,2","78,95","367,25","2472,1","1845,16","135,3","11163,47"
2021-03-16,"1223,05","618,37","87,94","215,99","1201,91","725,44","311,75","310,02","1596,68","79,55","364,5","2485,66","1842,83","131,7","11195,39"
2021-03-17,"1215,16","627,15","85,31","218,5","1208,89","726,37","314,48","309,77","1592,18","79,85","367,25","2495,9","1849,11","136,8","11226,72"
2021-03-18,"1173,96","605,6","82,68","209,5","1203,74","713,02","303,96","300,72","1549,73","76,14","362,0","2419,45","1822,21","130,5","10953,2"
2021-03-19,"1168,7","614,99","83,27","211,12","1193,93","721,83","308,64","301,55","1547,24","76,88","364,75","2427,98","1818,84","132,0","10971,71"
2021-03-22,"1201,81","622,17","84,44","213,92","1198,43","719,7","307,86","302,11","1585,13","78,92","371,75","2473,51","1833,36","131,7","11124,8"
2021-03-23,"1193,53","627,5","84,73","215,11","1186,78","705,95","307,08","303,69","1595,81","78,23","364,5","2462,72","1818,93","126,0","11070,55"
2021-03-24,"1169,67","617,41","82,1","207,43","1186,86","689,8","298,12","302,38","1581,57","75,67","365,25","2421,18","1809,69","123,0","10930,12"
2021-03-25,"1174,54","609,25","80,93","200,93","1194,58","693,0","296,17","302,37","1560,61","75,02","352,75","2416,99","1819,87","123,0","10900,02"
2021-03-26,"1180,58","610,41","79,18","201,97","1210,77","711,02","298,12","301,22","1588,42","76,84","352,5","2453,25","1849,19","123,6","11037,06"
2021-03-29,"1182,33","615,15","79,76","201,97","1214,62","706,08","295,78","304,35","1580,09","77,49","363,0","2452,55","1848,26","122,7","11044,13"
2021-03-30,"1167,82","611,06","80,35","197,98","1211,54","708,35","300,06","304,45","1557,32","77,04","369,5","2440,2","1843,36","123,6","10992,63"
2021-03-31,"1189,74","618,82","79,76","197,09","1209,2","711,95","296,56","306,84","1583,65","79,89","371,0","2477,55","1850,83","123,3","11096,17"
2021-04-01,"1198,01","632,2","80,05","194,58","1213,85","718,89","295,78","316,85","1627,85","82,66","374,75","2519,78","1870,81","127,2","11253,27"
2021-04-05,"1226,26","645,35","78,59","194,44","1227,58","721,7","298,89","330,12","1672,98","83,71","371,5","2570,09","1897,67","124,5","11443,38"
2021-04-06,"1229,28","644,76","81,51","200,49","1224,54","725,7","303,96","328,67","1664,86","82,96","375,0","2568,3","1896,55","131,4","11457,99"
2021-04-07,"1245,74","655,88","79,18","195,62","1224,54","715,02","302,79","333,1","1678,56","84,65","367,25","2574,51","1898,74","128,7","11484,28"
2021-04-08,"1269,7","659,86","80,93","196,06","1227,33","720,9","300,06","334,8","1701,06","85,69","365,25","2601,37","1907,75","125,4","11576,16"
2021-04-09,"1295,41","674,44","78,88","193,11","1237,32","714,76","292,66","337,81","1718,52","86,18","360,5","2617,13","1921,62","120,6","11648,96"
2021-04-12,"1278,27","675,88","77,13","187,05","1236,19","710,49","285,26","333,93","1718,93","91,02","367,5","2613,72","1922,32","117,6","11615,29"
2021-04-13,"1309,34","680,0","75,38","188,83","1233,41","713,42","284,09","335,39","1736,26","93,84","354,75","2644,23","1928,02","117,9","11694,85"
2021-04-14,"1285,97","666,6","76,26","188,53","1236,11","717,03","286,04","333,53","1716,78","91,43","354,0","2612,48","1921,44","118,2","11604,38"
2021-04-15,"1310,02","675,82","74,5","184,99","1246,77","723,57","280,58","339,98","1743,04","96,58","354,25","2652,07","1942,08","115,2","11739,45"
2021-04-16,"1306,71","679,89","77,42","191,93","1252,38","725,44","287,2","339,61","1751,37","95,23","364,0","2655,17","1948,57","118,8","11793,73"
2021-04-19,"1313,34","674,4","77,42","191,78","1248,32","722,77","289,15","340,65","1737,93","91,94","365,0","2630,88","1939,0","117,6","11740,17"
2021-04-20,"1296,49","666,94","76,26","186,02","1238,68","716,89","280,19","339,05","1734,71","90,8","357,5","2611,7","1924,8","114,0","11634,02"
2021-04-21,"1300,28","672,4","76,84","187,79","1250,33","721,3","281,75","338,95","1750,29","91,93","355,75","2634,06","1943,01","115,8","11720,49"
2021-04-22,"1285,09","661,81","74,5","185,43","1238,68","718,76","280,19","335,11","1727,39","88,88","354,5","2602,31","1925,27","112,8","11590,71"
2021-04-23,"1308,27","668,18","74,5","185,14","1247,15","729,17","280,58","342,16","1754,12","91,36","346,25","2635,07","1946,14","112,5","11720,59"
2021-04-26,"1312,17","681,8","75,09","189,56","1245,09","730,11","288,76","343,65","1756,81","92,63","335,25","2652,22","1950,2","113,4","11766,75"
2021-04-27,"1308,95","683,49","78,59","204,92","1244,95","729,71","300,84","340,83","1759,63","92,06","336,25","2640,73","1949,78","116,4","11787,13"
2021-04-28,"1301,06","691,7","79,47","204,33","1239,6","735,18","303,57","350,96","1709,86","91,43","340,5","2631,81","1949,22","120,0","11748,68"
2021-04-29,"1300,09","694,26","78,88","202,26","1247,66","733,44","297,34","355,97","1696,09","91,72","340,5","2641,28","1961,64","119,7","11760,84"
2021-04-30,"1280,41","693,48","76,55","197,39","1241,69","720,5","291,88","350,13","1693,87","89,83","335,5","2623,97","1948,76","113,4","11657,35"
2021-05-03,"1290,93","677,3","74,21","195,17","1249,64","720,5","285,26","348,58","1691,72","88,8","334,0","2609,99","1952,96","112,8","11631,86"
2021-05-04,"1245,25","662,37","74,5","190,75","1251,03","712,35","282,14","343,19","1664,38","85,89","333,75","2563,02","1940,91","110,4","11459,94"
2021-05-05,"1247,69","654,11","74,21","191,04","1253,92","715,69","283,7","344,37","1655,52","86,53","341,0","2554,41","1941,52","113,7","11457,4"
2021-05-06,"1263,66","661,27","76,84","192,22","1265,76","722,5","290,71","347,73","1677,42","86,92","338,75","2573,66","1957,02","113,1","11567,56"
2021-05-07,"1270,39","658,32","81,51","210,09","1274,44","729,97","307,47","349,9","1695,75","88,65","357,75","2594,54","1971,26","119,7","11709,75"
2021-05-10,"1237,61","638,1","84,44","207,58","1273,93","716,89","309,42","340,94","1660,29","85,38","359,25","2529,02","1951,74","122,1","11516,68"
2021-05-11,"1228,44","644,78","83,27","202,41","1256,23","714,89","305,91","337,72","1653,91","85,62","357,0","2525,52","1934,33","117,0","11447,03"
2021-05-12,"1197,81","630,39","80,93","199,31","1230,92","695,14","299,67","327,33","1605,34","82,34","351,0","2460,16","1893,23","124,5","11178,06"
2021-05-13,"1219,27","632,29","83,56","210,97","1247,22","694,2","310,2","331,62","1632,41","81,79","372,5","2479,18","1915,97","126,0","11337,18"
2021-05-14,"1243,47","644,58","88,23","225,88","1261,18","706,75","327,25","338,96","1666,8","85,24","391,75","2533,91","1945,39","134,1","11593,49"
2021-05-17,"1231,95","654,08","91,45","232,82","1258,94","706,08","336,28","340,52","1646,85","84,78","376,25","2518,54","1940,44","140,7","11559,69"
2021-05-18,"1218,1","646,46","89,69","229,28","1249,64","715,56","330,78","336,59","1632,75","83,88","374,25","2501,54","1923,72","140,7","11472,94"
2021-05-19,"1216,54","646,36","88,82","228,1","1243,52","713,42","327,64","337,93","1636,79","84,18","366,75","2504,41","1918,68","136,5","11449,64"
2021-05-20,"1242,1","649,54","92,32","232,67","1251,14","717,56","335,89","343,21","1659,41","87,45","373,25","2552,85","1939,32","137,4","11614,12"
2021-05-21,"1223,76","640,62","90,86","223,52","1255,63","709,28","323,32","341,3","1650,59","89,72","366,75","2538,72","1937,73","135,0","11526,81"
2021-05-24,"1240,05","649,0","89,11","219,39","1262,68","715,16","319,39","351,25","1688,36","93,44","364,25","2581,42","1957,49","138,9","11669,88"
2021-05-25,"1238,1","651,81","86,19","215,25","1259,81","722,23","318,21","351,53","1694,69","93,65","359,75","2584,99","1953,15","135,3","11664,66"
2021-05-26,"1237,61","653,03","88,23","224,11","1260,14","727,57","326,46","354,12","1693,14","93,96","365,25","2594,0","1957,02","135,6","11710,26"
2021-05-27,"1222,29","646,02","91,74","225,74","1265,03","727,7","336,67","351,5","1678,46","92,69","366,25","2584,29","1958,05","136,8","11683,24"
2021-05-28,"1215,76","644,61","98,46","241,98","1268,84","732,38","348,85","350,63","1680,95","97,22","382,25","2592,45","1961,55","141,0","11756,93"
2021-06-01,"1212,54","643,73","102,55","243,3","1269,69","747,46","357,89","354,25","1665,6","97,34","402,5","2583,83","1959,82","146,4","11786,9"
2021-06-02,"1220,15","646,8","108,69","246,7","1271,49","748,66","356,32","352,67","1664,93","100,42","413,25","2588,88","1962,91","148,5","11830,34"
2021-06-03,"1205,32","637,4","109,27","254,97","1270,24","740,65","368,1","349,25","1654,22","101,56","418,5","2561,94","1955,62","154,5","11781,54"
2021-06-04,"1228,25","641,24","111,61","260,13","1277,14","747,33","390,1","356,09","1688,43","105,2","423,5","2605,41","1973,51","162,0","11969,94"
2021-06-07,"1228,34","639,6","115,11","267,37","1272,33","743,59","401,1","357,39","1708,76","105,45","437,0","2613,17","1971,59","169,8","12030,61"
2021-06-08,"1236,54","652,82","112,19","261,32","1271,41","739,98","383,82","356,82","1700,41","104,48","435,5","2614,42","1972,01","165,3","12007,02"
2021-06-09,"1240,34","656,23","120,37","270,32","1265,72","737,85","401,1","358,23","1707,28","103,91","435,5","2615,04","1969,07","166,5","12047,47"
2021-06-10,"1230,39","669,93","120,37","270,91","1266,42","743,76","408,17","362,28","1731,85","104,31","435,25","2642,29","1978,22","171,6","12135,76"
2021-06-11,"1242,49","669,37","113,65","260,13","1266,93","741,21","389,32","361,54","1736,23","106,71","419,25","2649,2","1981,49","161,4","12098,92"
2021-06-14,"1273,03","676,77","115,99","260,73","1263,92","743,22","396,78","364,33","1749,69","107,87","426,0","2674,58","1985,93","163,8","12202,64"
2021-06-15,"1264,83","676,63","114,53","261,61","1260,66","738,13","395,6","361,27","1739,39","106,49","426,75","2657,11","1982,29","162,9","12148,19"
2021-06-16,"1269,81","683,05","114,82","265,45","1250,93","728,08","401,49","359,35","1732,79","106,62","424,75","2647,41","1971,22","165,0","12120,76"
2021-06-17,"1285,81","697,85","111,32","256,89","1243,18","732,1","389,32","362,24","1756,49","111,69","422,25","2681,03","1970,56","154,2","12174,91"
2021-06-18,"1272,83","697,38","111,32","251,87","1224,08","727,0","379,89","357,38","1746,59","111,58","415,0","2659,99","1943,98","151,5","12050,38"
2021-06-21,"1290,78","690,79","106,35","243,3","1245,47","730,09","371,25","362,44","1768,14","110,31","414,75","2676,52","1971,81","151,2","12133,21"
2021-06-22,"1307,18","701,09","108,69","249,65","1247,94","726,73","382,64","363,98","1787,53","113,06","422,0","2701,47","1982,35","156,3","12250,61"
2021-06-23,"1304,44","700,76","107,52","242,42","1245,47","731,16","376,35","363,38","1785,91","114,08","411,75","2702,79","1979,96","151,5","12217,5"
2021-06-24,"1301,61","689,82","105,47","241,83","1257,24","737,86","374,78","364,49","1795,47","114,97","410,0","2719,5","1991,68","156,6","12261,32"
2021-06-25,"1298,69","680,29","101,38","233,12","1266,32","744,03","361,42","364,51","1784,23","113,93","386,25","2716,16","1998,75","146,7","12195,78"
2021-06-28,"1314,98","688,78","100,5","231,64","1260,25","744,7","359,85","364,59","1809,14","119,64","380,0","2749,19","2002,78","140,7","12266,75"
2021-06-29,"1330,1","689,63","97,0","225,29","1260,47","744,16","345,71","363,81","1827,18","119,89","375,0","2759,14","2003,86","136,5","12277,74"
2021-06-30,"1336,25","688,03","94,95","221,9","1268,16","739,34","338,64","363,27","1823,81","119,74","379,25","2754,79","2005,54","140,4","12274,07"
2021-07-01,"1339,27","686,59","93,2","218,35","1273,34","735,18","333,92","364,32","1828,53","120,99","372,25","2755,88","2016,65","137,7","12276,19"
2021-07-02,"1365,52","702,2","94,08","221,45","1279,15","734,38","335,1","372,69","1869,26","122,64","378,0","2787,51","2032,06","135,9","12429,94"
2021-07-06,"1385,62","735,15","92,03","214,52","1271,36","721,51","326,46","375,47","1869,33","123,91","378,25","2799,56","2028,36","130,2","12451,7"
2021-07-07,"1410,5","739,32","91,45","211,27","1275,4","720,7","326,07","376,31","1884,61","121,95","385,0","2805,46","2035,53","129,9","12513,46"
2021-07-08,"1397,52","746,28","89,11","206,69","1266,06","705,69","319,39","372,06","1867,71","119,14","390,75","2788,52","2018,94","126,6","12414,47"
2021-07-09,"1415,77","743,87","91,16","211,12","1282,05","717,89","322,14","373,47","1871,21","120,03","397,0","2805,93","2040,49","129,6","12521,72"
2021-07-12,"1409,81","743,71","97,0","220,13","1286,83","718,56","337,07","377,8","1867,04","122,79","408,25","2816,89","2047,8","135,9","12589,59"
2021-07-13,"1420,94","735,47","96,71","219,98","1283,05","719,23","333,92","378,89","1891,68","121,22","410,0","2816,89","2040,82","136,5","12605,3"
2021-07-14,"1455,18","736,34","95,54","219,24","1284,55","722,31","335,5","381,56","1901,98","118,78","394,25","2821,94","2043,87","135,0","12646,03"
2021-07-15,"1448,65","726,24","94,66","213,33","1286,5","724,05","328,03","377,89","1892,01","113,54","388,75","2802,12","2036,89","130,2","12562,87"
2021-07-16,"1428,25","714,73","91,74","208,17","1275,49","718,42","321,35","377,79","1890,13","108,72","393,0","2779,43","2020,91","126,6","12454,73"
2021-07-19,"1389,81","709,92","88,82","205,66","1250,26","706,36","311,92","370,67","1864,95","112,42","386,5","2756,65","1991,07","123,0","12268,01"
2021-07-20,"1425,91","714,64","88,23","203,29","1269,39","708,64","315,46","375,52","1880,5","111,42","406,0","2788,68","2019,6","124,5","12431,78"
2021-07-21,"1418,6","717,04","92,32","214,81","1280,09","713,2","329,21","379,51","1894,5","116,19","407,75","2810,21","2035,95","131,7","12541,08"
2021-07-22,"1432,25","727,61","88,82","207,72","1281,08","714,54","319,0","382,11","1926,42","117,3","413,5","2828,78","2040,21","129,6","12608,93"
2021-07-23,"1449,43","731,33","87,94","201,67","1289,58","703,94","313,1","395,77","1950,18","117,08","402,5","2861,81","2061,2","127,2","12692,75"
2021-07-26,"1453,62","739,96","89,4","204,77","1292,67","690,54","320,17","398,81","1946,01","115,5","409,5","2864,07","2066,26","130,8","12722,09"
2021-07-27,"1431,96","725,28","91,16","204,62","1289,76","676,6","317,82","392,46","1929,11","114,98","415,25","2832,51","2056,85","126,6","12604,96"
2021-07-28,"1414,5","726,06","91,45","207,87","1285,13","694,96","324,5","404,94","1926,96","116,75","416,25","2843,39","2056,0","129,9","12638,66"
2021-07-29,"1420,94","719,98","91,45","207,58","1290,5","698,45","317,42","403,99","1928,84","117,7","415,5","2848,45","2064,53","131,4","12656,73"
2021-07-30,"1423,08","665,52","89,4","199,31","1285,57","691,75","306,82","400,87","1918,14","116,73","387,75","2833,6","2054,5","130,8","12503,83"
2021-08-02,"1419,77","666,3","87,94","197,83","1281,41","696,71","306,03","401,25","1917,53","118,23","387,5","2833,83","2050,19","128,1","12492,62"
2021-08-03,"1437,72","673,25","90,57","203,0","1291,49","699,66","315,07","403,55","1933,01","118,62","387,5","2851,01","2066,87","128,7","12600,02"
2021-08-04,"1433,72","670,94","88,53","199,46","1280,09","703,27","312,71","402,05","1928,91","121,37","381,25","2855,13","2056,71","125,7","12559,83"
2021-08-05,"1434,79","675,2","89,99","203,59","1289,73","702,2","318,21","405,4","1949,17","123,54","387,0","2873,24","2069,73","131,7","12653,49"
2021-08-06,"1427,95","668,99","90,57","204,62","1295,17","696,3","322,53","403,88","1948,77","121,92","387,5","2860,65","2073,15","132,9","12634,91"
2021-08-09,"1427,46","668,37","91,16","206,25","1291,71","698,58","322,14","407,37","1941,16","121,49","386,25","2865,93","2071,46","134,4","12633,75"
2021-08-10,"1422,67","664,14","96,41","216,58","1297,53","699,52","335,89","407,06","1928,44","119,34","395,0","2851,24","2074,04","142,2","12650,07"
2021-08-11,"1425,22","658,42","95,83","219,39","1305,66","701,4","342,17","405,49","1931,87","117,92","392,5","2846,35","2079,19","153,0","12674,41"
2021-08-12,"1454,82","660,7","95,83","219,39","1306,72","695,23","342,17","408,21","1951,13","119,16","406,0","2856,61","2085,43","151,2","12752,59"
2021-08-13,"1456,87","658,79","94,37","214,22","1307,31","693,49","333,14","409,8","1971,59","120,85","415,0","2866,63","2089,22","146,1","12777,39"
2021-08-16,"1476,61","659,8","94,08","210,09","1311,65","687,19","328,42","411,53","1983,37","119,43","404,25","2867,88","2094,14","144,0","12792,43"
2021-08-17,"1467,52","648,39","94,37","209,64","1301,57","674,59","326,85","406,62","1973,14","116,48","395,5","2842,62","2080,41","143,1","12680,82"
2021-08-18,"1430,1","640,24","93,79","208,76","1287,93","675,66","321,75","403,02","1961,07","113,98","385,0","2815,26","2057,64","138,0","12532,18"
2021-08-19,"1433,42","637,55","91,74","211,12","1285,57","664,13","326,07","403,7","2001,81","118,52","380,25","2828,86","2060,83","132,0","12575,56"
2021-08-20,"1447,98","639,99","95,54","215,55","1294,01","663,59","335,89","408,91","2053,0","124,61","388,0","2858,16","2077,23","132,3","12734,77"
2021-08-23,"1462,83","653,17","99,63","227,65","1302,45","673,65","352,0","416,68","2054,96","131,45","398,5","2900,91","2095,5","137,1","12906,48"
2021-08-24,"1461,95","661,16","108,69","248,62","1303,52","688,93","382,64","420,31","2041,27","130,46","429,0","2909,77","2098,83","145,2","13030,34"
2021-08-25,"1449,64","659,84","113,65","256,89","1305,14","689,73","397,57","422,74","2037,15","132,97","425,5","2913,11","2103,23","150,0","13057,17"
2021-08-26,"1441,63","663,2","114,82","252,31","1297,7","683,17","394,82","420,84","2017,46","132,11","421,25","2894,61","2090,81","147,3","12972,03"
2021-08-27,"1451,99","669,93","120,66","260,58","1306,58","691,61","401,89","428,47","2021,71","135,51","437,25","2922,75","2109,51","152,1","13110,53"
2021-08-30,"1496,15","684,31","129,72","282,13","1304,77","693,09","431,35","430,22","2047,81","135,82","461,75","2955,55","2118,78","156,0","13327,46"
2021-08-31,"1483,55","694,16","127,09","276,08","1304,18","702,6","423,49","430,53","2036,28","134,03","455,25","2953,14","2115,65","156,3","13292,34"
2021-09-01,"1490,19","695,8","123,29","271,65","1302,82","711,59","414,46","432,08","2035,94","134,36","434,75","2958,04","2116,77","151,2","13272,94"
2021-09-02,"1501,33","692,62","122,71","265,01","1307,68","708,37","406,99","426,34","2031,35","134,09","431,0","2956,64","2123,28","151,5","13258,92"
2021-09-03,"1507,68","695,61","122,13","262,35","1305,0","712,12","403,85","427,68","2031,28","136,77","424,75","2965,73","2122,77","148,2","13265,92"
2021-09-07,"1531,04","701,86","130,6","280,36","1295,05","716,28","438,42","429,29","2024,81","135,69","457,25","2969,93","2115,18","159,6","13385,34"
2021-09-08,"1515,6","705,1","126,51","274,01","1292,43","705,82","435,28","427,54","2025,01","133,75","435,25","2959,59","2112,6","156,0","13304,49"
2021-09-09,"1505,44","696,83","123,29","273,57","1287,2","704,48","425,07","427,09","2005,05","132,78","425,0","2949,41","2103,56","157,8","13216,56"
2021-09-10,"1455,6","693,83","121,83","270,03","1277,58","703,68","414,85","419,16","1994,66","134,58","416,25","2927,03","2086,97","154,5","13070,55"
2021-09-13,"1461,27","691,43","130,89","291,29","1287,16","705,55","453,35","423,5","2003,29","132,63","461,5","2925,01","2092,31","162,6","13221,78"
2021-09-14,"1447,3","690,0","124,75","293,8","1276,73","699,66","441,57","424,13","2022,18","133,17","449,75","2916,69","2081,02","160,5","13161,24"
2021-09-15,"1456,19","695,16","125,34","286,86","1285,39","699,52","432,92","429,74","2056,11","133,76","444,5","2938,37","2098,4","160,5","13242,76"
2021-09-16,"1453,84","697,65","124,46","287,0","1283,03","691,61","434,89","427,3","2058,81","133,17","457,5","2940,39","2095,08","160,5","13245,24"
2021-09-17,"1427,17","692,5","123,29","290,4","1276,37","688,66","431,35","418,94","2022,72","131,12","441,25","2905,57","2074,67","155,4","13079,42"
2021-09-20,"1396,68","671,15","108,1","255,56","1253,33","670,16","386,17","412,75","1985,15","126,41","415,25","2845,54","2040,08","145,8","12712,12"
2021-09-21,"1401,47","668,73","105,76","249,36","1252,26","675,12","377,53","413,68","1988,52","127,21","417,5","2849,04","2038,15","141,0","12705,32"
2021-09-22,"1425,12","676,01","108,69","250,24","1264,78","683,57","381,07","417,4","2014,02","131,37","422,25","2875,65","2058,03","139,8","12847,98"
2021-09-23,"1434,69","683,2","108,1","247,29","1283,46","688,93","376,75","420,18","2020,63","134,61","417,75","2902,18","2083,04","138,9","12939,7"
2021-09-24,"1435,57","685,1","106,06","237,4","1284,61","680,75","368,5","423,15","2019,21","132,21","408,75","2904,9","2086,47","135,9","12908,57"
2021-09-27,"1420,43","681,16","110,15","245,96","1287,34","685,18","380,67","419,75","1984,27","129,69","414,25","2881,72","2080,5","136,5","12857,55"
2021-09-28,"1386,62","663,19","108,69","244,49","1266,33","676,33","377,14","404,15","1912,43","123,93","415,75","2800,17","2038,57","137,4","12555,18"
2021-09-29,"1395,61","660,22","110,73","248,77","1269,47","670,03","383,42","399,76","1915,67","122,84","436,25","2795,58","2042,0","135,9","12586,25"
2021-09-30,"1382,61","657,01","113,65","250,83","1249,23","675,39","395,6","397,74","1901,64","124,03","436,75","2785,31","2017,05","139,8","12526,65"
2021-10-01,"1393,85","656,65","112,78","255,71","1267,29","674,72","402,28","406,27","1950,07","124,19","436,0","2802,58","2041,02","140,1","12663,5"
2021-10-04,"1359,55","637,96","110,73","247,88","1255,58","664,8","398,74","397,69","1909,67","118,14","451,5","2743,76","2014,69","141,6","12452,3"
2021-10-05,"1378,8","644,2","113,36","252,01","1267,1","669,49","405,03","404,72","1947,78","122,45","456,5","2780,8","2035,66","147,0","12624,91"
2021-10-06,"1387,5","652,4","113,36","250,83","1270,76","665,74","401,89","409,31","1977,12","123,94","444,25","2798,62","2044,12","144,3","12684,13"
2021-10-07,"1400,1","660,49","111,02","245,52","1283,72","678,74","401,89","414,25","1988,86","126,18","451,0","2824,29","2061,79","144,0","12791,85"
2021-10-08,"1396,29","657,72","111,02","244,34","1283,35","681,29","402,67","415,92","1988,86","124,72","453,75","2810,21","2058,03","144,6","12772,78"
2021-10-11,"1395,41","649,26","109,85","243,89","1273,93","679,95","405,03","413,33","1984,67","123,91","498,25","2788,66","2043,13","143,1","12752,38"
2021-10-12,"1382,71","649,47","109,85","241,53","1269,5","676,46","406,6","405,99","1975,57","123,76","490,0","2778,93","2038,1","137,7","12686,19"
2021-10-13,"1376,85","656,86","109,85","244,04","1269,91","685,85","404,24","409,36","1998,7","125,37","490,25","2801,18","2045,43","138,3","12756,2"
2021-10-14,"1404,7","659,97","110,15","247,73","1289,26","687,99","405,42","419,98","2042,14","130,2","494,75","2852,77","2079,84","136,2","12961,11"
2021-10-15,"1415,25","681,8","113,07","255,26","1303,43","696,3","421,92","420,63","2051,99","130,9","489,25","2870,75","2095,68","137,4","13083,63"
2021-10-18,"1431,96","689,35","113,65","252,75","1302,14","694,56","423,1","424,82","2072,77","133,05","492,75","2899,61","2101,88","135,9","13168,3"
2021-10-19,"1453,55","688,83","115,11","252,46","1309,38","703,81","428,99","426,19","2079,11","133,46","511,75","2921,56","2118,1","135,6","13277,9"
2021-10-20,"1458,44","683,01","125,34","270,91","1315,18","703,68","460,03","421,82","2073,58","132,34","522,25","2917,74","2126,42","142,2","13352,93"
2021-10-21,"1460,59","687,0","121,25","266,04","1314,92","699,12","447,85","422,17","2096,17","135,86","515,0","2935,56","2131,96","137,7","13371,2"
2021-10-22,"1452,87","667,11","120,66","260,28","1317,8","697,64","448,24","409,32","2085,38","136,07","502,75","2910,9","2129,76","134,1","13272,88"
2021-10-25,"1452,38","664,07","127,38","269,58","1320,79","701,26","467,49","408,96","2078,43","138,7","511,0","2940,7","2141,18","139,8","13361,74"
2021-10-26,"1459,02","675,21","126,22","261,46","1320,61","697,64","459,24","414,5","2091,79","147,99","501,25","2949,96","2143,1","139,2","13387,2"
2021-10-27,"1454,43","678,5","118,03","246,55","1311,3","692,01","432,53","435,06","2179,88","146,4","477,25","2956,8","2133,61","134,7","13397,06"
2021-10-28,"1490,78","689,31","117,74","245,37","1319,87","692,68","438,03","433,96","2187,84","149,33","473,25","2989,64","2154,2","131,7","13513,71"
2021-10-29,"1463,71","674,49","111,02","232,23","1323,31","682,63","417,6","440,5","2236,88","153,08","458,25","3004,35","2158,57","126,0","13482,61"
2021-11-01,"1455,51","663,62","111,61","234,3","1326,63","687,99","425,46","426,96","2221,7","154,64","453,0","3014,62","2162,28","130,5","13468,82"
2021-11-02,"1465,86","662,55","112,48","236,37","1331,95","681,83","437,64","432,72","2247,07","158,07","447,75","3027,22","2171,02","125,1","13537,63"
2021-11-03,"1480,23","676,8","116,87","247,73","1335,61","685,04","461,6","436,19","2252,94","159,25","455,0","3059,36","2184,28","128,4","13679,29"
2021-11-04,"1475,05","695,4","112,78","239,02","1334,83","683,43","445,49","441,16","2269,39","178,43","440,5","3098,57","2194,57","123,3","13731,93"
2021-11-05,"1480,33","703,8","110,15","238,14","1342,04","682,63","448,24","442,9","2266,83","178,14","452,5","3101,53","2202,19","125,7","13775,1"
2021-11-08,"1472,11","697,8","114,24","248,03","1345,8","688,93","467,1","443,43","2273,1","184,43","474,75","3097,33","2204,07","130,2","13841,32"
2021-11-09,"1475,73","715,25","117,45","251,57","1341,96","686,25","474,57","443,09","2266,09","183,55","469,25","3076,01","2196,78","136,8","13834,35"
2021-11-10,"1447,45","696,41","118,91","253,93","1333,8","683,43","476,92","434,09","2231,35","176,38","471,25","3030,8","2179,11","132,0","13665,85"
2021-11-11,"1446,96","694,5","117,45","258,51","1327,85","695,23","466,71","433,71","2242,35","181,96","477,25","3039,21","2179,81","129,0","13690,5"
2021-11-12,"1467,71","705,03","116,57","253,34","1334,57","697,11","452,57","442,38","2271,28","181,96","463,5","3071,19","2196,26","129,0","13782,47"
2021-11-15,"1467,81","709,14","112,78","251,87","1334,43","694,83","447,46","441,71","2266,9","179,77","458,75","3070,48","2197,02","127,5","13760,42"
2021-11-16,"1477,59","708,14","105,18","231,35","1336,97","695,77","412,49","439,99","2290,1","180,84","443,5","3092,35","2205,71","120,6","13740,58"
2021-11-17,"1501,96","709,8","99,63","225,14","1329,29","692,15","395,21","440,5","2291,66","175,2","444,0","3093,98","2200,35","119,1","13717,97"
2021-11-18,"1544,82","739,21","100,21","229,72","1327,44","683,7","400,32","445,83","2306,19","189,65","458,75","3126,04","2207,83","123,0","13882,71"
2021-11-19,"1571,04","735,31","93,49","217,91","1317,31","682,63","376,35","443,12","2318,62","197,49","443,75","3143,47","2203,88","116,1","13860,48"
2021-11-22,"1575,64","714,51","88,82","208,17","1318,38","677,13","359,46","435,31","2296,45","191,33","434,5","3106,98","2197,67","112,8","13717,16"
2021-11-23,"1579,46","716,01","89,69","209,2","1325,12","676,46","363,78","433,76","2281,93","190,07","443,75","3092,82","2200,59","113,4","13716,04"
2021-11-24,"1584,64","716,08","85,9","203,59","1325,15","675,52","359,07","434,77","2283,48","195,63","436,0","3102,78","2206,46","109,5","13718,57"
2021-11-26,"1534,45","700,91","84,14","200,34","1291,8","652,87","359,46","423,05","2227,86","188,62","420,0","3043,95","2157,25","102,9","13387,61"
2021-11-29,"1568,01","712,31","82,39","195,62","1299,84","655,42","345,32","433,01","2274,83","199,83","418,5","3110,01","2183,71","101,7","13580,5"
2021-11-30,"1617,52","701,41","86,77","195,91","1276,56","654,75","341,0","422,2","2234,01","195,64","413,0","3064,34","2141,22","107,4","13451,74"
2021-12-01,"1612,34","688,74","89,69","211,12","1260,12","657,16","370,46","419,69","2230,57","188,24","444,25","3012,21","2117,44","110,1","13412,12"
2021-12-02,"1602,45","687,47","98,17","215,84","1282,88","665,2","374,39","425,38","2226,58","192,37","468,5","3033,91","2149,87","118,8","13541,83"
2021-12-03,"1583,67","677,96","90,28","208,61","1281,52","655,82","360,25","422,51","2182,79","183,79","462,0","2981,16","2131,17","114,6","13336,11"
2021-12-06,"1617,72","685,47","92,62","210,97","1305,87","660,91","368,89","425,94","2204,28","179,86","470,5","3005,05","2156,41","119,7","13504,19"
2021-12-07,"1675,06","704,66","93,2","214,07","1324,08","671,37","378,32","438,19","2263,27","194,18","476,0","3095,54","2201,01","125,7","13854,64"
2021-12-08,"1713,22","704,63","94,37","215,84","1325,0","674,05","381,46","440,92","2263,61","190,58","475,0","3109,39","2206,84","125,1","13920,02"
2021-12-09,"1708,14","696,68","92,03","214,22","1325,45","670,83","383,42","439,28","2250,98","182,58","472,75","3063,64","2191,94","122,1","13814,04"
2021-12-10,"1755,99","688,85","90,86","209,79","1333,3","671,37","375,96","440,36","2314,77","180,83","465,0","3096,94","2212,57","119,7","13956,29"
2021-12-13,"1719,68","678,27","86,48","201,38","1321,49","660,72","357,5","433,89","2293,55","168,63","451,75","3052,2","2192,97","116,4","13734,91"
2021-12-14,"1705,88","676,37","87,07","207,28","1318,27","659,23","366,53","428,18","2218,81","169,68","448,75","3020,61","2177,89","114,3","13598,84"
2021-12-15,"1754,52","693,26","89,11","212,6","1331,74","657,32","373,21","435,72","2261,45","182,39","456,0","3089,47","2211,92","114,6","13863,31"
2021-12-16,"1685,63","675,48","91,74","218,06","1330,37","658,14","383,03","429,78","2195,56","169,98","473,25","3010,03","2192,41","117,3","13630,77"
2021-12-17,"1674,67","680,07","88,82","211,71","1311,28","654,87","369,28","421,69","2188,13","166,47","468,5","2995,01","2169,08","114,3","13513,88"
2021-12-20,"1661,07","668,32","89,99","209,2","1295,12","645,08","371,25","421,34","2161,84","165,98","475,25","2965,96","2146,01","112,5","13388,9"
2021-12-21,"1692,77","681,67","89,4","211,27","1316,03","655,96","372,82","426,89","2211,71","174,1","491,0","3032,34","2184,12","115,2","13655,28"
2021-12-22,"1718,7","684,15","91,16","211,41","1325,22","659,09","374,78","435,64","2251,65","176,05","491,0","3069,27","2205,96","116,7","13810,79"
2021-12-23,"1724,97","684,27","93,49","214,81","1332,53","662,49","380,67","437,14","2261,72","177,49","493,25","3092,4","2219,69","117,6","13892,52"
2021-12-27,"1764,6","678,68","96,41","223,67","1345,73","665,48","398,74","440,08","2314,16","185,3","500,0","3143,51","2251,1","122,1","14129,57"
2021-12-28,"1754,42","682,64","93,2","213,78","1349,7","663,3","377,53","436,45","2306,05","181,57","515,75","3128,94","2249,26","122,1","14074,7"
2021-12-29,"1755,3","676,8","95,83","212,01","1352,85","660,31","386,96","436,36","2310,78","179,65","511,5","3128,48","2252,14","119,7","14078,66"
2021-12-30,"1743,75","674,58","94,08","211,41","1349,99","667,88","382,64","435,01","2293,01","177,16","522,0","3119,13","2245,91","117,3","14033,85"
2021-12-31,"1737,59","666,87","92,03","206,99","1347,21","664,61","372,82","430,99","2272,73","176,12","527,75","3099,65","2240,25","114,6","13950,21"
2022-01-03,"1781,04","681,62","93,2","210,68","1355,96","669,37","381,07","431,41","2262,13","180,37","501,25","3129,49","2253,22","121,2","14052,0"
2022-01-04,"1758,43","670,09","90,86","207,28","1364,09","667,06","378,32","429,65","2223,34","175,39","499,5","3088,9","2252,47","124,8","13930,17"
2022-01-05,"1711,66","657,43","86,77","198,13","1350,07","656,18","360,64","409,94","2137,99","165,29","474,0","2994,0","2209,21","119,7","13531,01"
2022-01-06,"1683,09","653,02","88,82","200,34","1343,76","659,17","364,17","409,86","2121,09","168,73","468,75","2991,9","2207,14","118,5","13478,34"
2022-01-07,"1684,75","650,22","91,16","206,54","1343,47","665,16","368,5","407,68","2122,17","163,16","479,0","2959,49","2198,41","120,9","13460,6"
2022-01-10,"1684,94","645,94","90,28","203,59","1337,83","665,16","364,17","412,6","2123,73","164,07","466,75","2961,44","2195,68","117,3","13433,49"
2022-01-11,"1713,22","661,45","92,32","207,72","1344,32","680,53","373,6","415,77","2128,53","166,57","472,25","3005,92","2215,68","122,7","13600,59"
2022-01-12,"1717,63","660,83","93,79","210,23","1345,84","691,82","375,96","420,81","2150,76","167,66","492,0","3017,85","2221,67","124,5","13691,34"
2022-01-13,"1684,94","644,86","93,79","213,33","1339,35","682,03","374,0","412,35","2059,73","159,13","486,5","2942,35","2191,06","126,0","13409,42"
2022-01-14,"1693,55","648,55","96,12","216,73","1331,71","681,76","372,82","415,01","2096,22","161,33","487,0","2960,66","2191,95","130,8","13484,22"
2022-01-18,"1661,56","635,67","90,28","206,1","1312,1","669,65","350,03","404,65","2045,2","155,11","461,0","2886,96","2153,13","125,1","13156,53"
2022-01-19,"1626,62","625,2","90,28","208,46","1299,12","672,5","353,57","402,03","2049,8","150,1","467,75","2855,25","2130,78","122,7","13054,15"
2022-01-20,"1609,79","606,67","89,4","205,95","1287,92","676,45","347,67","396,64","2038,11","144,61","461,75","2818,16","2107,19","119,4","12909,73"
2022-01-21,"1589,24","570,57","85,9","195,17","1270,4","666,65","331,17","387,85","2000,47","139,97","464,5","2740,02","2065,83","114,9","12622,64"
2022-01-24,"1581,51","578,18","82,98","183,22","1275,82","657,27","324,5","389,2","2002,77","139,95","465,75","2752,56","2074,6","113,1","12621,38"
2022-01-25,"1563,51","559,94","85,9","189,12","1272,66","656,04","336,28","377,68","1949,52","133,68","478,25","2688,75","2049,27","117,9","12458,51"
2022-01-26,"1562,63","555,49","85,9","191,19","1267,1","647,74","341,39","384,52","2005,06","136,36","477,0","2684,55","2044,13","118,5","12501,55"
2022-01-27,"1558,03","558,55","85,6","188,97","1267,43","640,26","341,0","383,84","2026,22","131,4","471,25","2657,51","2034,04","119,1","12463,2"
2022-01-28,"1666,74","575,91","94,66","206,1","1288,06","643,39","374,39","396,77","2083,12","136,77","486,0","2740,87","2084,55","127,5","12904,84"
2022-01-31,"1710,29","598,29","99,04","213,04","1302,79","664,48","380,28","402,58","2101,5","146,62","497,0","2828,52","2122,1","129,6","13196,14"
2022-02-01,"1708,63","604,77","97,29","211,12","1313,41","668,56","380,28","409,55","2086,49","147,53","507,0","2847,77","2136,44","131,1","13249,93"
2022-02-02,"1720,66","602,45","94,66","210,09","1321,16","667,47","376,75","440,36","2118,25","151,15","500,5","2870,91","2157,19","129,3","13360,9"
2022-02-03,"1691,89","555,38","94,08","205,66","1302,42","660,4","365,35","425,75","2035,74","143,4","486,0","2754,51","2106,49","124,8","12951,87"
2022-02-04,"1689,05","630,56","93,79","204,03","1302,01","662,03","365,35","426,36","2067,44","145,62","480,75","2789,26","2116,39","123,0","13095,64"
2022-02-07,"1681,9","631,74","93,49","205,66","1302,13","660,67","368,1","414,18","2033,72","148,07","473,5","2766,82","2109,6","123,9","13013,47"
2022-02-08,"1712,96","645,65","92,91","204,77","1315,63","667,06","366,92","414,77","2058,11","150,35","473,5","2797,9","2126,96","121,5","13149,0"
2022-02-09,"1727,16","644,76","91,45","202,7","1327,25","677,54","364,57","421,29","2103,05","159,91","479,25","2857,19","2158,09","122,1","13336,31"
2022-02-10,"1686,4","636,01","90,28","202,11","1308,25","673,05","362,6","412,45","2043,38","154,64","475,25","2792,53","2119,31","123,3","13079,57"
2022-02-11,"1652,31","613,17","92,91","203,15","1288,73","662,84","354,75","399,55","1993,78","143,41","507,75","2703,94","2077,52","125,7","12819,51"
2022-02-14,"1654,66","620,67","91,74","200,05","1283,54","658,22","353,57","403,25","1993,51","145,31","497,25","2707,3","2070,73","122,7","12802,48"
2022-02-15,"1692,97","626,04","93,2","203,59","1299,6","672,5","360,25","406,47","2030,47","158,65","497,5","2774,61","2104,13","124,2","13044,18"
2022-02-16,"1690,62","632,4","100,21","213,33","1297,56","677,4","381,85","409,83","2028,1","158,75","510,0","2773,91","2106,49","131,7","13112,16"
2022-02-17,"1654,66","618,61","98,75","207,43","1275,33","669,51","370,46","394,36","1968,72","146,75","514,5","2691,4","2061,49","129,6","12801,57"
2022-02-18,"1639,18","610,41","102,55","213,04","1267,23","662,84","380,28","388,0","1949,76","141,57","507,5","2660,71","2048,14","128,7","12699,9"
2022-02-22,"1609,98","600,79","104,89","225,59","1248,76","653,46","400,32","386,25","1948,33","140,06","527,0","2633,98","2026,16","133,8","12639,36"
2022-02-23,"1568,34","579,31","105,18","226,18","1232,07","645,84","397,57","379,63","1897,88","134,06","527,0","2566,51","1990,22","133,2","12382,98"
2022-02-24,"1594,5","605,43","99,34","221,45","1235,12","632,5","391,67","394,81","1994,85","142,2","524,75","2652,76","2020,17","129,3","12638,87"
2022-02-25,"1615,17","615,15","101,09","219,98","1265,59","644,2","388,53","400,07","2013,27","144,65","540,0","2693,89","2064,74","131,4","12837,76"
2022-02-28,"1617,82","614,25","94,37","213,04","1261,13","635,77","372,03","401,85","2023,3","146,02","523,75","2701,92","2059,46","126,0","12790,71"
2022-03-01,"1599,01","604,57","91,74","211,86","1238,17","627,33","379,1","398,89","1997,29","140,58","579,75","2660,55","2028,09","130,5","12687,43"
2022-03-02,"1631,93","608,21","96,12","219,83","1259,87","628,42","388,53","400,41","2032,78","145,06","589,0","2705,19","2065,4","140,4","12911,15"
2022-03-03,"1628,7","591,59","95,83","223,08","1256,64","619,58","392,46","398,41","2003,86","142,03","602,5","2666,55","2055,12","136,5","12812,83"
2022-03-04,"1598,71","582,56","88,53","214,07","1250,47","607,06","376,75","392,48","1962,82","137,37","598,25","2627,91","2038,42","130,2","12605,6"
2022-03-07,"1560,8","549,81","85,9","210,53","1220,74","584,34","357,89","376,03","1888,68","127,88","585,25","2530,98","1978,33","122,4","12179,55"
2022-03-08,"1542,57","544,06","89,4","217,17","1213,53","586,25","368,5","378,19","1867,95","128,85","580,0","2519,22","1963,33","131,4","12130,42"
2022-03-09,"1596,56","557,12","94,66","228,69","1239,06","602,85","390,89","396,98","1953,62","137,83","578,5","2609,91","2015,97","139,5","12542,12"
2022-03-10,"1553,15","587,27","98,17","237,25","1234,26","591,55","404,64","394,03","1933,91","135,7","602,75","2580,93","2006,87","144,6","12505,08"
2022-03-11,"1516,02","582,1","96,12","229,28","1226,5","579,17","398,35","386,42","1896,53","132,36","571,25","2527,4","1981,35","139,8","12262,65"
2022-03-14,"1475,75","567,41","94,37","223,96","1226,68","565,16","389,71","374,76","1871,95","127,75","541,0","2478,86","1966,87","135,0","12039,23"
2022-03-15,"1519,55","589,47","94,66","223,52","1249,43","565,98","390,1","384,42","1944,47","137,59","531,75","2556,62","2010,12","130,2","12327,87"
2022-03-16,"1563,64","612,42","98,75","228,98","1268,64","611,55","398,74","396,56","1993,5","146,71","523,25","2651,43","2054,7","129,3","12678,18"
2022-03-17,"1573,73","628,96","99,34","233,26","1283,84","608,42","410,92","398,23","1999,12","148,33","537,75","2683,53","2080,4","134,4","12820,23"
2022-03-18,"1606,65","645,0","100,5","237,55","1293,2","617,13","403,07","405,03","2034,4","158,43","536,25","2738,46","2103,19","131,4","13010,26"
2022-03-21,"1620,37","645,97","101,09","241,53","1286,68","607,61","410,14","404,96","2025,8","160,11","550,75","2730,85","2102,57","137,1","13025,52"
2022-03-22,"1654,07","659,56","102,55","243,89","1296,74","618,63","409,35","416,16","2058,98","158,85","555,75","2784,51","2127,18","135,9","13222,13"
2022-03-23,"1667,69","653,63","101,38","243,45","1279,12","614,55","403,46","411,43","2028,04","153,52","559,25","2744,5","2099,78","139,5","13099,29"
2022-03-24,"1705,51","654,6","106,93","250,39","1292,71","617,81","426,24","421,23","2059,25","168,59","572,75","2805,5","2131,43","143,7","13356,66"
2022-03-25,"1711,88","659,09","105,18","250,69","1298,23","612,91","420,35","421,54","2056,41","165,85","572,75","2803,16","2141,84","143,7","13363,58"
2022-03-28,"1720,5","675,96","105,18","254,67","1301,76","614,95","419,96","420,89","2103,95","169,01","576,5","2846,53","2157,08","142,8","13509,74"
2022-03-29,"1753,42","677,26","104,01","253,34","1314,73","625,43","419,96","424,01","2135,84","171,62","561,0","2895,52","2183,76","144,3","13664,21"
2022-03-30,"1741,76","665,2","104,3","253,05","1311,56","623,66","425,46","422,33","2125,34","165,84","572,75","2863,53","2170,28","146,4","13591,47"
2022-03-31,"1710,8","651,99","103,72","255,41","1291,86","614,27","424,28","413,78","2087,76","163,42","590,75","2828,04","2136,88","144,9","13417,86"
2022-04-01,"1707,86","654,24","107,81","262,94","1296,25","624,48","436,07","417,0","2095,28","159,98","601,75","2822,66","2142,93","151,5","13480,75"
2022-04-04,"1748,33","673,39","106,06","260,87","1300,83","635,5","432,53","425,4","2132,86","163,86","598,75","2880,77","2161,29","159,3","13679,74"
2022-04-05,"1715,21","656,22","103,72","254,67","1290,03","623,8","417,21","418,32","2105,16","155,3","599,25","2816,81","2133,99","155,7","13445,39"
2022-04-06,"1683,56","635,02","101,09","250,83","1284,11","615,63","412,89","406,29","2028,1","146,18","583,75","2755,65","2112,65","152,1","13167,86"
2022-04-07,"1686,6","631,14","99,92","251,28","1288,65","610,74","405,03","404,32","2040,77","144,98","586,25","2762,2","2123,3","153,9","13189,08"
2022-04-08,"1666,52","617,84","100,21","254,08","1293,87","611,28","404,64","396,58","2010,97","138,46","603,75","2723,59","2117,62","154,2","13093,62"
2022-04-11,"1623,99","604,49","96,41","247,88","1278,34","603,66","392,07","383,3","1931,68","131,26","588,5","2659,16","2081,42","150,9","12773,06"
2022-04-12,"1642,71","603,15","92,91","243,3","1274,69","601,76","390,1","380,0","1910,01","128,79","593,5","2647,93","2073,71","152,1","12734,65"
2022-04-13,"1669,55","622,16","92,91","245,81","1287,87","609,65","391,67","386,49","1947,66","132,98","604,0","2701,75","2097,46","154,2","12944,16"
2022-04-14,"1619,49","606,83","95,54","252,16","1282,86","601,76","392,85","377,07","1894,91","127,32","622,25","2639,97","2071,35","155,4","12739,74"
2022-04-18,"1617,33","611,14","94,95","250,98","1282,16","599,72","397,96","379,89","1899,58","130,46","601,25","2642,0","2072,2","156,9","12736,51"
2022-04-19,"1640,16","632,46","97,0","251,57","1300,86","596,72","397,57","386,83","1931,95","132,95","627,0","2701,05","2105,65","154,2","12955,96"
2022-04-20,"1638,49","615,99","99,04","249,95","1309,84","593,19","394,42","380,97","1939,12","128,66","616,25","2661,65","2104,09","152,1","12883,77"
2022-04-21,"1630,56","593,18","92,62","235,63","1295,61","581,76","373,6","371,37","1901,54","120,88","576,25","2606,58","2072,62","143,1","12595,3"
2022-04-22,"1585,19","577,4","89,69","228,98","1260,43","576,59","363,78","355,96","1855,63","116,88","564,75","2538,33","2015,75","139,2","12268,57"
2022-04-25,"1595,87","584,3","89,99","226,77","1268,96","572,37","365,35","366,2","1900,93","119,2","561,75","2570,93","2027,44","134,1","12384,16"
2022-04-26,"1536,3","557,56","85,6","211,86","1238,75","559,85","348,46","353,03","1829,83","112,52","537,5","2473,89","1968,72","124,5","11938,39"
2022-04-27,"1534,05","552,67","86,77","216,43","1240,91","566,38","359,07","340,07","1917,86","110,29","555,0","2470,93","1974,26","125,7","12050,39"
2022-04-28,"1603,32","578,39","88,82","219,39","1264,23","574,55","364,57","352,65","1961,27","118,48","559,5","2558,69","2024,13","129,9","12397,87"
2022-04-29,"1544,63","497,13","86,77","216,58","1228,46","576,59","357,1","339,52","1879,26","111,08","539,25","2443,55","1949,32","127,2","11896,45"
2022-05-02,"1547,67","498,0","83,85","210,09","1232,37","575,77","345,32","346,88","1926,33","116,99","515,5","2484,35","1961,06","124,2","11968,36"
2022-05-03,"1562,56","497,01","88,53","220,86","1234,28","579,99","359,85","349,12","1908,11","117,4","531,75","2487,0","1970,05","127,8","12034,3"
2022-05-04,"1626,64","503,71","90,86","224,85","1269,08","586,25","364,96","363,78","1963,64","121,78","539,5","2571,09","2030,04","132,0","12388,17"
2022-05-05,"1536,01","465,63","86,77","213,78","1230,51","564,61","350,42","346,65","1878,11","112,86","514,0","2441,6","1957,89","124,2","11823,04"
2022-05-06,"1543,27","459,09","86,77","212,6","1226,15","556,86","350,42","344,39","1860,37","111,85","511,75","2412,35","1946,2","123,6","11745,67"
2022-05-09,"1492,05","435,16","81,51","202,7","1202,04","540,81","341,0","334,77","1791,64","101,52","488,75","2317,96","1883,89","116,4","11330,19"
2022-05-10,"1516,09","435,44","80,64","206,1","1199,18","543,39","348,07","340,37","1824,95","105,38","508,0","2346,12","1888,24","117,6","11459,56"
2022-05-11,"1437,49","421,49","82,98","212,6","1186,62","539,58","356,32","338,01","1764,35","99,6","523,0","2276,54","1858,25","121,8","11218,61"
2022-05-12,"1398,83","427,72","82,98","217,17","1183,56","536,04","356,71","335,76","1729,14","96,87","517,0","2271,15","1856,31","121,2","11130,44"
2022-05-13,"1443,48","452,22","85,9","228,98","1200,67","550,87","371,03","345,3","1768,21","106,04","536,25","2355,32","1900,69","127,5","11472,45"
2022-05-16,"1428,07","443,24","90,57","235,48","1202,72","548,7","379,62","340,52","1770,78","103,4","541,25","2328,02","1892,97","132,6","11437,94"
2022-05-17,"1464,38","461,47","91,16","239,61","1218,81","562,17","388,21","346,55","1806,81","108,86","556,75","2388,32","1931,91","134,7","11699,71"
2022-05-18,"1381,76","428,45","87,65","232,23","1175,78","548,7","378,39","332,95","1724,54","101,44","533,0","2271,08","1854,03","127,8","11177,8"
2022-05-19,"1347,71","429,28","89,4","232,82","1166,94","557,4","378,8","328,44","1718,16","102,56","538,0","2258,91","1842,68","131,1","11122,2"
2022-05-20,"1350,07","430,36","86,77","229,43","1166,89","559,72","371,03","324,05","1714,23","99,98","537,0","2251,89","1843,48","130,2","11095,09"
2022-05-23,"1404,23","430,23","90,86","238,14","1190,87","563,93","382,48","331,72","1769,14","101,2","553,25","2289,33","1877,97","135,0","11358,36"
2022-05-24,"1377,25","416,4","92,03","245,96","1192,92","554,14","382,48","315,3","1762,15","96,75","573,5","2240,65","1863,64","132,9","11246,07"
2022-05-25,"1378,82","427,1","91,16","243,89","1199,98","556,86","383,3","314,81","1781,83","101,66","593,0","2272,01","1880,1","135,0","11359,53"
2022-05-26,"1410,8","444,31","92,91","248,32","1219,29","565,57","384,12","320,73","1804,77","106,91","606,25","2334,96","1917,67","136,2","11592,81"
2022-05-27,"1468,3","460,59","91,74","243,3","1240,28","572,1","383,71","334,19","1854,59","112,66","599,0","2411,18","1964,75","139,8","11876,18"
2022-05-31,"1460,45","480,84","89,4","235,04","1233,3","580,12","376,75","338,49","1845,29","111,83","591,75","2404,78","1953,72","135,0","11836,77"
2022-06-01,"1459,18","486,74","86,48","233,12","1226,42","576,04","368,16","338,88","1849,02","109,72","581,5","2386,99","1937,92","132,0","11772,18"
2022-06-02,"1483,71","502,04","87,36","237,25","1242,9","585,97","375,94","349,97","1863,68","117,34","582,5","2452,36","1974,83","131,1","11986,95"
2022-06-03,"1426,5","489,4","88,82","234,73","1230,12","576,45","372,66","340,81","1832,73","112,12","589,0","2388,55","1942,42","133,2","11757,52"
2022-06-06,"1433,96","499,16","85,6","228,71","1230,49","579,58","364,89","347,59","1824,11","112,51","574,75","2396,51","1948,33","130,8","11757,0"
2022-06-07,"1459,18","492,0","85,02","227,47","1240,65","581,35","362,44","348,57","1849,57","113,35","584,25","2417,18","1967,02","131,4","11859,44"
2022-06-08,"1451,82","484,72","82,39","220,52","1230,23","584,48","352,21","348,7","1835,38","111,71","575,0","2399,79","1945,63","131,7","11754,28"
2022-06-09,"1399,62","464,6","76,84","203,98","1206,4","570,65","323,57","341,68","1797,24","108,11","556,0","2335,51","1899,36","124,2","11407,77"
2022-06-10,"1345,55","438,6","75,38","200,12","1174,17","564,34","320,71","330,75","1717,14","101,68","528,75","2253,14","1844,29","121,5","11016,12"
2022-06-13,"1294,04","414,68","70,7","186,52","1141,34","544,58","295,35","316,56","1644,32","93,73","510,0","2148,37","1774,26","116,4","10550,85"
2022-06-14,"1302,67","409,24","73,04","190,23","1136,56","552,12","298,62","317,52","1659,45","94,86","502,0","2152,27","1768,92","111,6","10569,11"
2022-06-15,"1328,87","430,68","76,26","192,55","1147,5","559,4","307,21","326,59","1708,8","99,0","517,75","2206,02","1794,14","112,5","10807,26"
2022-06-16,"1276,18","414,64","74,5","186,21","1120,13","542,25","301,08","315,49","1662,71","93,46","504,5","2117,01","1734,76","105,6","10448,51"
2022-06-17,"1290,9","424,88","74,79","185,44","1118,3","544,3","304,76","318,8","1680,9","95,13","493,25","2142,76","1738,5","102,6","10515,29"
2022-06-21,"1333,19","434,72","74,21","185,59","1142,89","553,09","301,89","331,89","1722,24","99,24","501,25","2196,82","1782,26","106,2","10765,47"
2022-06-22,"1328,09","435,8","75,96","185,44","1140,35","543,21","304,76","331,72","1718,09","98,0","512,25","2193,61","1779,03","104,1","10750,41"
2022-06-23,"1356,74","449,76","73,33","179,41","1148,32","544,85","298,62","333,97","1756,99","97,19","496,0","2226,28","1796,47","96,9","10854,83"
2022-06-24,"1390,0","465,84","72,16","176,47","1179,32","557,75","292,49","351,02","1816,99","102,59","493,25","2302,56","1853,58","96,6","11150,64"
2022-06-27,"1390,0","452,88","72,46","176,78","1176,85","558,44","292,08","344,65","1797,91","101,05","534,25","2285,68","1846,5","101,4","11130,94"
2022-06-28,"1348,59","429,6","72,75","182,35","1158,06","555,01","290,44","333,27","1740,83","95,74","523,0","2216,04","1808,78","102,9","10857,35"
2022-06-29,"1366,16","435,68","72,75","180,18","1160,71","552,81","293,3","332,36","1766,49","93,1","518,5","2218,07","1807,3","100,2","10897,62"
2022-06-30,"1341,53","424,84","69,83","173,07","1152,37","550,2","282,67","324,21","1743,21","90,81","512,0","2190,56","1792,62","97,8","10745,72"
2022-07-01,"1363,21","438,24","71,58","179,72","1163,71","546,77","292,89","323,54","1761,87","87,0","534,0","2205,02","1811,58","99,6","10878,74"
2022-07-05,"1389,02","454,0","69,24","173,38","1159,44","542,52","279,8","337,0","1784,07","89,64","493,75","2242,77","1815,0","93,9","10923,55"
2022-07-06,"1402,37","457,32","67,78","172,3","1162,06","539,23","273,67","340,9","1806,87","90,63","493,0","2257,15","1821,13","92,7","10977,12"
2022-07-07,"1436,02","465,32","67,2","175,08","1175,31","550,07","273,67","353,43","1821,74","95,0","521,25","2305,45","1848,41","93,6","11181,54"
2022-07-08,"1442,79","462,16","69,54","176,63","1173,48","550,07","273,26","355,13","1816,72","94,88","524,0","2308,35","1846,88","95,1","11188,97"
2022-07-11,"1421,5","447,0","66,91","169,52","1166,89","535,39","268,35","344,18","1795,34","90,77","517,25","2259,03","1825,79","91,5","10999,4"
2022-07-12,"1431,21","436,88","65,15","170,14","1160,41","533,33","265,49","339,26","1721,76","90,35","522,25","2237,15","1809,63","90,0","10873,0"
2022-07-13,"1427,58","441,6","64,86","165,66","1152,1","532,09","258,53","331,32","1715,31","90,84","529,25","2232,53","1800,13","90,3","10832,11"
2022-07-14,"1456,82","442,52","62,82","156,23","1147,05","527,29","251,17","328,39","1724,54","92,08","511,75","2240,51","1795,76","87,9","10824,83"
2022-07-15,"1473,5","454,2","64,57","160,25","1170,97","530,03","257,31","332,58","1742,46","94,42","526,0","2281,15","1830,06","89,1","11006,61"
2022-07-18,"1443,09","455,04","67,2","165,35","1163,45","533,74","262,21","324,41","1725,7","96,45","527,0","2261,84","1814,95","89,7","10930,12"
2022-07-19,"1481,65","472,84","68,07","165,81","1191,39","542,52","258,94","338,63","1761,53","101,79","531,5","2331,4","1863,99","91,8","11201,87"
2022-07-20,"1501,67","491,08","66,03","157,0","1193,75","540,19","245,03","338,9","1780,13","106,67","512,0","2368,37","1875,87","89,7","11266,39"
2022-07-21,"1524,33","498,52","63,11","154,53","1200,0","546,36","242,58","340,21","1797,58","108,13","503,25","2402,37","1894,97","87,3","11363,23"
2022-07-22,"1511,97","489,68","67,86","160,15","1194,94","540,87","251,99","321,05","1767,17","103,75","510,75","2360,24","1877,39","87,3","11245,11"
2022-07-25,"1500,78","484,56","71,56","168,88","1198,31","542,79","264,26","319,89","1756,78","101,98","532,0","2346,8","1879,67","94,2","11262,47"
2022-07-26,"1487,54","459,24","70,63","169,66","1189,25","538,54","265,49","312,48","1709,75","99,04","536,5","2300,69","1857,43","96,0","11092,23"
2022-07-27,"1538,46","483,88","75,26","179,16","1205,99","548,56","278,99","336,4","1824,05","106,57","558,5","2397,91","1905,66","100,5","11539,89"
2022-07-28,"1543,96","489,12","78,34","193,49","1218,05","550,89","302,3","339,85","1876,11","107,73","591,25","2421,36","1929,57","104,4","11746,42"
2022-07-29,"1594,59","539,8","82,66","201,91","1230,9","548,28","319,08","346,1","1905,49","108,8","598,75","2465,52","1957,7","111,3","12010,88"
2022-08-01,"1584,77","541,56","81,12","201,44","1228,58","543,62","318,26","341,76","1886,97","110,47","598,0","2464,03","1951,9","109,5","11961,97"
2022-08-02,"1570,06","536,64","82,35","203,0","1213,59","541,01","320,3","342,56","1865,31","110,98","572,5","2456,69","1939,02","109,8","11863,82"
2022-08-03,"1630,11","558,08","82,05","205,65","1229,03","545,26","319,89","351,34","1917,24","113,18","595,25","2523,59","1969,39","111,6","12151,64"
2022-08-04,"1626,97","570,28","79,89","199,73","1226,03","549,11","312,53","351,66","1925,25","115,1","592,0","2535,39","1968,06","109,8","12161,79"
2022-08-05,"1624,71","563,2","83,28","200,82","1228,31","549,65","319,48","349,52","1920,22","113,75","602,75","2514,68","1964,73","112,5","12147,61"
2022-08-08,"1619,99","557,64","86,06","211,88","1230,0","550,34","330,12","349,02","1902,64","106,59","621,75","2506,55","1962,45","120,0","12155,02"
2022-08-09,"1620,48","551,32","81,74","199,41","1228,09","548,28","318,67","347,02","1916,08","102,35","609,5","2478,18","1954,66","117,3","12073,09"
2022-08-10,"1662,93","570,76","83,59","194,9","1247,9","555,14","312,94","356,16","1962,65","108,41","605,0","2547,35","1995,71","117,3","12320,73"
2022-08-11,"1655,56","562,56","86,67","203,78","1249,81","557,34","321,12","353,6","1948,12","107,48","612,0","2532,89","1995,71","122,7","12309,34"
2022-08-12,"1691,03","574,2","89,14","207,98","1265,24","563,24","330,12","362,05","1981,31","112,07","609,75","2582,21","2029,5","132,3","12530,14"
2022-08-15,"1701,74","572,72","90,37","213,59","1271,01","560,63","339,94","363,24","1991,9","114,01","604,75","2603,07","2037,86","139,2","12604,03"
2022-08-16,"1700,17","579,12","89,14","212,81","1279,88","560,49","336,26","362,11","1986,74","113,09","601,5","2596,98","2041,85","138,3","12598,45"
2022-08-17,"1715,11","568,4","89,45","211,1","1274,12","558,16","331,76","355,71","1981,5","109,83","604,75","2567,36","2027,36","139,2","12533,8"
2022-08-18,"1711,18","569,2","90,66","217,71","1275,54","555,01","333,8","357,55","1973,68","112,46","631,0","2573,53","2033,25","145,5","12580,07"
2022-08-19,"1685,33","552,92","85,07","206,9","1264,72","547,46","319,89","348,75","1946,34","106,92","605,5","2523,35","2005,93","139,5","12338,58"
2022-08-22,"1646,52","532,88","87,24","213,95","1241,15","542,66","330,53","339,91","1889,2","102,04","609,5","2456,92","1964,16","143,1","12099,77"
2022-08-23,"1643,18","534,48","90,97","222,57","1234,96","545,54","346,07","338,78","1880,29","102,92","624,75","2454,89","1959,41","155,1","12133,92"
2022-08-24,"1646,13","535,2","95,63","225,24","1237,78","545,4","349,76","338,27","1875,87","103,17","655,0","2462,0","1965,68","159,0","12194,12"
2022-08-25,"1670,69","549,12","97,18","226,33","1250,12","557,2","356,71","347,08","1896,68","107,31","662,0","2505,53","1993,43","167,4","12386,8"
2022-08-26,"1607,71","523,0","96,56","231,19","1211,77","548,97","357,53","328,31","1823,5","97,4","653,25","2402,84","1925,95","165,3","11973,28"
2022-08-29,"1585,7","519,16","98,42","232,45","1204,9","545,54","355,07","325,57","1804,04","94,65","648,75","2379,16","1913,22","176,4","11883,04"
2022-08-30,"1561,43","514,92","98,42","230,25","1193,42","539,09","347,3","324,14","1788,67","92,66","623,5","2352,66","1892,22","165,3","11723,99"
2022-08-31,"1544,82","507,08","91,59","221,16","1184,45","541,01","331,76","322,0","1778,47","90,42","609,75","2338,98","1877,82","164,7","11604,02"
2022-09-01,"1552,09","511,28","94,39","226,65","1189,74","536,76","339,12","326,52","1771,19","83,49","610,25","2340,0","1883,71","168,6","11633,79"
2022-09-02,"1530,97","510,04","97,8","233,7","1177,36","531,82","349,35","320,9","1741,67","81,75","616,5","2306,94","1863,85","174,6","11537,24"
2022-09-06,"1518,39","504,44","95,32","231,82","1171,51","525,51","355,07","317,8","1722,56","80,66","629,5","2290,37","1856,82","180,6","11480,36"
2022-09-07,"1532,44","517,92","101,53","248,12","1187,01","530,17","369,39","325,66","1755,48","82,18","651,75","2336,64","1890,17","198,0","11726,45"
2022-09-08,"1517,7","519,28","100,91","246,4","1194,17","527,29","364,89","322,47","1758,4","83,83","646,0","2348,75","1902,53","203,1","11735,73"
2022-09-09,"1546,3","533,08","104,63","262,85","1209,33","535,11","389,44","329,23","1798,81","86,21","667,5","2400,1","1932,08","209,1","12003,77"
2022-09-12,"1605,84","545,8","103,08","262,54","1217,93","543,07","383,3","329,85","1813,7","86,92","669,0","2428,63","1952,85","210,6","12153,11"
2022-09-13,"1511,61","507,28","100,6","256,12","1169,74","526,33","368,57","310,39","1713,99","78,68","649,5","2295,45","1867,94","213,3","11569,5"
2022-09-14,"1526,06","514,2","102,15","264,74","1170,98","528,94","377,57","312,42","1715,55","78,66","669,0","2313,66","1875,06","219,0","11667,99"
2022-09-15,"1497,17","505,12","97,49","255,96","1164,6","523,31","362,85","306,2","1669,03","77,47","633,5","2275,13","1853,77","200,1","11421,7"
2022-09-16,"1480,76","494,12","98,73","256,43","1159,01","518,51","361,62","305,87","1664,67","79,08","625,25","2261,22","1839,63","209,1","11354,01"
2022-09-19,"1517,9","498,64","103,08","268,97","1166,91","520,16","379,62","306,68","1663,18","80,19","648,5","2278,83","1853,9","216,3","11502,84"
2022-09-20,"1541,68","488,76","104,32","262,54","1155,13","517,27","373,07","300,93","1649,1","78,95","635,25","2260,66","1832,62","214,8","11415,1"
2022-09-21,"1510,43","474,16","101,53","257,21","1135,53","508,63","361,62","295,4","1625,29","79,46","621,0","2220,18","1800,65","204,6","11195,7"
2022-09-22,"1500,8","469,24","101,22","255,49","1130,68","506,16","357,94","297,96","1639,1","75,27","616,25","2192,86","1785,53","207,6","11136,08"
2022-09-23,"1478,11","455,12","94,31","248,63","1113,15","493,67","341,98","293,79","1618,29","75,0","593,0","2157,15","1755,61","186,9","10904,71"
2022-09-26,"1481,45","460,6","91,19","234,61","1101,33","487,64","321,94","292,1","1615,09","73,27","560,25","2148,23","1738,24","187,5","10793,43"
2022-09-27,"1491,17","457,64","91,82","228,47","1095,99","487,09","307,21","290,1","1608,02","74,38","561,25","2149,09","1733,8","186,3","10762,33"
2022-09-28,"1472,31","472,04","93,38","227,68","1116,42","491,34","311,3","297,69","1639,71","76,32","574,25","2191,84","1767,92","191,7","10923,89"
2022-09-29,"1399,99","459,2","94,63","226,73","1099,41","480,36","307,62","289,86","1615,43","73,22","577,0","2128,65","1730,99","186,6","10669,71"
2022-09-30,"1357,94","452,0","94,0","224,84","1080,94","478,58","308,86","284,6","1584,14","72,74","569,25","2092,56","1704,22","186,3","10490,97"
2022-10-03,"1399,7","463,52","100,25","242,96","1109,12","486,4","332,46","293,49","1637,47","74,97","602,75","2141,65","1749,22","204,6","10838,56"
2022-10-04,"1435,56","484,36","102,75","246,27","1140,54","502,32","334,12","302,42","1692,83","78,9","594,5","2208,99","1803,42","207,9","11134,87"
2022-10-05,"1438,51","483,8","101,5","242,17","1139,22","502,59","328,74","301,8","1695,01","79,15","599,25","2207,81","1799,22","222,0","11140,76"
2022-10-06,"1428,98","481,2","99,94","237,6","1125,83","499,57","321,7","301,77","1678,62","78,68","606,0","2190,43","1780,66","216,3","11047,26"
2022-10-07,"1376,51","458,24","97,44","231,93","1102,27","489,15","318,8","293,61","1593,26","72,36","593,25","2106,97","1730,99","215,7","10680,47"
2022-10-10,"1379,75","454,68","97,12","229,88","1098,47","482,29","315,49","291,17","1559,31","69,93","591,5","2085,9","1717,77","206,4","10579,68"
2022-10-11,"1365,6","448,84","94,63","226,42","1099,71","474,6","309,69","289,15","1533,2","69,42","569,75","2057,25","1706,89","201,9","10447,05"
2022-10-12,"1359,31","451,6","92,44","221,53","1099,22","475,15","300,58","290,28","1535,51","68,91","556,5","2056,54","1701,26","198,0","10406,85"
2022-10-13,"1405,0","450,12","94,31","225,47","1130,83","476,52","304,31","294,74","1593,26","71,67","574,0","2104,77","1746,16","206,1","10677,27"
2022-10-14,"1359,7","427,6","92,44","223,27","1116,76","469,39","296,44","287,31","1554,62","67,27","559,5","2041,51","1706,37","199,8","10401,98"
2022-10-17,"1399,3","455,16","94,94","229,1","1136,47","482,29","308,45","297,45","1615,63","71,23","575,0","2108,92","1750,22","212,1","10736,27"
2022-10-18,"1412,47","465,44","94,94","231,3","1149,3","482,42","308,45","299,83","1622,23","71,71","577,5","2125,6","1770,78","208,2","10820,18"
2022-10-19,"1413,55","460,28","93,69","230,2","1145,09","473,64","309,28","296,44","1608,49","72,21","582,0","2117,85","1758,23","211,2","10772,15"
2022-10-20,"1408,93","461,0","94,0","228,62","1141,17","476,66","316,32","297,45","1606,25","73,07","580,0","2107,04","1743,49","211,5","10745,51"
2022-10-21,"1447,06","477,28","98,3","235,9","1170,36","483,93","324,6","300,9","1646,85","74,7","588,75","2156,45","1785,86","215,1","11006,04"
2022-10-24,"1468,48","479,28","95,16","230,03","1186,06","465,55","320,87","305,04","1681,75","75,49","584,0","2180,17","1807,71","221,7","11101,29"
2022-10-25,"1496,87","482,4","97,36","236,69","1199,01","469,39","326,25","310,87","1704,94","79,46","615,0","2225,27","1836,58","228,9","11309,0"
2022-10-26,"1467,49","462,64","96,11","233,04","1198,59","477,07","321,7","282,46","1573,39","77,27","617,0","2176,1","1822,74","233,4","11039,02"
2022-10-27,"1422,79","443,84","97,68","238,75","1206,42","473,37","325,01","274,39","1542,31","78,95","633,5","2136,48","1813,01","236,1","10922,6"
2022-10-28,"1530,28","413,64","94,85","232,41","1236,99","470,49","315,07","286,5","1604,34","82,9","634,5","2201,86","1856,14","229,2","11189,18"
2022-10-31,"1506,7","409,76","94,54","235,26","1232,63","469,11","321,28","281,21","1578,9","80,88","629,25","2176,26","1842,73","229,2","11087,71"
2022-11-01,"1480,27","387,16","102,07","247,14","1228,82","477,76","339,09","269,19","1551,97","81,15","658,75","2154,02","1834,67","247,8","11059,86"
2022-11-02,"1425,05","368,48","98,3","237,16","1209,81","473,78","324,6","258,77","1497,08","79,21","633,5","2080,19","1788,63","237,9","10712,46"
2022-11-03,"1364,62","357,2","98,3","235,9","1204,2","476,52","325,42","248,24","1457,29","80,42","637,25","2039,55","1770,21","243,6","10538,73"
2022-11-04,"1361,96","363,92","98,93","239,06","1220,28","496,69","330,81","257,61","1505,85","84,82","647,75","2072,36","1795,69","241,2","10716,94"
2022-11-07,"1367,27","362,12","96,42","227,66","1236,39","496,97","321,7","263,29","1549,93","85,69","629,75","2095,14","1812,87","237,9","10783,1"
2022-11-08,"1372,98","359,92","96,73","226,07","1248,78","500,53","319,63","264,51","1556,73","87,5","657,5","2110,41","1822,65","232,5","10856,45"
2022-11-09,"1327,41","344,56","90,45","212,77","1224,8","491,89","307,21","259,81","1527,07","82,55","631,0","2061,71","1785,1","213,6","10559,93"
2022-11-10,"1445,52","386,52","87,94","209,91","1269,67","509,73","306,79","279,51","1652,7","94,38","627,0","2213,84","1883,2","215,7","11182,41"
2022-11-11,"1473,37","403,16","90,14","216,57","1271,67","523,59","317,56","286,86","1680,79","97,83","648,75","2254,63","1901,42","229,5","11395,84"
2022-11-14,"1459,4","393,96","89,2","216,88","1264,06","520,43","317,97","284,75","1642,98","97,64","671,5","2234,9","1885,25","241,2","11320,11"
2022-11-15,"1476,72","395,76","87,0","211,02","1265,72","532,37","312,18","292,9","1645,83","99,87","676,5","2265,83","1901,33","242,4","11405,41"
2022-11-16,"1464,42","388,48","84,8","207,54","1265,19","523,86","306,38","294,12","1648,83","95,33","656,75","2234,9","1886,82","229,2","11286,63"
2022-11-17,"1483,41","379,4","85,11","203,42","1265,3","524,82","298,51","292,66","1648,49","93,94","646,75","2229,97","1881,05","221,7","11254,54"
2022-11-18,"1489,02","376,56","85,11","204,84","1272,66","521,8","301,82","289,89","1645,36","92,33","657,25","2230,05","1889,59","220,8","11277,1"
2022-11-21,"1456,74","369,84","84,8","203,58","1271,46","515,22","301,41","284,45","1651,02","91,78","650,0","2207,11","1882,72","218,1","11188,21"
2022-11-22,"1478,1","372,8","86,06","206,43","1286,21","516,45","303,48","288,76","1671,34","96,1","653,5","2238,9","1908,05","224,4","11330,58"
2022-11-23,"1486,86","376,52","95,48","211,19","1289,94","520,7","312,18","292,96","1688,74","98,98","667,5","2261,37","1920,08","229,8","11452,29"
2022-11-25,"1457,72","373,64","101,48","218,05","1295,86","518,23","320,87","289,98","1688,12","97,49","689,25","2246,49","1919,65","246,6","11463,45"
2022-11-28,"1419,44","375,8","104,33","218,69","1276,89","515,9","325,01","285,79","1649,04","94,84","699,75","2213,53","1889,02","248,4","11316,41"
2022-11-29,"1389,42","369,68","101,48","222,19","1276,85","527,02","327,91","283,23","1639,29","93,71","724,75","2196,77","1885,77","258,0","11296,07"
2022-11-30,"1456,94","386,16","102,12","231,6","1305,78","542,25","335,36","300,49","1740,3","101,43","716,25","2296,91","1945,17","251,7","11712,46"
2022-12-01,"1459,69","382,0","100,85","227,13","1299,22","540,46","336,6","300,49","1737,23","102,7","727,75","2299,73","1943,74","251,4","11709,01"
2022-12-02,"1454,77","376,52","97,37","226,97","1300,47","542,52","340,33","298,85","1739,49","101,15","716,0","2290,57","1941,5","247,8","11674,31"
2022-12-05,"1443,16","364,04","91,68","213,74","1282,7","536,35","316,32","295,99","1706,61","99,55","685,5","2252,13","1906,57","233,4","11427,74"
2022-12-06,"1406,54","353,0","91,05","216,93","1269,23","535,66","315,9","288,56","1671,96","95,82","676,0","2205,46","1879,09","229,5","11234,71"
2022-12-07,"1387,16","353,84","95,16","222,35","1269,16","532,5","329,15","282,49","1666,84","96,62","691,0","2196,46","1875,89","233,4","11232,02"
2022-12-08,"1403,99","361,4","88,84","212,15","1276,78","538,95","310,93","278,83","1687,51","102,91","654,5","2222,45","1890,59","222,0","11251,82"
2022-12-09,"1399,16","356,36","87,57","211,83","1265,12","535,39","308,04","276,21","1674,0","101,9","649,5","2208,28","1876,47","221,4","11171,23"
2022-12-12,"1422,1","362,2","91,05","218,53","1284,92","533,74","321,28","277,64","1722,36","105,1","661,25","2236,0","1903,52","224,7","11364,39"
2022-12-13,"1431,74","369,96","90,1","213,9","1289,41","537,56","315,49","284,54","1752,45","108,32","650,25","2260,04","1917,93","225,3","11446,98"
2022-12-14,"1409,5","366,32","90,73","214,54","1283,41","537,83","317,56","282,87","1754,49","105,93","642,5","2243,28","1905,67","221,7","11376,34"
2022-12-15,"1343,46","353,8","91,05","214,38","1255,42","525,44","318,39","270,35","1698,49","101,6","637,0","2167,96","1859,05","224,1","11060,49"
2022-12-16,"1323,87","351,44","91,37","214,06","1243,78","526,97","317,97","268,56","1669,02","99,32","652,75","2147,29","1837,1","224,1","10967,61"
2022-12-19,"1302,81","339,68","95,48","218,84","1237,77","527,39","329,56","263,15","1640,1","97,42","694,25","2117,11","1821,53","238,2","10923,28"
2022-12-20,"1302,12","340,76","104,01","229,52","1241,55","527,25","354,82","264,87","1649,31","96,41","701,0","2115,46","1824,02","254,1","11005,2"
2022-12-21,"1333,12","347,08","108,44","241,48","1261,28","531,98","368,9","266,54","1667,25","98,9","721,5","2146,15","1851,29","260,4","11204,32"
2022-12-22,"1301,43","335,16","112,87","246,42","1248,66","527,25","370,55","261,12","1624,69","91,94","739,75","2093,64","1824,88","265,8","11044,15"
2022-12-23,"1297,79","341,0","114,33","253,67","1254,97","526,55","384,22","265,5","1628,37","91,14","748,75","2098,35","1835,38","272,7","11112,71"
2022-12-27,"1279,78","332,16","116,55","255,92","1256,63","534,35","387,53","260,02","1616,3","84,64","772,25","2068,69","1828,14","265,2","11058,15"
2022-12-28,"1240,51","327,28","119,72","264,88","1242,27","526,55","398,71","255,94","1599,72","84,13","770,25","2041,37","1805,42","272,7","10949,46"
2022-12-29,"1275,64","336,72","120,68","261,04","1255,46","535,33","397,88","263,17","1643,92","87,53","778,5","2091,13","1837,92","271,5","11156,43"
2022-12-30,"1278,79","336,0","123,85","262,96","1252,7","527,94","402,85","262,52","1635,81","87,59","798,5","2089,88","1833,08","275,7","11168,18"
2023-01-03,"1230,96","343,28","117,18","253,19","1252,29","532,4","395,39","265,17","1634,17","85,8","778,25","2075,75","1825,36","261,3","11050,5"
2023-01-04,"1243,66","340,56","123,22","264,56","1257,35","548,42","409,47","262,07","1562,69","88,4","796,75","2085,64","1839,45","261,3","11083,55"
2023-01-05,"1230,47","332,48","130,2","282,02","1244,72","546,75","437,21","256,48","1516,37","85,5","823,75","2052,99","1818,46","280,5","11037,91"
2023-01-06,"1275,74","344,32","133,06","290,03","1271,42","558,17","459,57","259,87","1534,24","89,06","835,5","2109,66","1860,16","283,5","11304,3"
2023-01-09,"1280,96","349,44","134,97","297,88","1267,67","562,35","471,99","261,9","1549,18","93,67","840,0","2123,31","1859,1","292,5","11384,92"
2023-01-10,"1286,67","359,48","133,38","300,28","1275,01","566,39","479,44","263,09","1560,98","95,35","847,25","2141,28","1872,14","291,6","11472,34"
2023-01-11,"1313,83","380,36","144,18","317,41","1284,57","568,76","512,98","272,31","1608,18","95,9","898,25","2178,33","1895,82","296,1","11766,99"
2023-01-12,"1313,04","381,08","147,04","332,31","1293,04","571,54","532,02","271,15","1626,87","98,96","877,5","2190,1","1902,72","310,5","11847,88"
2023-01-13,"1326,33","392,48","147,99","329,26","1296,98","575,31","539,89","274,09","1631,78","101,29","874,75","2205,17","1910,1","332,4","11937,82"
2023-01-17,"1337,94","384,2","156,25","355,05","1282,31","572,1","569,7","271,63","1639,42","106,1","878,0","2209,64","1906,61","366,6","12035,54"
2023-01-18,"1330,76","381,84","141,96","335,03","1258,9","568,2","513,39","271,12","1608,45","104,15","827,5","2180,92","1876,5","336,3","11735,03"
2023-01-19,"1331,35","374,72","145,13","342,56","1250,06","572,52","533,68","276,86","1581,99","100,48","820,75","2159,49","1862,84","336,6","11689,03"
2023-01-20,"1356,94","389,0","151,8","363,22","1262,62","581,3","569,29","291,65","1638,53","106,92","855,0","2218,59","1897,55","357,6","12040,0"
2023-01-23,"1388,83","390,08","148,94","351,04","1272,08","585,47","562,25","296,92","1654,63","115,04","855,25","2267,88","1920,31","359,4","12168,12"
2023-01-24,"1402,8","385,28","147,99","349,92","1275,6","585,89","560,18","290,7","1650,95","115,47","858,25","2263,25","1918,25","360,0","12164,53"
2023-01-25,"1396,21","388,72","152,12","364,34","1276,43","586,45","581,71","283,32","1641,2","115,82","883,5","2258,23","1918,97","362,4","12209,4"
2023-01-26,"1416,88","396,88","152,44","362,09","1284,15","592,02","575,5","290,16","1691,6","118,69","871,5","2302,25","1940,06","360,6","12354,82"
2023-01-27,"1436,27","408,96","147,04","347,04","1285,1","589,24","551,18","295,67","1692,69","122,06","844,0","2325,17","1944,52","346,2","12335,13"
2023-01-30,"1407,43","402,2","141,32","333,75","1275,45","577,4","525,79","288,44","1655,52","114,85","812,25","2278,16","1920,12","334,5","12067,17"
2023-01-31,"1420,13","412,52","147,67","351,85","1289,71","576,14","557,84","294,09","1690,31","117,1","845,75","2312,3","1948,35","358,5","12322,26"
2023-02-01,"1431,35","420,6","143,86","344,96","1289,86","583,25","548,27","298,82","1724,0","125,53","844,5","2361,75","1969,06","352,5","12438,3"
2023-02-02,"1484,4","451,64","143,54","349,6","1288,2","579,76","546,6","320,57","1804,83","130,12","844,75","2446,51","1997,72","344,1","12732,35"
2023-02-03,"1520,62","413,56","136,24","329,74","1282,71","569,45","513,3","311,76","1762,2","126,47","813,25","2403,03","1976,49","335,4","12494,23"
2023-02-06,"1493,35","408,72","138,78","334,39","1280,82","561,1","529,54","306,17","1751,42","126,4","820,0","2382,7","1964,41","344,4","12442,2"
2023-02-07,"1522,09","408,44","138,14","331,99","1292,32","563,33","532,03","320,27","1825,02","132,9","816,5","2432,07","1990,1","346,2","12651,41"
2023-02-08,"1495,22","400,2","140,68","334,39","1284,38","562,63","539,94","295,67","1819,36","133,09","835,0","2388,82","1968,34","346,5","12544,23"
2023-02-09,"1484,89","392,96","137,83","323,98","1275,52","565,28","528,7","282,69","1798,15","133,88","805,0","2367,71","1951,28","338,4","12386,27"
2023-02-10,"1488,54","390,44","138,78","326,86","1281,77","559,84","531,2","281,38","1794,6","127,46","822,5","2352,17","1955,83","347,4","12398,77"
2023-02-13,"1516,53","398,16","147,04","341,76","1296,22","564,44","564,09","281,5","1850,67","130,59","845,0","2389,84","1978,79","360,9","12665,53"
2023-02-14,"1510,12","398,8","149,89","347,84","1290,88","563,47","579,49","281,71","1856,47","137,68","845,5","2407,5","1977,88","362,7","12709,94"
2023-02-15,"1531,12","404,64","147,35","343,2","1292,85","558,73","575,75","288,44","1841,63","136,44","855,25","2425,95","1984,3","356,4","12742,04"
2023-02-16,"1515,15","392,6","153,71","343,04","1276,69","558,87","580,74","284,18","1792,6","131,87","846,25","2380,43","1956,98","356,7","12569,81"
2023-02-17,"1503,72","388,8","147,35","323,82","1282,2","552,74","553,68","280,73","1764,63","128,19","827,5","2363,63","1952,09","342,3","12411,38"
2023-02-21,"1463,6","378,32","147,99","324,46","1255,52","545,77","547,85","273,11","1727,77","123,8","810,0","2307,67","1912,93","342,0","12160,8"
2023-02-22,"1467,84","383,16","145,77","325,1","1252,75","543,13","551,18","272,7","1719,84","124,39","808,5","2309,4","1910,3","341,1","12155,15"
2023-02-23,"1472,67","383,28","152,12","334,71","1257,11","545,77","563,67","270,43","1742,13","141,83","821,0","2329,57","1920,46","351,3","12286,05"
2023-02-24,"1446,15","374,0","160,06","331,99","1243,65","533,52","559,93","265,2","1704,18","139,57","825,25","2290,56","1899,94","356,4","12130,39"
2023-02-27,"1458,08","375,04","162,91","339,67","1247,21","536,3","570,75","267,4","1710,61","140,86","836,5","2306,96","1906,41","363,3","12222,02"
2023-02-28,"1453,05","376,92","162,28","331,83","1237,78","532,54","554,51","267,97","1705,55","139,15","824,75","2303,98","1899,37","353,1","12142,77"
2023-03-01,"1432,35","368,68","164,19","329,26","1239,41","543,96","558,68","268,86","1684,01","136,04","838,0","2285,46","1892,08","363,0","12103,98"
2023-03-02,"1438,26","368,52","153,39","306,68","1252,44","545,91","519,54","273,74","1717,11","139,74","807,75","2304,37","1906,8","346,5","12080,76"
2023-03-03,"1488,73","379,6","157,52","315,49","1266,73","550,79","534,53","278,65","1745,69","143,19","812,25","2352,01","1937,38","357,9","12320,46"
2023-03-06,"1516,33","375,0","161,64","325,74","1268,52","548,84","542,86","283,05","1756,49","141,18","850,25","2354,68","1938,72","381,3","12444,6"
2023-03-07,"1494,35","374,2","155,29","317,89","1246,49","539,65","527,45","279,27","1737,89","139,6","827,0","2325,8","1909,0","354,0","12227,9"
2023-03-08,"1506,87","375,68","165,14","332,79","1245,05","541,87","548,69","280,43","1734,82","144,96","827,0","2337,42","1912,12","361,5","12314,33"
2023-03-09,"1484,4","369,0","156,56","318,37","1224,55","529,89","522,88","274,69","1725,38","140,49","798,0","2296,92","1876,84","346,8","12064,77"
2023-03-10,"1463,79","362,92","145,13","303,32","1211,85","527,11","487,49","269,66","1699,87","137,67","739,5","2264,66","1849,76","319,5","11782,24"
2023-03-13,"1483,21","369,72","137,83","295,95","1208,4","527,94","469,17","271,09","1736,32","137,67","716,75","2281,46","1847,12","297,3","11779,94"
2023-03-14,"1504,11","379,52","135,29","292,75","1221,18","528,22","457,52","279,6","1783,3","144,25","720,75","2333,88","1877,65","293,4","11951,42"
2023-03-15,"1508,05","384,8","124,81","269,21","1211,13","519,17","429,21","285,97","1815,1","145,24","684,5","2346,13","1865,91","278,1","11867,31"
2023-03-16,"1536,24","400,16","131,48","289,87","1225,19","527,11","452,94","298,49","1888,67","153,11","715,0","2407,97","1898,65","285,6","12210,48"
2023-03-17,"1527,87","395,8","123,85","274,33","1210,4","523,9","434,62","302,36","1910,76","154,21","710,0","2396,59","1876,45","271,5","12112,65"
2023-03-20,"1551,52","390,84","119,72","268,89","1224,84","525,85","427,96","301,17","1861,53","155,26","703,25","2405,1","1894,49","273,9","12104,33"
2023-03-21,"1570,05","402,44","129,25","287,47","1237,46","530,59","460,01","312,18","1872,12","157,05","733,75","2439,45","1919,37","294,6","12345,8"
2023-03-22,"1555,76","394,8","126,39","280,42","1216,79","532,68","447,11","307,57","1861,94","158,67","707,5","2406,28","1886,65","293,1","12175,65"
2023-03-23,"1566,6","394,84","121,63","272,89","1219,3","540,06","440,45","314,2","1898,66","163,0","700,5","2434,81","1891,75","289,8","12248,49"
2023-03-24,"1579,62","392,52","123,22","272,73","1224,92","538,67","443,36","313,73","1918,56","160,53","725,0","2443,77","1904,16","288,6","12329,39"
2023-03-27,"1560,2","392,16","128,62","289,07","1232,48","535,74","465,84","304,86","1889,9","159,05","770,0","2427,03","1907,72","309,3","12371,97"
2023-03-28,"1553,99","388,96","130,84","291,47","1230,58","543,41","474,58","300,61","1882,04","158,32","814,5","2414,14","1903,44","324,9","12411,77"
2023-03-29,"1584,74","401,0","133,38","297,55","1243,01","544,94","484,16","301,68","1918,14","161,76","823,25","2458,16","1931,11","336,9","12619,78"
2023-03-30,"1600,41","408,0","132,11","297,55","1248,33","550,37","474,58","300,19","1942,35","164,15","818,0","2481,42","1942,42","342,9","12702,8"
2023-03-31,"1625,45","413,16","124,49","285,22","1264,06","549,67","457,1","308,64","1971,41","166,51","824,5","2522,69","1969,79","329,4","12812,11"
2023-04-03,"1637,97","409,64","128,3","295,15","1276,57","550,79","472,92","310,51","1964,1","167,64","865,75","2516,56","1977,3","349,5","12922,7"
2023-04-04,"1632,65","415,8","126,08","286,83","1269,08","550,79","461,68","311,58","1963,75","164,57","832,5","2508,07","1966,33","342,0","12831,71"
2023-04-05,"1614,21","404,4","126,08","288,75","1272,42","546,47","461,68","310,84","1944,33","161,14","846,25","2483,31","1961,18","344,1","12765,17"
2023-04-06,"1623,09","408,24","124,49","284,9","1272,73","548,7","455,43","322,59","1993,98","162,08","842,75","2500,05","1968,83","334,8","12842,66"
2023-04-10,"1597,16","408,68","131,48","288,43","1276,76","549,26","463,34","316,7","1978,87","165,33","860,5","2498,64","1970,85","369,0","12874,99"
2023-04-11,"1585,04","399,68","141,0","299,96","1280,33","552,6","484,99","313,46","1934,01","162,87","863,5","2482,6","1971,38","372,3","12843,72"
2023-04-12,"1578,14","391,32","146,08","313,09","1279,23","548,7","514,55","311,35","1938,52","158,83","910,25","2460,67","1963,34","376,2","12890,27"
2023-04-13,"1631,96","409,6","148,31","320,94","1293,52","556,22","517,88","319,65","1981,94","158,64","923,75","2508,86","1989,42","370,5","13131,18"
2023-04-14,"1628,51","410,04","155,61","332,47","1287,7","553,3","529,95","323,93","1956,64","160,41","939,0","2504,14","1984,56","373,5","13139,76"
2023-04-17,"1628,7","410,96","159,42","338,07","1291,8","555,66","538,28","315,3","1974,83","161,87","940,75","2506,26","1991,68","368,4","13182,01"
2023-04-18,"1640,93","409,2","155,29","320,14","1291,35","554,97","515,38","310,93","1971,89","165,86","916,0","2506,42","1992,98","366,6","13117,94"
2023-04-19,"1652,36","417,2","143,54","292,91","1288,27","549,4","484,58","309,98","1972,44","167,44","879,0","2505,24","1992,65","346,8","13001,8"
2023-04-20,"1642,7","415,24","146,4","297,88","1284,32","548,56","494,15","313,28","1956,44","162,48","879,75","2486,14","1981,77","344,4","12953,51"
2023-04-21,"1626,63","427,84","141,64","289,39","1285,63","543,41","485,41","313,64","1954,04","162,57","857,5","2488,73","1983,31","339,0","12898,74"
2023-04-24,"1629,69","424,84","142,27","290,67","1288,06","542,15","487,07","315,3","1926,76","162,11","869,25","2483,55","1985,38","342,9","12890,01"
2023-04-25,"1614,31","410,28","140,37","290,19","1275,06","531,98","484,16","309,0","1883,34","157,31","860,25","2436,7","1953,87","333,6","12680,4"
2023-04-26,"1614,21","419,92","139,73","287,63","1266,01","535,05","478,33","308,58","2019,76","161,59","860,75","2451,48","1945,59","330,6","12819,23"
2023-04-27,"1660,05","439,28","137,19","282,18","1285,97","542,29","477,91","320,12","2084,45","163,21","856,5","2518,13","1984,32","332,4","13084,02"
2023-04-28,"1672,57","421,8","135,92","283,3","1296,73","545,08","479,58","319,38","2101,06","166,35","853,5","2535,51","2001,26","333,6","13145,63"
2023-05-01,"1671,68","408,2","132,11","275,77","1294,18","543,27","466,26","318,96","2089,44","173,31","835,5","2532,6","1999,24","329,1","13069,62"
2023-05-02,"1661,33","414,52","130,2","278,18","1280,91","537,97","474,17","313,37","2088,41","169,11","846,0","2510,51","1976,77","324,3","13005,76"
2023-05-03,"1650,59","414,6","127,03","275,45","1270,42","537,14","470,42","313,64","2081,51","166,66","831,25","2494,08","1963,2","318,6","12914,59"
2023-05-04,"1634,22","416,0","122,9","269,21","1259,85","541,46","455,02","311,5","2088,41","165,23","813,25","2485,28","1949,3","316,2","12827,81"
2023-05-05,"1710,91","422,64","131,48","285,06","1280,38","548,7","485,41","314,11","2124,24","171,93","853,25","2538,1","1985,38","341,7","13193,3"
2023-05-08,"1710,22","423,32","134,65","287,15","1278,44","548,98","496,65","320,66","2110,57","174,75","845,25","2544,39","1985,91","345,6","13206,53"
2023-05-09,"1693,17","426,48","136,56","294,51","1276,73","545,63","505,39","319,41","2099,29","171,27","861,75","2528,27","1977,2","352,2","13187,87"
2023-05-10,"1710,82","440,76","139,41","293,23","1275,66","545,36","514,13","332,5","2135,59","173,16","878,75","2555,79","1986,44","349,5","13331,1"
2023-05-11,"1712,69","448,72","144,18","297,39","1267,45","543,41","530,79","346,84","2120,55","171,32","906,0","2564,12","1982,98","352,5","13388,93"
2023-05-12,"1703,41","441,04","145,13","295,95","1266,96","537,0","515,8","349,64","2112,76","169,89","934,0","2554,92","1980,38","340,8","13347,67"
2023-05-15,"1698,47","444,8","144,81","293,07","1269,12","546,89","509,97","346,66","2116,11","173,56","915,0","2568,76","1987,21","333,9","13348,34"
2023-05-16,"1698,47","453,6","137,19","274,17","1256,12","542,99","472,5","355,59","2131,7","175,12","878,25","2571,66","1973,93","324,0","13245,3"
2023-05-17,"1704,59","462,0","142,27","285,38","1272,32","545,5","492,9","359,55","2151,85","180,91","892,5","2602,79","1997,89","331,8","13422,25"
2023-05-18,"1727,89","472,6","136,56","277,22","1277,83","542,57","480,0","365,47","2182,82","189,9","879,0","2651,13","2017,14","326,4","13526,52"
2023-05-19,"1728,98","465,0","136,87","282,98","1273,47","542,99","482,91","365,26","2181,59","187,42","903,0","2645,16","2014,2","324,3","13534,13"
2023-05-22,"1719,5","460,04","134,33","275,93","1268,56","547,45","473,34","372,07","2201,05","186,89","894,25","2654,04","2015,02","324,0","13526,47"
2023-05-23,"1693,44","459,96","138,46","282,5","1259,83","538,95","477,08","364,67","2160,48","183,97","907,25","2620,4","1992,41","335,1","13414,49"
2023-05-24,"1696,2","467,0","140,05","284,1","1249,92","534,91","489,57","359,73","2150,82","183,07","917,75","2606,96","1977,97","341,4","13399,45"
2023-05-25,"1707,56","460,0","137,83","281,7","1248,93","533,79","485,41","367,4","2233,53","227,68","918,25","2670,39","1995,1","331,8","13599,38"
2023-05-26,"1731,64","480,44","139,73","281,38","1260,71","543,27","486,24","370,77","2281,3","233,47","917,25","2738,62","2020,94","333,6","13819,35"
2023-05-30,"1750,1","486,64","142,27","287,95","1259,49","537,0","504,14","367,97","2269,79","240,45","936,5","2751,04","2021,71","338,4","13893,44"
2023-05-31,"1749,6","482,32","139,1","281,22","1255,68","531,98","513,4","365,59","2250,46","226,8","925,0","2735,4","2010,5","329,7","13796,75"
2023-06-01,"1777,64","491,08","144,18","293,55","1261,09","541,46","522,91","368,12","2279,17","238,41","959,75","2767,0","2029,6","339,0","14012,95"
2023-06-02,"1786,13","497,0","143,23","294,83","1288,26","550,79","511,23","370,94","2298,5","235,75","963,0","2787,75","2058,95","344,4","14130,76"
2023-06-05,"1772,6","501,2","148,31","307,48","1280,87","550,65","533,29","374,93","2302,2","234,82","978,5","2789,72","2055,0","351,9","14181,47"
2023-06-06,"1768,95","506,44","166,41","350,56","1281,02","555,53","602,5","378,8","2286,71","231,72","1020,75","2789,24","2059,48","373,8","14371,91"
2023-06-07,"1755,23","484,92","172,76","359,53","1284,83","553,14","627,15","364,49","2216,13","224,67","1003,25","2741,92","2052,36","375,9","14216,28"
2023-06-08,"1782,38","497,0","166,41","350,08","1291,08","557,07","634,93","363,42","2229,01","230,88","986,75","2775,96","2064,77","378,6","14308,34"
2023-06-09,"1786,23","493,72","170,85","349,12","1292,83","559,6","640,56","363,68","2239,5","232,44","978,5","2786,57","2068,48","376,5","14338,57"
2023-06-12,"1814,16","506,28","169,58","352,49","1300,07","560,72","631,47","367,88","2274,17","236,71","969,5","2833,66","2087,24","371,7","14475,63"
2023-06-13,"1809,42","506,64","171,49","359,85","1305,6","566,34","656,56","368,44","2290,89","245,94","963,75","2855,43","2101,0","372,0","14573,36"
2023-06-14,"1815,74","505,68","174,67","357,13","1297,21","570,55","671,7","367,97","2311,79","257,78","954,75","2876,18","2103,5","375,0","14639,65"
2023-06-15,"1836,07","508,44","176,89","373,14","1313,79","575,88","690,3","372,19","2385,53","255,72","958,5","2910,45","2129,58","403,5","14890,0"
2023-06-16,"1825,31","501,96","187,05","391,88","1309,8","573,92","729,66","367,55","2345,99","255,95","1022,75","2892,14","2122,33","436,5","14962,79"
2023-06-20,"1826,2","503,12","194,35","415,1","1300,29","562,69","741,77","366,27","2316,66","262,64","1069,25","2888,0","2111,32","436,2","14993,87"
2023-06-21,"1815,84","499,32","199,12","428,08","1296,36","560,02","769,88","358,69","2285,89","258,07","1095,0","2848,64","2100,5","463,5","14978,89"
2023-06-22,"1845,85","520,6","189,91","403,25","1296,01","558,05","713,65","366,42","2328,04","257,95","1052,25","2882,25","2108,08","441,9","14964,22"
2023-06-23,"1842,69","517,32","193,72","405,33","1287,69","549,91","725,76","364,01","2295,9","253,06","1051,0","2853,68","2092,15","443,7","14875,91"
2023-06-26,"1828,77","509,32","200,39","440,73","1287,61","551,73","759,93","352,11","2251,9","243,6","1059,75","2815,43","2083,6","462,0","14846,87"
2023-06-27,"1856,31","516,72","193,72","423,59","1295,59","557,35","725,33","352,08","2292,81","251,06","1045,0","2863,83","2106,44","449,7","14929,54"
2023-06-28,"1868,05","516,16","194,99","423,43","1293,3","553,98","729,66","357,58","2301,58","246,51","1043,5","2869,42","2107,5","443,1","14948,78"
2023-06-29,"1871,41","511,6","196,58","426,63","1302,97","551,03","745,66","354,37","2296,1","244,74","1059,0","2863,68","2115,81","455,7","14995,28"
2023-06-30,"1914,65","521,44","194,67","422,63","1313,24","555,38","743,93","356,16","2333,72","253,61","1083,0","2907,84","2140,78","446,7","15187,75"
2023-07-03,"1899,74","520,88","196,58","420,39","1314,08","561,56","748,69","356,75","2316,25","254,28","1070,5","2914,68","2143,24","446,7","15164,32"
2023-07-05,"1888,59","521,52","196,26","418,95","1309,27","558,19","754,31","362,26","2317,35","253,7","1091,25","2914,6","2140,05","454,5","15180,8"
2023-07-06,"1893,32","513,44","179,43","387,4","1295,59","546,82","696,78","357,38","2338,73","252,42","1024,25","2892,41","2123,3","421,5","14922,77"
2023-07-07,"1882,17","519,12","188,0","401,33","1288,72","553,0","717,55","355,5","2310,97","254,82","1041,0","2882,8","2117,93","431,1","14944,02"
2023-07-10,"1861,74","508,52","184,83","389,48","1296,93","553,42","704,92","346,49","2274,03","252,88","1032,75","2883,75","2123,3","435,3","14848,33"
2023-07-11,"1856,51","515,12","185,15","395,25","1308,62","559,03","713,66","348,54","2278,42","254,23","1037,5","2898,0","2136,82","432,6","14919,43"
2023-07-12,"1873,19","523,2","187,05","408,38","1312,4","571,53","729,83","353,87","2310,83","263,21","1079,75","2934,6","2154,01","448,2","15150,03"
2023-07-13,"1880,79","537,2","190,54","425,67","1313,51","578,97","759,11","370,56","2348,25","275,65","1088,75","2984,42","2171,11","455,1","15379,62"
2023-07-14,"1882,27","538,72","178,16","399,25","1318,28","575,74","711,47","373,18","2365,93","272,6","1069,5","2983,79","2169,75","434,4","15273,05"
2023-07-17,"1914,84","534,24","190,86","426,09","1320,88","576,44","750,37","370,88","2369,29","278,55","1121,75","3011,66","2177,29","457,2","15500,34"
2023-07-18,"1912,28","531,32","189,59","426,58","1335,12","572,23","761,73","368,24","2463,59","284,74","1117,75","3036,3","2193,47","464,4","15657,33"
2023-07-19,"1925,8","541,44","182,29","417,29","1339,36","571,11","747,31","363,09","2433,37","282,24","1097,5","3035,59","2198,34","460,5","15595,22"
2023-07-20,"1906,35","519,84","187,05","424,75","1346,01","566,9","760,42","354,67","2377,1","272,91","1097,25","2965,61","2183,76","457,5","15420,12"
2023-07-21,"1894,61","520,0","193,43","436,7","1345,92","566,05","780,08","357,11","2355,86","265,65","1115,5","2956,72","2183,76","463,8","15435,19"
2023-07-24,"1902,6","515,2","189,91","425,92","1353,3","573,78","759,54","361,6","2365,04","267,46","1106,25","2961,44","2193,51","468,9","15444,45"
2023-07-25,"1911,19","516,52","189,26","432,55","1354,26","578,55","772,65","363,62","2405,27","273,86","1101,5","2981,51","2199,5","468,9","15549,15"
2023-07-26,"1919,88","512,6","193,43","434,71","1357,81","581,92","776,15","384,63","2314,74","272,5","1092,25","2971,59","2199,84","462,0","15474,05"
2023-07-27,"1907,24","513,0","177,39","408,66","1348,33","574,76","721,96","385,02","2266,43","275,18","1031,0","2964,51","2185,26","430,5","15189,24"
2023-07-28,"1933,0","528,84","182,21","419,11","1354,87","588,66","737,89","394,48","2318,85","280,28","1029,5","3018,51","2206,65","437,7","15430,55"
2023-07-31,"1939,13","534,72","181,57","417,45","1359,03","588,94","748,04","394,9","2302,06","280,16","1050,0","3020,08","2210,85","446,7","15473,62"
2023-08-01,"1930,83","526,76","176,11","424,75","1361,44","581,5","723,33","391,41","2304,94","278,82","1071,75","3013,07","2204,53","440,4","15429,66"
2023-08-02,"1900,92","512,84","168,09","406,17","1348,22","567,6","697,73","381,98","2244,36","265,41","1035,75","2946,96","2173,86","427,8","15077,69"
2023-08-03,"1887,01","515,64","164,56","400,2","1345,35","569,84","691,99","382,19","2238,6","266,88","1000,75","2942,23","2167,63","420,0","14992,88"
2023-08-04,"1796,39","558,28","169,05","412,07","1340,23","569,14","721,56","381,18","2246,28","267,87","1008,0","2928,46","2157,83","422,1","14978,44"
2023-08-07,"1765,4","568,88","167,45","408,85","1355,4","568,3","710,53","391,36","2262,25","272,29","1018,0","2953,25","2176,66","418,5","15037,12"
2023-08-08,"1774,78","559,76","174,19","422,04","1349,29","561,42","738,33","390,97","2234,42","267,77","1029,0","2928,14","2167,19","429,9","15027,21"
2023-08-09,"1758,88","551,4","170,98","418,66","1342,64","562,83","733,04","385,79","2208,25","255,12","1043,75","2895,95","2152,71","429,9","14909,89"
2023-08-10,"1756,71","554,24","174,19","434,56","1344,97","563,67","759,52","385,88","2213,04","254,13","1072,5","2901,3","2153,48","431,7","14999,88"
2023-08-11,"1757,3","553,64","175,62","431,51","1349,21","555,38","740,1","385,49","2199,89","244,94","1118,75","2882,8","2152,22","435,3","14982,17"
2023-08-14,"1773,81","562,28","173,34","398,03","1350,01","552,72","697,29","390,76","2220,65","262,31","1091,0","2915,16","2164,1","426,9","14978,37"
2023-08-15,"1753,94","550,68","168,78","393,98","1336,25","546,4","690,67","386,15","2205,71","263,43","1120,0","2884,22","2138,89","422,1","14861,21"
2023-08-16,"1745,25","540,28","169,1","396,34","1329,22","541,49","703,91","382,94","2200,35","260,71","1125,25","2853,68","2123,2","438,9","14810,62"
2023-08-17,"1719,84","535,92","160,63","386,52","1318,86","542,75","676,11","386,56","2176,18","259,86","1110,75","2822,51","2107,02","442,2","14645,72"
2023-08-18,"1724,69","532,88","160,63","389,1","1321,05","539,1","669,49","379,25","2173,43","259,59","1118,75","2818,97","2108,03","437,7","14632,65"
2023-08-21,"1738,03","538,72","159,0","381,69","1319,32","540,36","663,31","381,95","2210,52","281,58","1101,0","2864,39","2121,75","432,0","14733,62"
2023-08-22,"1751,77","537,0","163,24","398,93","1312,78","539,24","685,82","384,07","2214,5","273,79","1168,25","2860,29","2116,0","438,6","14844,27"
2023-08-23,"1790,22","542,08","168,78","408,58","1319,93","547,8","729,51","393,85","2245,68","282,48","1182,75","2905,39","2139,57","450,9","15107,53"
2023-08-24,"1743,37","527,36","167,59","414,27","1305,39","545,7","706,05","386,15","2197,4","282,76","1157,75","2843,29","2109,92","440,7","14827,68"
2023-08-25,"1765,41","533,04","179,82","425,99","1314,84","546,26","736,32","386,45","2218,07","275,89","1144,25","2865,33","2124,79","442,5","14958,97"
2023-08-28,"1781,03","532,56","192,71","458,23","1323,3","551,59","792,85","389,81","2223,02","280,79","1192,25","2886,9","2138,27","447,0","15190,31"
2023-08-29,"1819,87","539,64","197,34","465,3","1334,44","558,61","812,44","400,4","2255,36","292,48","1204,75","2949,95","2169,17","445,2","15444,96"
2023-08-30,"1854,76","540,28","190,07","459,96","1337,43","556,79","807,54","404,3","2257,97","295,35","1177,5","2966,4","2178,11","438,3","15464,76"
2023-08-31,"1856,94","552,04","189,07","459,44","1331,34","549,91","804,87","405,16","2250,9","295,9","1139,0","2975,29","2174,92","433,2","15417,99"
2023-09-01,"1872,65","552,48","181,47","449,27","1335,82","556,37","782,62","403,64","2257,08","290,83","1145,75","2972,14","2178,98","426,3","15405,4"
2023-09-05,"1875,03","549,08","176,18","427,03","1328,16","551,88","748,34","403,97","2290,66","291,06","1099,75","2975,92","2169,56","409,5","15296,12"
2023-09-06,"1807,91","541,44","176,51","418,93","1320,59","548,79","737,65","400,07","2286,06","282,17","1072,75","2949,71","2154,98","404,1","15101,66"
2023-09-07,"1755,03","551,4","175,19","412,03","1323,23","542,33","726,97","402,45","2265,66","277,25","1020,75","2928,61","2148,36","392,7","14921,97"
2023-09-08,"1761,16","552,92","162,63","397,89","1326,37","543,45","706,05","405,79","2295,61","273,24","971,0","2932,71","2151,6","379,8","14860,2"
2023-09-11,"1772,82","572,4","161,64","395,65","1329,66","550,19","700,7","407,39","2320,81","270,88","946,5","2967,26","2165,75","362,1","14923,76"
2023-09-12,"1742,58","564,92","165,94","401,51","1329,05","548,51","710,94","402,69","2278,44","269,03","998,0","2934,36","2153,87","373,5","14873,33"
2023-09-13,"1721,92","579,4","164,94","405,65","1326,52","547,8","714,5","406,77","2307,9","272,72","1018,5","2945,54","2156,38","385,2","14953,74"
2023-09-14,"1737,04","578,88","168,91","413,75","1339,5","551,45","722,52","410,9","2326,03","273,29","1035,25","2969,62","2174,97","387,9","15090,03"
2023-09-15,"1729,83","561,56","167,26","407,38","1328,45","549,35","706,49","408,82","2267,79","263,22","1011,0","2918,78","2148,77","381,3","14849,98"
2023-09-18,"1759,08","559,92","171,89","422,03","1328,49","548,65","726,08","411,23","2259,83","263,61","1052,5","2921,82","2150,03","392,4","14967,55"
2023-09-19,"1769,96","550,52","166,93","406,34","1324,35","545,42","702,93","410,73","2257,01","260,94","1037,0","2915,59","2145,57","388,2","14881,47"
2023-09-20,"1734,57","541,16","162,3","396,97","1321,47","543,17","681,56","397,93","2202,89","253,26","1008,25","2873,58","2125,84","383,7","14626,65"
2023-09-21,"1719,15","517,32","159,99","391,17","1307,11","533,76","665,53","388,11","2194,38","245,93","1004,0","2820,92","2090,7","393,6","14431,69"
2023-09-22,"1727,65","516,48","156,02","383,62","1303,28","540,08","656,79","387,55","2177,07","249,49","1002,75","2821,31","2086,0","386,1","14394,19"
2023-09-25,"1740,4","525,08","150,73","375,37","1304,81","537,7","641,08","390,11","2180,71","253,15","975,0","2834,71","2094,78","377,4","14381,04"
2023-09-26,"1699,68","503,92","146,76","364,31","1289,69","530,11","620,9","382,55","2143,63","251,29","962,75","2792,15","2064,0","366,3","14118,04"
2023-09-27,"1684,56","503,92","145,44","364,13","1287,35","530,96","617,31","388,41","2148,09","254,63","976,25","2798,69","2064,82","380,7","14145,26"
2023-09-28,"1687,13","503,92","148,26","365,54","1291,92","532,36","622,24","393,68","2153,93","258,35","969,25","2822,1","2076,8","378,6","14204,07"
2023-09-29,"1692,27","508,48","139,2","346,4","1285,51","532,78","585,46","389,36","2168,42","260,81","934,0","2824,15","2071,76","367,5","14106,09"
2023-10-02,"1717,37","517,84","138,87","339,03","1282,21","530,11","567,51","399,21","2209,97","268,5","925,75","2847,72","2070,93","363,6","14178,62"
2023-10-03,"1704,03","498,88","134,84","322,7","1266,43","523,09","543,73","394,03","2152,21","260,92","904,75","2797,74","2043,21","349,2","13895,78"
2023-10-04,"1716,48","508,0","136,85","328,14","1270,31","521,55","550,46","402,39","2190,46","264,06","910,75","2835,82","2058,09","343,8","14037,18"
2023-10-05,"1728,84","503,84","141,89","331,83","1271,0","523,52","568,86","401,89","2193,21","267,94","923,5","2827,46","2057,31","344,7","14085,78"
2023-10-06,"1754,34","511,84","143,56","333,06","1282,24","531,1","572,89","409,36","2247,46","274,38","938,5","2874,84","2081,74","342,0","14297,31"
2023-10-09,"1769,17","513,04","142,22","323,23","1289,88","528,57","555,4","411,86","2265,05","271,45","962,0","2889,5","2095,07","359,1","14375,52"
2023-10-10,"1763,24","517,92","139,2","319,54","1295,1","536,15","539,7","410,78","2255,22","274,6","989,75","2905,5","2105,97","362,4","14415,07"
2023-10-11,"1777,17","527,32","142,89","322,35","1297,33","539,52","556,29","418,19","2282,9","280,64","1023,5","2926,23","2114,6","375,0","14583,94"
2023-10-12,"1786,17","529,32","142,22","319,71","1290,57","533,48","542,84","413,49","2274,25","281,47","1022,75","2916,06","2101,71","385,8","14539,85"
2023-10-13,"1767,78","519,16","137,53","317,26","1292,15","531,52","535,21","408,7","2250,69","272,58","991,5","2879,41","2091,24","382,2","14376,92"
2023-10-16,"1766,5","530,2","140,54","333,41","1304,47","535,45","565,27","413,88","2284,41","276,38","1010,25","2911,97","2113,24","389,4","14575,36"
2023-10-17,"1750,98","525,88","144,57","342,89","1304,85","534,05","560,33","415,72","2280,43","263,44","1092,75","2902,43","2113,14","411,6","14643,06"
2023-10-18,"1738,03","512,52","141,89","335,87","1291,95","525,9","551,36","410,49","2267,04","253,0","1085,0","2864,35","2084,99","405,0","14467,38"
2023-10-19,"1734,27","513,6","137,53","329,37","1282,32","522,81","523,54","409,86","2275,35","252,43","1049,5","2837,55","2066,67","378,3","14313,11"
2023-10-20,"1708,77","500,68","133,84","327,44","1271,79","516,5","508,29","403,47","2243,41","248,15","1025,75","2795,22","2041,27","368,7","14093,28"
2023-10-23,"1709,96","506,24","134,17","328,32","1264,61","516,08","515,02","406,14","2261,61","257,67","984,25","2803,66","2037,73","344,7","14070,16"
2023-10-24,"1714,31","514,24","129,14","316,03","1272,75","522,67","496,63","413,02","2269,92","261,79","983,25","2830,93","2053,1","337,2","14114,98"
2023-10-25,"1691,18","485,56","137,86","333,76","1268,56","515,79","531,17","373,74","2339,56","250,5","1002,75","2761,64","2023,63","338,1","14053,81"
2023-10-26,"1649,57","478,28","141,89","343,07","1258,85","513,27","535,21","363,83","2251,79","241,79","1003,25","2708,98","1999,4","339,0","13828,17"
2023-10-27,"1662,71","510,96","139,2","341,13","1244,91","512,85","527,13","363,51","2264,98","242,83","972,5","2721,99","1990,33","331,2","13826,24"
2023-10-30,"1683,17","530,84","130,82","316,73","1264,26","518,18","499,32","370,32","2316,48","246,79","934,5","2752,65","2014,13","313,5","13891,7"
2023-10-31,"1687,92","532,36","131,49","321,65","1269,06","515,23","502,91","369,19","2321,98","244,51","922,0","2765,82","2026,78","297,9","13908,79"
2023-11-01,"1719,55","548,0","141,55","341,66","1277,51","520,01","536,11","376,24","2376,64","253,77","949,75","2813,82","2048,4","310,5","14213,51"
2023-11-02,"1755,13","552,28","144,57","355,71","1299,44","529,13","552,26","379,33","2392,09","260,85","958,75","2864,91","2087,65","321,0","14453,1"
2023-11-03,"1746,04","554,4","146,92","359,04","1307,96","539,94","558,09","384,13","2422,86","269,84","958,75","2898,56","2106,7","321,6","14574,83"
2023-11-06,"1771,54","558,96","144,23","346,05","1309,61","544,29","540,14","387,55","2448,48","274,31","922,25","2910,39","2111,54","307,2","14576,55"
2023-11-07,"1797,14","570,84","143,9","347,1","1311,53","543,31","541,49","389,69","2475,95","275,54","924,0","2937,9","2117,55","304,2","14680,14"
2023-11-08,"1807,71","568,32","137,86","336,57","1309,92","539,66","525,79","392,28","2494,28","279,25","906,75","2939,79","2119,1","300,9","14658,19"
2023-11-09,"1802,97","562,4","139,87","336,04","1302,2","534,61","528,03","387,52","2477,05","281,5","896,0","2917,17","2102,58","298,8","14566,74"
2023-11-10,"1844,84","574,24","141,22","342,89","1317,18","538,4","528,48","394,51","2538,72","289,81","896,0","2982,75","2135,39","309,6","14834,01"
2023-11-13,"1829,0","570,36","140,21","340,26","1319,33","538,26","523,1","393,02","2518,18","291,52","893,75","2973,45","2133,35","304,8","14768,58"
2023-11-14,"1855,13","583,2","143,9","346,05","1337,95","552,58","536,56","397,57","2542,84","297,73","913,75","3037,46","2174,74","314,1","15033,55"
2023-11-15,"1860,77","572,8","141,89","344,82","1345,06","557,21","537,9","400,55","2543,87","293,12","885,0","3039,74","2179,35","307,5","15009,58"
2023-11-16,"1877,59","571,32","142,56","338,68","1344,1","551,88","532,52","407,42","2588,6","296,67","896,0","3042,35","2182,01","306,3","15077,99"
2023-11-17,"1877,4","580,72","147,92","355,36","1344,55","552,58","560,78","402,6","2545,11","295,58","926,5","3043,05","2184,73","321,9","15138,77"
2023-11-20,"1894,82","584,52","175,43","426,99","1352,59","559,46","657,24","405,4","2597,34","302,24","1092,5","3080,1","2201,54","450,3","15780,46"
2023-11-21,"1886,8","575,6","167,71","427,52","1349,9","555,95","653,2","407,54","2567,27","299,45","1065,75","3062,21","2196,74","444,9","15660,53"
2023-11-22,"1893,43","586,84","146,58","398,9","1356,59","554,82","605,64","412,06","2600,16","292,09","1059,5","3074,74","2205,23","450,0","15636,59"
2023-11-24,"1880,17","586,96","175,76","455,08","1361,36","555,1","687,29","406,71","2597,27","286,46","1139,75","3070,41","2206,58","505,2","15914,11"
2023-11-27,"1878,39","590,92","189,85","496,87","1359,51","552,86","754,59","405,88","2605,39","289,25","1180,5","3067,73","2202,61","517,8","16092,13"
2023-11-28,"1884,42","588,12","178,11","491,77","1362,55","557,49","757,28","408,23","2633,53","286,73","1146,75","3075,77","2204,79","503,7","16079,25"
2023-11-29,"1874,23","585,28","188,17","504,24","1364,63","554,26","777,02","401,65","2607,04","288,64","1173,0","3072,77","2203,24","509,4","16103,58"
2023-11-30,"1879,97","584,36","187,5","498,97","1385,22","555,38","770,74","394,33","2607,45","280,42","1174,0","3065,05","2211,91","498,3","16093,62"
2023-12-01,"1892,74","588,12","183,81","486,51","1396,95","557,77","759,52","392,34","2577,17","280,39","1141,25","3073,8","2225,0","484,5","16039,88"
2023-12-04,"1874,82","579,36","179,12","474,04","1395,38","551,45","757,28","384,63","2540,22","272,87","1153,5","3045,26","2213,32","481,2","15902,46"
2023-12-05,"1914,31","587,52","183,48","474,57","1392,57","548,08","777,02","389,75","2563,48","279,23","1180,5","3052,91","2212,88","512,7","16069,0"
2023-12-06,"1903,43","578,08","178,11","461,93","1389,91","547,38","759,52","386,86","2537,88","272,85","1165,5","3035,25","2203,97","492,3","15912,98"
2023-12-07,"1922,73","587,52","175,76","463,33","1392,26","550,05","762,66","407,42","2552,68","279,41","1175,75","3077,66","2220,78","495,0","16063,01"
2023-12-08,"1936,98","589,68","179,12","477,38","1397,22","547,66","785,09","401,65","2575,25","284,86","1184,25","3091,38","2230,33","514,2","16195,05"
2023-12-11,"1911,94","583,56","180,12","482,82","1403,26","550,89","783,75","396,59","2555,09","279,59","1171,0","3117,78","2239,01","512,4","16167,8"
2023-12-12,"1927,08","589,92","175,76","475,8","1409,88","551,03","775,22","394,3","2576,28","285,77","1225,0","3142,61","2249,23","517,8","16295,7"
2023-12-13,"1959,25","595,36","185,49","495,11","1430,39","556,51","801,24","394,45","2576,21","288,35","1237,75","3182,58","2280,25","528,0","16510,94"
2023-12-14,"1960,73","589,68","182,14","480,89","1436,51","564,65","777,47","392,58","2518,13","289,92","1210,0","3179,82","2287,57","522,9","16392,98"
2023-12-15,"1955,39","599,88","175,09","470,53","1437,02","561,28","737,99","394,54","2551,16","293,16","1220,0","3195,19","2283,8","511,2","16386,24"
2023-12-18,"1938,76","616,28","177,78","488,61","1438,37","561,0","763,11","404,06","2564,38","300,28","1259,0","3215,32","2296,65","525,6","16549,19"
2023-12-19,"1949,15","615,16","171,07","485,45","1448,09","565,77","750,55","406,59","2568,57","297,44","1264,0","3231,75","2310,61","519,6","16583,81"
2023-12-20,"1928,27","608,48","179,45","512,49","1429,97","555,59","785,54","411,62","2550,41","288,49","1252,0","3183,72","2278,59","531,0","16495,62"
2023-12-21,"1926,78","615,36","186,5","514,95","1441,84","566,03","797,21","417,81","2570,5","293,76","1251,25","3220,77","2300,2","529,5","16632,46"
2023-12-22,"1916,09","613,68","192,54","523,38","1441,53","563,31","816,5","420,99","2577,66","292,8","1259,0","3225,59","2304,82","525,0","16672,89"
2023-12-26,"1910,65","613,64","189,85","521,97","1447,51","567,75","799,45","421,08","2578,21","295,49","1262,0","3245,33","2314,55","524,1","16691,59"
2023-12-27,"1911,64","613,36","190,86","514,42","1452,18","571,04","795,41","417,66","2574,15","296,32","1238,75","3251,94","2318,74","517,2","16663,66"
2023-12-28,"1915,9","613,52","184,49","503,89","1453,99","575,47","778,81","417,24","2582,47","296,95","1216,25","3250,36","2319,62","510,3","16619,26"
2023-12-29,"1905,5","607,76","182,47","503,89","1453,37","575,19","774,77","415,63","2587,7","296,95","1238,0","3236,29","2312,9","515,7","16606,14"
2024-01-02,"1837,31","599,72","176,1","492,48","1454,22","568,46","760,87","411,11","2552,13","288,83","1205,5","3181,53","2299,96","495,6","16323,81"
2024-01-03,"1823,56","593,88","173,08","483,87","1443,12","565,32","752,79","413,34","2550,27","285,24","1212,25","3147,86","2281,17","503,1","16228,85"
2024-01-04,"1800,4","578,28","166,04","469,48","1444,39","563,46","728,57","405,82","2531,96","287,81","1193,5","3131,66","2273,83","486,9","16062,08"
2024-01-05,"1793,17","580,96","165,37","469,23","1444,77","564,17","739,78","403,85","2530,66","294,4","1204,25","3135,37","2276,94","501,0","16103,92"
2024-01-08,"1836,52","596,4","169,06","473,0","1453,26","565,74","744,72","413,11","2578,41","313,33","1220,0","3200,18","2309,44","501,3","16374,46"
2024-01-09,"1832,36","605,48","157,65","446,24","1446,86","557,73","694,92","419,38","2585,98","318,65","1161,25","3206,5","2305,94","481,2","16220,15"
2024-01-10,"1842,76","614,92","162,01","456,3","1453,68","556,45","721,84","423,34","2634,02","325,9","1171,5","3228,23","2318,98","477,0","16386,92"
2024-01-11,"1836,82","620,72","161,01","456,83","1454,53","558,74","707,93","422,75","2646,82","328,73","1165,0","3234,95","2317,96","479,7","16392,48"
2024-01-12,"1840,08","618,48","162,68","468,33","1449,67","560,74","716,9","424,44","2673,24","328,06","1172,75","3236,61","2319,57","476,7","16448,25"
2024-01-16,"1817,42","612,64","157,99","460,96","1440,99","547,15","703,44","423,97","2685,63","338,09","1168,0","3236,29","2311,05","447,3","16350,92"
2024-01-17,"1808,02","606,84","165,7","492,57","1437,37","539,0","729,46","420,93","2680,12","336,11","1178,75","3218,04","2298,2","450,0","16361,11"
2024-01-18,"1866,91","614,0","168,05","501,37","1445,43","543,43","747,86","426,91","2710,4","342,43","1180,75","3263,71","2318,64","456,0","16585,89"
2024-01-19,"1895,9","621,36","175,76","513,76","1460,88","549,15","771,19","435,54","2743,43","356,73","1194,5","3328,44","2347,55","468,9","16863,08"
2024-01-22,"1918,96","619,12","187,17","542,67","1466,55","544,29","815,6","434,38","2728,57","357,71","1203,25","3332,78","2352,51","469,2","16972,75"
2024-01-23,"1931,73","624,08","186,16","539,8","1462,57","549,01","825,02","437,5","2745,01","359,02","1183,5","3346,61","2359,37","473,7","17023,09"
2024-01-24,"1925,0","627,48","189,18","556,32","1458,91","555,16","852,39","442,44","2770,2","367,95","1201,25","3365,18","2361,95","493,2","17166,61"
2024-01-25,"1921,74","631,0","203,6","591,51","1468,13","555,87","911,61","451,88","2786,1","369,48","1244,75","3369,29","2374,8","521,1","17400,85"
2024-01-26,"1904,42","636,48","212,66","603,73","1470,48","556,3","954,67","452,83","2779,63","365,96","1248,5","3349,22","2371,78","530,7","17437,36"
2024-01-29,"1897,59","645,04","204,61","587,56","1479,05","556,59","954,67","456,75","2819,47","374,56","1227,25","3383,52","2390,56","526,2","17503,43"
2024-01-30,"1861,07","636,0","201,26","594,75","1483,6","552,16","964,54","450,66","2811,7","376,41","1219,5","3361,0","2388,71","518,7","17420,05"
2024-01-31,"1825,04","620,8","202,26","594,75","1471,56","549,15","969,48","416,85","2735,93","368,94","1217,5","3295,17","2349,74","518,4","17135,57"
2024-02-01,"1849,39","637,12","202,93","613,06","1485,96","554,44","979,35","420,01","2778,6","377,93","1229,25","3333,97","2380,49","524,7","17367,2"
2024-02-02,"1839,39","687,24","204,61","621,68","1491,05","552,87","982,49","423,64","2829,79","396,72","1214,75","3390,31","2405,55","515,4","17555,5"
2024-02-05,"1857,5","681,24","191,53","583,97","1480,09","553,59","931,79","427,51","2791,46","415,74","1172,5","3385,89","2396,79","492,3","17361,9"
2024-02-06,"1873,54","676,6","192,2","582,0","1485,88","566,17","926,86","428,76","2790,36","409,09","1171,25","3379,09","2403,75","495,9","17381,45"
2024-02-07,"1874,63","682,12","177,78","542,67","1492,02","566,89","866,74","433,04","2849,27","420,34","1105,5","3413,86","2423,8","481,2","17329,85"
2024-02-08,"1863,84","679,36","169,39","517,53","1494,64","563,74","814,25","434,14","2849,68","417,59","1084,25","3420,19","2424,87","474,3","17207,77"
2024-02-09,"1871,47","697,8","180,8","543,75","1492,21","566,17","852,39","443,34","2894,0","432,53","1102,0","3453,85","2438,88","499,2","17468,38"
2024-02-12,"1854,62","689,36","180,12","549,14","1497,57","570,61","863,6","438,96","2857,59","433,22","1084,0","3440,34","2437,81","502,2","17399,15"
2024-02-13,"1833,71","674,56","179,45","550,21","1477,16","559,88","868,99","431,85","2796,07","432,5","1083,5","3386,68","2404,24","499,8","17178,61"
2024-02-14,"1824,89","683,92","184,82","555,42","1482,83","567,89","890,52","434,23","2823,1","443,13","1098,25","3423,58","2426,09","510,6","17349,27"
2024-02-15,"1822,02","679,2","189,85","559,37","1498,11","570,61","903,98","424,8","2802,9","435,68","1084,5","3433,78","2442,82","510,0","17357,62"
2024-02-16,"1806,66","678,04","192,87","567,63","1492,52","573,33","922,37","418,1","2785,66","435,41","1058,5","3402,64","2430,66","505,5","17269,9"
2024-02-20,"1799,23","668,32","195,22","583,25","1490,58","574,18","931,79","419,89","2776,91","416,46","1051,5","3376,96","2417,28","501,3","17202,87"
2024-02-21,"1806,76","674,36","191,86","603,73","1491,97","575,19","932,24","424,14","2772,7","404,58","1055,25","3363,45","2419,47","508,8","17224,5"
2024-02-22,"1827,07","698,32","202,6","631,92","1509,33","581,05","964,99","428,73","2837,99","470,94","1090,0","3461,91","2469,54","541,5","17715,89"
2024-02-23,"1808,74","699,96","207,63","650,59","1512,19","580,76","985,18","428,34","2828,96","472,61","1113,5","3451,72","2471,24","541,2","17752,63"
2024-02-26,"1795,26","698,92","212,33","663,52","1509,98","578,19","1017,48","409,33","2809,66","474,26","1086,25","3449,9","2462,19","537,3","17704,57"
2024-02-27,"1809,83","694,16","205,28","654,01","1505,93","579,33","969,48","413,22","2809,24","471,92","1058,75","3458,2","2466,77","522,3","17618,41"
2024-02-28,"1797,84","692,64","205,62","658,85","1505,69","571,75","975,31","405,79","2810,9","465,69","1039,25","3439,78","2463,51","512,1","17544,72"
2024-02-29,"1791,2","707,04","212,66","714,52","1507,05","572,04","987,42","411,98","2851,71","474,38","1050,5","3469,26","2472,36","519,0","17741,12"
2024-03-01,"1780,4","712,88","213,33","707,88","1512,3","579,05","999,98","408,05","2864,53","493,37","1067,25","3521,5","2495,57","534,9","17891,0"
2024-03-04,"1735,21","710,32","219,37","708,24","1508,13","577,76","973,96","396,77","2860,53","511,11","1040,75","3508,93","2492,9","561,3","17805,28"
2024-03-05,"1685,86","696,48","215,01","689,38","1492,52","572,61","948,39","394,75","2775,94","515,49","1035,25","3445,95","2467,98","546,0","17481,61"
2024-03-06,"1675,95","694,04","243,19","734,1","1496,34","580,91","1025,56","390,97","2772,08","531,9","1046,25","3467,6","2480,49","560,1","17699,46"
2024-03-07,"1674,76","707,28","253,25","719,73","1501,25","584,48","1028,25","399,84","2820,69","555,7","982,5","3520,23","2505,11","549,6","17802,66"
2024-03-08,"1691,9","701,4","250,97","716,5","1499,47","583,91","1013,44","402,9","2800,56","524,87","990,25","3469,42","2490,07","529,5","17665,16"
2024-03-11,"1711,92","687,84","238,37","698,36","1501,13","585,2","977,1","409,62","2788,83","514,35","975,5","3456,54","2487,93","520,2","17552,91"
2024-03-12,"1716,68","701,56","248,92","718,11","1510,29","591,64","1022,42","412,09","2863,02","551,17","984,25","3506,09","2514,7","529,2","17870,13"
2024-03-13,"1695,87","706,24","266,63","757,98","1511,96","589,78","1090,16","415,93","2861,78","545,02","979,0","3479,14","2510,76","543,3","17953,53"
2024-03-14,"1714,4","715,0","257,78","746,67","1507,51","586,77","1047,99","425,78","2931,54","527,37","979,0","3470,37","2505,79","540,0","17955,96"
2024-03-15,"1710,63","697,68","266,97","781,14","1499,23","583,2","1069,52","420,07","2870,88","526,72","991,0","3429,12","2488,59","541,8","17876,55"
2024-03-18,"1721,53","697,92","274,12","819,39","1502,06","584,2","1111,69","439,41","2877,08","530,43","1063,25","3461,82","2503,38","577,8","18164,08"
2024-03-19,"1744,92","703,6","270,04","817,6","1514,34","581,34","1093,3","437,47","2905,28","536,09","1047,75","3470,45","2517,29","569,1","18208,55"
2024-03-20,"1770,59","712,6","278,89","865,54","1530,18","587,92","1136,81","442,56","2931,61","541,93","1091,5","3511,59","2540,57","580,8","18523,1"
2024-03-21,"1698,24","712,6","283,66","910,26","1540,88","588,63","1164,63","439,17","2960,16","548,3","1085,0","3528,21","2548,97","605,7","18614,4"
2024-03-22,"1707,26","715,48","288,42","929,11","1528,4","584,48","1170,01","448,6","2955,81","565,41","1092,0","3532,25","2544,13","607,8","18669,19"
2024-03-25,"1693,09","718,84","288,42","935,4","1522,28","584,91","1173,15","446,52","2915,27","569,69","1070,75","3519,43","2537,1","611,1","18585,97"
2024-03-26,"1681,79","713,2","283,32","912,05","1521,89","584,48","1151,17","448,3","2906,93","555,05","1063,75","3508,03","2532,42","594,0","18456,41"
2024-03-27,"1717,47","719,32","289,45","927,86","1540,14","585,49","1173,15","448,9","2905,42","541,19","1087,5","3519,98","2553,7","603,6","18613,16"
2024-03-28,"1699,33","721,52","288,76","865,18","1540,92","587,63","1140,4","449,08","2900,52","541,83","1078,5","3513,49","2553,21","594,0","18474,39"
2024-04-01,"1684,97","723,88","287,06","882,42","1531,5","588,63","1157,0","462,65","2927,06","541,87","1067,75","3520,93","2548,77","588,9","18513,4"
2024-04-02,"1673,17","722,76","275,14","846,87","1517,17","590,49","1117,97","459,88","2905,48","536,41","1043,5","3490,54","2532,57","597,3","18309,26"
2024-04-03,"1681,2","729,64","298,64","906,67","1515,74","590,92","1170,91","460,95","2898,66","533,48","1094,5","3498,38","2535,35","619,2","18534,23"
2024-04-04,"1672,97","720,0","293,87","893,38","1495,44","588,78","1157,45","447,89","2880,94","515,14","1088,0","3444,89","2504,4","606,9","18310,04"
2024-04-05,"1680,51","740,28","312,26","917,98","1506,44","590,06","1227,89","453,75","2933,61","527,75","1165,0","3485,48","2530,56","631,2","18702,77"
2024-04-08,"1669,31","740,76","312,94","917,08","1507,37","593,92","1244,04","460,74","2927,2","522,5","1151,0","3486,51","2531,98","651,3","18716,65"
2024-04-09,"1681,4","742,68","312,6","927,68","1506,36","597,93","1285,76","465,95","2938,85","511,84","1162,5","3499,41","2534,91","652,5","18820,36"
2024-04-10,"1662,67","743,8","303,07","905,23","1489,59","589,78","1294,28","464,58","2918,03","521,94","1141,25","3468,86","2509,53","643,8","18656,4"
2024-04-11,"1734,61","756,2","306,81","929,11","1489,7","593,35","1335,56","474,31","2950,23","543,39","1153,0","3524,25","2528,47","648,3","18967,3"
2024-04-12,"1749,58","744,52","295,92","924,08","1471,61","579,76","1328,38","469,31","2908,66","528,82","1129,5","3468,07","2493,56","635,1","18726,87"
2024-04-15,"1711,33","734,48","277,19","852,26","1461,69","576,04","1238,2","460,77","2851,71","515,71","1061,25","3411,02","2462,32","606,3","18220,28"
2024-04-16,"1678,52","733,28","278,89","862,49","1464,29","568,46","1245,83","459,4","2858,19","524,19","1051,75","3411,34","2457,83","607,5","18201,97"
2024-04-17,"1664,85","725,12","273,44","863,57","1462,24","568,03","1241,79","462,59","2839,3","503,93","1050,5","3369,71","2443,29","584,1","18052,45"
2024-04-18,"1655,33","716,88","274,8","867,52","1463,75","570,32","1257,49","464,19","2787,11","507,74","1047,25","3350,48","2438,26","572,1","17973,24"
2024-04-19,"1635,12","698,52","291,83","894,63","1472,11","568,03","1276,79","458,48","2751,61","456,94","1077,0","3281,16","2416,98","580,2","17859,41"
2024-04-22,"1643,44","708,92","319,41","956,59","1482,07","574,18","1391,63","465,0","2764,29","476,84","1156,25","3314,16","2439,24","623,7","18315,73"
2024-04-23,"1653,95","718,16","320,09","935,04","1492,34","578,91","1369,65","470,89","2809,86","494,26","1127,5","3363,62","2468,18","626,1","18428,55"
2024-04-24,"1674,96","706,36","301,36","879,55","1490,1","580,91","1304,15","473,48","2820,13","477,79","1089,25","3375,01","2467,01","604,8","18244,86"
2024-04-25,"1683,58","694,68","305,11","881,35","1476,45","582,2","1322,99","464,16","2751,05","495,51","1096,5","3358,71","2457,64","607,2","18177,14"
2024-04-26,"1677,73","718,48","314,99","922,65","1481,84","588,92","1377,28","511,62","2801,24","526,11","1101,0","3410,54","2480,92","635,1","18548,43"
2024-04-29,"1719,35","723,84","319,41","954,43","1487,61","594,64","1402,4","494,36","2773,19","526,25","1121,0","3424,39","2489,71","644,4","18674,99"
2024-04-30,"1687,94","700,0","325,54","972,57","1465,64","586,34","1454,89","484,34","2684,11","518,12","1109,25","3359,82","2450,27","658,8","18457,63"
2024-05-01,"1677,73","716,0","329,63","981,73","1468,58","586,92","1452,2","487,55","2722,79","497,96","1134,75","3335,53","2442,31","662,4","18496,08"
2024-05-02,"1714,69","738,88","326,9","1007,59","1481,53","602,08","1430,66","495,76","2742,78","514,61","1164,0","3378,1","2465,16","670,8","18733,55"
2024-05-03,"1817,26","744,84","357,21","1081,39","1499,13","607,51","1539,68","497,61","2803,59","532,43","1218,5","3445,99","2495,71","701,4","19342,26"
2024-05-06,"1800,71","754,8","387,18","1152,86","1505,64","608,09","1650,94","500,17","2851,02","552,53","1240,0","3483,74","2521,48","716,4","19725,55"
2024-05-07,"1807,55","755,04","374,92","1139,03","1506,76","604,65","1599,35","509,54","2822,06","543,02","1246,25","3484,29","2524,27","720,9","19637,64"
2024-05-08,"1810,92","752,0","380,71","1157,71","1513,51","604,8","1617,29","503,97","2830,34","542,17","1237,25","3482,24","2524,51","733,8","19691,21"
2024-05-09,"1829,05","758,0","379,68","1137,96","1527,15","606,66","1593,07","505,7","2842,61","532,18","1225,25","3489,83","2539,06","731,4","19697,6"
2024-05-10,"1816,45","749,92","371,17","1120,54","1531,72","607,94","1568,84","501,8","2859,29","538,96","1177,25","3498,06","2542,33","683,4","19567,69"
2024-05-13,"1848,5","746,28","366,74","1100,25","1528,93","612,52","1554,48","503,26","2852,26","542,09","1148,5","3506,13","2542,67","683,4","19536,03"
2024-05-14,"1859,92","748,28","382,75","1134,01","1533,27","615,81","1591,27","506,83","2871,84","547,83","1187,75","3528,69","2554,34","690,6","19753,18"
2024-05-15,"1882,64","743,96","396,03","1201,35","1547,62","622,39","1652,73","513,29","2922,05","567,46","1219,75","3583,84","2585,97","717,3","20156,37"
2024-05-16,"1883,83","734,52","391,94","1168,12","1547,34","623,68","1642,42","518,26","2907,62","565,83","1207,75","3576,56","2580,64","709,2","20057,72"
2024-05-17,"1884,13","738,8","390,24","1166,87","1552,52","626,4","1645,11","523,85","2902,23","554,56","1197,25","3574,82","2584,35","703,2","20044,33"
2024-05-20,"1895,74","734,16","398,41","1188,78","1545,34","624,11","1672,47","526,41","2937,66","568,36","1221,75","3599,75","2587,33","713,1","20213,37"
2024-05-21,"1908,74","732,6","385,47","1160,94","1547,98","620,25","1623,12","529,18","2963,22","571,99","1181,75","3606,79","2593,68","705,9","20131,61"
2024-05-22,"1894,35","732,52","364,36","1089,65","1539,75","618,24","1506,48","524,8","2973,44","569,38","1125,75","3606,08","2586,21","653,1","19784,11"
2024-05-23,"1854,46","724,2","327,58","1022,85","1516,46","613,67","1390,29","516,38","2949,13","622,44","1109,0","3589,85","2567,32","640,5","19444,13"
2024-05-24,"1885,22","723,0","335,08","1046,91","1516,38","615,38","1456,68","520,67","2970,95","638,45","1143,0","3623,8","2584,31","630,3","19690,14"
2024-05-28,"1885,32","728,6","339,16","1065,05","1508,46","614,52","1483,6","524,86","2972,06","683,02","1191,5","3637,49","2586,11","667,5","19887,26"
2024-05-29,"1888,3","728,08","348,36","1112,46","1492,86","605,37","1532,95","523,37","2964,11","688,56","1213,25","3611,85","2568,0","673,8","19951,32"
2024-05-30,"1898,22","717,28","386,5","1186,08","1480,83","603,65","1654,53","512,1","2863,97","662,63","1255,25","3573,16","2550,97","717,3","20062,45"
2024-05-31,"1907,75","705,76","384,45","1190,39","1504,31","597,79","1608,32","513,26","2867,14","657,43","1233,75","3566,51","2574,2","696,3","20007,36"
2024-06-03,"1925,41","713,36","380,71","1171,18","1499,3","604,08","1597,1","515,25","2856,02","689,61","1186,25","3585,66","2576,3","663,0","19963,24"
2024-06-04,"1928,58","717,36","350,74","1095,94","1504,23","595,64","1491,23","517,1","2873,64","698,23","1104,75","3595,47","2579,18","608,4","19660,49"
2024-06-05,"1943,67","725,12","349,72","1077,44","1508,19","605,23","1491,68","521,92","2928,48","734,23","1109,25","3667,96","2609,83","624,3","19897,0"
2024-06-06,"1929,87","740,0","328,61","1031,11","1511,3","608,23","1413,62","525,84","2932,0","725,58","1093,0","3666,69","2609,79","603,0","19718,63"
2024-06-07,"1953,79","737,2","333,03","1024,83","1508,04","601,36","1420,79","519,09","2927,37","724,92","1086,25","3663,45","2606,61","600,6","19707,33"
2024-06-10,"1916,38","748,24","351,8","1067,74","1511,14","604,94","1496,86","521,32","2955,13","730,33","1154,25","3678,24","2614,67","624,9","19975,95"
2024-06-11,"2055,6","748,92","343,95","1023,93","1506,02","602,92","1455,21","526,12","2988,36","725,11","1116,0","3703,49","2620,96","608,1","20024,68"
2024-06-12,"2114,35","747,56","355,73","1071,69","1504,93","608,97","1536,7","529,6","3046,23","750,84","1130,25","3751,99","2642,49","620,1","20411,44"
2024-06-13,"2125,96","735,32","381,77","1131,31","1501,79","607,53","1593,75","521,77","3049,82","777,29","1177,75","3772,33","2647,81","635,1","20659,3"
2024-06-14,"2108,59","734,64","373,92","1139,75","1500,16","608,25","1575,19","526,63","3056,66","790,9","1182,0","3791,88","2649,42","626,4","20664,39"
2024-06-17,"2150,07","736,24","364,64","1145,88","1508,39","612,14","1542,59","527,97","3096,72","785,5","1128,75","3838,33","2670,51","613,2","20720,93"
2024-06-18,"2126,45","731,24","373,56","1166,76","1510,56","617,76","1577,0","521,56","3082,7","813,09","1139,75","3839,51","2677,29","630,3","20807,54"
2024-06-20,"2080,71","744,4","342,52","1086,04","1521,93","616,75","1494,14","525,17","3078,28","784,3","1090,75","3809,92","2670,02","622,8","20467,74"
2024-06-21,"2058,98","756,32","335,03","1062,21","1522,49","614,59","1483,04","535,09","3106,46","759,05","1099,25","3799,71","2666,44","609,0","20407,67"
2024-06-24,"2065,43","742,28","332,89","1066,65","1532,77","614,59","1489,52","533,86","3091,89","708,32","1110,25","3756,45","2657,77","623,1","20325,76"
2024-06-25,"2074,65","745,36","335,39","1079,58","1521,25","613,15","1509,87","548,19","3114,54","756,18","1109,75","3799,41","2668,01","624,6","20499,92"
2024-06-26,"2116,13","774,44","325,4","1051,5","1522,11","611,85","1427,99","547,75","3122,9","758,03","1093,25","3807,25","2671,34","608,4","20438,34"
2024-06-27,"2124,57","791,4","339,31","1069,42","1523,35","612,29","1463,61","552,3","3127,66","743,58","1140,5","3817,08","2675,55","621,6","20602,23"
2024-06-28,"2090,04","773,0","330,04","1058,89","1521,68","613,44","1413,65","542,59","3086,91","740,88","1106,5","3797,27","2665,02","603,6","20343,51"
2024-07-01,"2150,87","788,8","308,63","978,73","1522,96","614,88","1279,97","545,09","3154,46","745,44","1067,25","3819,54","2670,5","580,2","20227,32"
2024-07-02,"2185,8","800,0","315,76","1012,35","1530,08","616,75","1300,32","551,8","3172,07","735,67","1082,0","3859,64","2688,48","600,3","20451,01"
2024-07-03,"2198,5","790,36","316,83","1026,94","1528,29","625,82","1318,36","553,52","3182,36","769,31","1115,75","3891,82","2700,47","604,5","20622,85"
2024-07-05,"2246,03","800,0","315,76","1000,71","1531,68","628,42","1316,51","567,76","3229,26","754,62","1127,25","3932,4","2716,05","602,4","20768,84"
2024-07-08,"2260,72","797,16","329,32","1019,36","1530,74","628,56","1319,75","563,09","3220,14","768,83","1157,5","3941,75","2719,18","616,5","20872,61"
2024-07-09,"2269,25","797,36","339,31","1024,91","1528,72","631,15","1333,63","562,94","3173,87","787,9","1156,75","3945,16","2721,82","621,9","20894,67"
2024-07-10,"2311,92","799,16","347,16","1035,06","1545,53","634,75","1365,08","569,49","3220,21","809,07","1162,5","3986,3","2748,76","631,5","21166,49"
2024-07-11,"2258,24","780,2","343,59","1010,31","1546,96","638,5","1341,49","552,78","3140,44","764,03","1167,5","3898,88","2725,06","633,9","20801,88"
2024-07-12,"2287,71","777,96","340,03","991,84","1557,43","641,09","1325,76","551,29","3132,5","775,07","1172,0","3921,78","2742,24","638,7","20855,4"
2024-07-15,"2326,01","770,88","331,06","964,69","1565,37","634,32","1268,4","555,64","3135,33","770,27","1135,0","3932,32","2749,79","629,7","20768,78"
2024-07-16,"2330,18","772,08","341,94","1000,52","1593,77","637,92","1323,45","547,87","3104,66","757,79","1150,0","3933,83","2766,09","619,2","20879,31"
2024-07-17,"2271,23","751,72","321,67","968,02","1602,6","627,55","1270,25","539,23","3063,22","707,6","1120,0","3818,35","2727,31","596,1","20384,86"
2024-07-18,"2224,59","735,0","317,92","972,82","1582,33","621,65","1272,1","529,31","3041,47","726,19","1120,0","3800,28","2706,35","597,3","20247,31"
2024-07-19,"2225,89","732,52","326,55","1012,35","1568,41","615,6","1304,95","529,22","3018,95","707,24","1153,5","3766,6","2688,38","605,7","20255,84"
2024-07-22,"2222,41","730,2","324,67","1013,2","1573,08","620,78","1308,18","541,16","3059,22","740,88","1163,75","3822,71","2716,1","604,8","20441,16"
2024-07-23,"2232,83","745,64","344,19","1048,5","1570,51","615,31","1364,62","541,52","3072,41","735,19","1202,25","3809,24","2711,84","614,1","20608,14"
2024-07-24,"2168,63","723,32","331,06","995,08","1551,75","606,38","1326,69","514,23","2962,25","685,17","1171,75","3672,6","2650,38","590,7","19949,98"
2024-07-25,"2158,21","719,4","323,17","969,9","1554,94","603,93","1312,35","498,3","2889,73","673,36","1141,0","3632,1","2636,57","590,4","19703,35"
2024-07-26,"2162,87","730,0","328,8","989,74","1580,17","610,12","1341,57","497,46","2937,18","678,03","1151,5","3669,35","2666,1","599,4","19942,29"
2024-07-29,"2165,65","732,8","320,55","969,33","1578,37","608,11","1306,52","505,0","2947,26","669,22","1134,0","3676,72","2667,66","579,0","19860,19"
2024-07-30,"2171,21","726,84","321,3","966,46","1585,77","605,37","1279,53","507,26","2920,95","622,08","1100,0","3626,23","2654,15","568,5","19655,65"
2024-07-31,"2203,76","747,92","344,57","1007,67","1589,97","618,62","1371,87","510,99","2889,38","701,78","1135,75","3733,55","2697,29","598,2","20151,33"
2024-08-01,"2166,84","736,28","338,56","984,97","1569,5","607,82","1343,46","508,66","2880,82","654,94","1132,0","3643,11","2659,09","581,1","19807,17"
2024-08-02,"2181,73","671,6","311,62","901,22","1545,76","599,18","1262,01","496,45","2821,28","643,31","1068,25","3556,65","2609,59","544,2","19212,84"
2024-08-05,"2076,64","644,08","312,02","887,87","1505,59","582,18","1260,12","474,38","2729,15","602,41","1049,25","3450,6","2533,59","541,8","18649,66"
2024-08-06,"2056,4","647,72","329,13","915,72","1517,85","585,5","1328,31","471,52","2759,95","625,2","1078,25","3483,57","2556,94","553,5","18909,55"
2024-08-07,"2082,1","651,08","323,56","901,03","1509,33","589,1","1357,67","473,45","2751,8","593,17","1105,25","3445,84","2539,85","570,9","18894,13"
2024-08-08,"2116,73","663,2","353,8","981,92","1535,6","602,49","1551,82","482,66","2781,23","629,52","1220,0","3551,26","2598,57","593,4","19662,19"
2024-08-09,"2145,8","667,76","368,13","1008,82","1538,05","605,8","1621,43","487,54","2804,23","628,2","1274,75","3569,8","2610,03","617,4","19947,75"
2024-08-12,"2161,1","667,2","376,09","1043,35","1532,68","607,82","1621,43","483,43","2809,68","653,8","1295,75","3577,49","2611,4","643,2","20084,43"
2024-08-13,"2198,26","680,92","382,06","1084,17","1548,33","614,59","1629,48","489,0","2859,41","696,5","1292,5","3666,26","2654,34","647,7","20443,53"
2024-08-14,"2202,73","680,4","395,59","1113,55","1557,28","611,28","1678,26","477,71","2879,09","708,14","1296,5","3667,45","2662,72","648,0","20578,7"
2024-08-15,"2232,53","710,36","414,3","1130,91","1579,82","618,05","1680,63","480,48","2913,13","736,8","1319,75","3760,1","2708,36","653,4","20938,62"
2024-08-16,"2245,75","708,24","403,55","1113,36","1584,44","625,25","1665,47","485,43","2895,42","747,12","1313,0","3764,93","2714,43","650,1","20916,5"
2024-08-19,"2244,16","712,88","413,9","1136,38","1593,67","631,3","1674,9","496,48","2916,59","779,62","1321,75","3814,39","2740,38","653,7","21130,11"
2024-08-20,"2250,32","715,52","410,32","1134,81","1591,53","626,4","1680,7","498,0","2939,22","763,13","1315,0","3806,38","2735,93","649,2","21116,46"
2024-08-21,"2249,23","720,44","399,97","1102,15","1593,2","628,85","1637,67","494,04","2934,65","770,63","1289,75","3824,14","2745,33","633,6","21023,65"
2024-08-22,"2230,65","704,52","375,69","1033,09","1587,32","621,07","1601,41","487,93","2875,22","742,08","1264,25","3763,51","2723,78","620,4","20630,92"
2024-08-23,"2253,6","708,16","385,25","1053,55","1604,27","631,44","1676,84","493,35","2883,8","775,85","1278,5","3804,32","2752,72","632,1","20933,74"
2024-08-26,"2256,97","702,0","370,92","1037,42","1607,73","626,11","1633,8","494,96","2860,97","758,39","1270,25","3767,39","2746,16","639,6","20772,68"
2024-08-27,"2265,42","692,48","376,49","1037,81","1608,4","626,98","1689,41","490,55","2863,39","769,43","1287,5","3778,64","2749,93","647,7","20884,13"
2024-08-28,"2250,12","683,2","376,49","1033,49","1602,36","623,09","1701,5","485,1","2840,97","753,3","1299,25","3735,77","2733,97","651,9","20770,49"
2024-08-29,"2282,9","688,48","397,98","1096,64","1612,37","623,38","1821,89","481,91","2858,4","705,2","1325,0","3730,3","2734,21","673,2","21031,87"
2024-08-30,"2275,06","714,0","407,53","1156,25","1621,33","624,67","1893,94","486,68","2886,22","715,87","1360,5","3774,76","2760,31","711,0","21388,13"
2024-09-03,"2213,16","705,0","415,09","1192,26","1598,11","612,29","1948,09","468,75","2832,94","647,69","1371,5","3660,15","2703,51","697,5","21066,04"
2024-09-04,"2194,09","693,32","456,48","1268,79","1598,77","612,14","2042,38","466,04","2829,21","636,95","1417,0","3650,64","2697,98","721,2","21284,99"
2024-09-05,"2209,29","711,56","449,72","1247,34","1591,14","613,01","2030,29","468,39","2825,68","642,95","1416,75","3654,05","2691,41","717,6","21269,18"
2024-09-06,"2193,79","685,56","437,78","1221,18","1575,6","601,77","1986,29","449,56","2779,39","616,68","1404,5","3556,17","2646,12","700,5","20854,88"
2024-09-09,"2194,68","701,6","440,17","1256,0","1593,44","606,81","2044,79","443,57","2807,2","638,51","1444,0","3601,9","2675,74","698,1","21146,52"
2024-09-10,"2186,74","718,2","427,03","1210,16","1590,36","604,51","2009,01","443,42","2865,88","648,29","1430,75","3635,19","2687,4","681,6","21138,53"
2024-09-11,"2212,07","738,08","434,99","1259,15","1594,29","608,97","2086,86","450,88","2927,04","701,12","1467,25","3714,13","2714,97","684,6","21594,4"
2024-09-12,"2213,16","748,0","441,36","1288,66","1604,81","614,01","2102,33","461,41","2954,44","714,56","1474,75","3750,59","2737,84","693,3","21799,22"
2024-09-13,"2210,48","745,96","451,31","1333,12","1616,38","616,89","2178,73","469,67","2979,28","714,32","1478,5","3767,39","2752,14","699,3","22013,47"
2024-09-16,"2149,08","739,56","450,91","1322,89","1625,89","618,91","2143,43","471,46","2984,47","700,4","1469,0","3750,75","2756,2","716,1","21899,05"
2024-09-17,"2153,75","747,52","451,31","1368,34","1625,42","619,63","2182,6","475,22","3010,83","693,27","1464,25","3752,73","2757,33","709,5","22011,69"
2024-09-18,"2192,5","745,72","467,63","1394,11","1621,25","617,47","2230,46","476,68","2980,8","679,95","1486,0","3736,48","2749,15","706,8","22085,0"
2024-09-19,"2273,76","759,48","479,17","1472,22","1641,59","630,58","2277,36","483,63","3035,33","706,94","1560,25","3830,95","2796,06","727,8","22675,12"
2024-09-20,"2267,11","766,4","471,61","1457,07","1643,18","629,28","2254,64","487,95","3011,66","695,72","1546,5","3823,66","2791,23","709,5","22555,51"
2024-09-23,"2249,92","775,52","460,46","1411,62","1645,29","634,18","2206,29","482,76","2999,48","697,28","1499,5","3833,8","2798,2","686,4","22380,71"
2024-09-24,"2258,86","775,84","454,49","1361,45","1649,27","655,78","2144,88","484,07","2969,46","724,93","1504,5","3852,29","2806,21","682,5","22324,55"
2024-09-25,"2248,93","770,12","434,2","1313,06","1637,51","648,87","2085,41","481,69","2989,8","740,77","1485,0","3855,86","2800,02","670,5","22161,73"
2024-09-26,"2260,35","764,64","427,43","1287,48","1647,28","672,64","2089,28","485,39","2984,26","743,94","1456,0","3884,83","2811,12","661,8","22176,44"
2024-09-27,"2263,03","751,88","434,59","1307,15","1652,48","671,34","2116,84","489,03","2961,5","728,11","1465,5","3863,24","2807,05","650,4","22162,14"
2024-09-30,"2314,79","745,32","412,71","1249,31","1653,14","660,54","2035,12","494,69","2977,27","728,35","1501,0","3873,72","2818,29","636,3","22100,56"
2024-10-01,"2247,34","740,52","417,48","1284,33","1646,81","665,29","2050,6","498,09","2910,78","701,72","1525,75","3819,75","2793,05","650,1","21951,61"
2024-10-02,"2253,0","739,04","415,89","1278,82","1648,42","678,4","2027,87","494,72","2886,15","712,82","1499,5","3825,15","2794,23","650,7","21904,7"
2024-10-03,"2241,97","727,84","441,36","1322,7","1640,87","670,33","2098,95","494,72","2882,07","736,81","1553,0","3822,29","2789,12","670,8","22092,83"
2024-10-04,"2253,2","746,04","442,95","1336,86","1654,28","676,52","2102,82","498,3","2878,75","749,22","1576,5","3867,77","2814,46","667,2","22264,87"
2024-10-07,"2202,43","723,2","430,22","1289,84","1639,43","682,14","2055,91","486,13","2833,63","766,02","1525,5","3826,34","2789,02","659,4","21909,21"
2024-10-08,"2242,97","730,88","450,51","1356,93","1644,08","665,29","2136,18","490,31","2869,41","797,02","1543,25","3883,48","2815,4","663,0","22288,7"
2024-10-09,"2280,42","740,68","466,04","1391,75","1660,68","661,69","2252,22","482,79","2888,43","795,58","1594,75","3914,04","2834,9","707,7","22671,68"
2024-10-10,"2275,45","746,6","475,19","1440,15","1659,16","662,98","2317,98","483,45","2877,22","808,54","1591,75","3909,59","2829,94","727,5","22805,51"
2024-10-11,"2260,65","755,28","491,51","1472,22","1675,06","667,74","2406,46","486,91","2880,55","808,48","1624,25","3915,7","2846,88","746,4","23038,09"
2024-10-14,"2297,91","750,16","478,37","1459,43","1683,5","665,0","2390,51","492,04","2900,06","828,09","1622,0","3948,56","2870,16","757,5","23143,3"
2024-10-15,"2323,24","750,76","479,17","1474,97","1670,41","650,89","2400,66","493,53","2897,29","789,29","1640,0","3895,78","2847,86","772,2","23086,06"
2024-10-16,"2302,67","747,56","451,31","1382,9","1682,84","655,93","2361,5","492,64","2879,16","814,0","1609,0","3896,26","2860,24","746,4","22882,4"
2024-10-17,"2306,35","750,12","450,51","1400,8","1689,6","654,92","2360,53","485,98","2883,31","821,25","1696,25","3898,96","2860,49","750,6","23009,68"
2024-10-18,"2334,66","755,96","460,07","1431,3","1690,92","661,4","2447,56","487,45","2893,28","827,67","1690,75","3924,51","2871,49","750,0","23227,02"
2024-10-21,"2349,37","756,28","464,05","1433,27","1678,14","656,79","2448,05","489,38","2897,57","861,92","1691,5","3932,05","2866,78","746,1","23271,23"
2024-10-22,"2343,21","758,8","461,26","1424,81","1677,91","655,35","2443,69","492,58","2957,97","861,2","1691,5","3936,34","2865,25","744,6","23314,46"
2024-10-23,"2292,54","738,84","450,91","1395,88","1661,69","651,46","2406,46","485,54","2937,84","837,03","1664,0","3876,02","2839,07","729,0","22966,28"
2024-10-24,"2290,65","745,52","492,3","1511,76","1656,29","650,45","2559,26","485,36","2938,74","842,13","1704,5","3907,45","2845,21","753,3","23382,92"
2024-10-25,"2299,0","751,32","535,28","1562,33","1645,97","649,88","2605,67","492,96","2962,4","848,9","1715,25","3931,26","2844,23","769,5","23613,96"
2024-10-28,"2318,77","753,56","549,61","1556,43","1657,43","652,76","2616,31","497,29","2951,61","842,79","1675,0","3931,9","2853,02","765,3","23621,76"
2024-10-29,"2321,45","763,32","551,6","1553,47","1651,29","650,74","2588,27","506,12","2988,69","847,16","1660,0","3969,67","2857,64","745,2","23654,63"
2024-10-30,"2285,98","770,92","540,06","1535,18","1648,36","644,4","2526,86","520,38","2992,7","835,71","1668,5","3939,67","2848,99","736,5","23494,22"
2024-10-31,"2244,36","745,6","548,02","1539,11","1632,41","640,23","2549,1","510,38","2811,56","796,24","1673,25","3840,23","2793,14","735,3","23058,94"
2024-11-01,"2214,55","791,72","548,42","1488,35","1643,16","640,8","2510,9","510,92","2839,38","812,08","1650,5","3868,64","2804,93","761,1","23085,46"
2024-11-04,"2205,61","783,12","545,63","1477,34","1633,9","644,4","2502,2","504,81","2826,16","815,98","1643,0","3857,37","2798,89","797,7","23036,1"
2024-11-05,"2219,92","798,0","561,15","1484,02","1650,51","653,19","2504,13","506,3","2846,92","839,13","1692,25","3906,58","2832,74","824,7","23319,53"
2024-11-06,"2212,67","828,36","608,51","1616,63","1708,86","645,12","2656,44","526,49","2907,25","873,31","1730,75","4012,69","2903,17","847,5","24077,76"
2024-11-07,"2259,95","840,2","627,62","1606,99","1709,48","659,38","2647,74","539,14","2943,58","892,93","1735,5","4075,87","2925,62","879,6","24343,6"
2024-11-08,"2257,27","832,72","611,7","1558,79","1720,12","643,11","2602,29","531,98","2923,58","885,43","1754,0","4080,63","2938,29","877,2","24217,1"
2024-11-11,"2230,12","827,36","619,66","1556,62","1731,45","638,21","2601,8","537,94","2892,24","871,21","1776,75","4078,25","2941,09","895,2","24197,91"
2024-11-12,"2230,12","835,64","627,22","1569,61","1717,3","626,11","2647,26","541,73","2926,97","889,39","1792,25","4070,87","2931,96","893,7","24300,12"
2024-11-13,"2238,97","856,4","643,93","1565,08","1718,94","622,08","2660,79","533,56","2941,99","877,27","1849,25","4065,63","2933,38","927,3","24434,58"
2024-11-14,"2269,8","845,92","638,36","1555,05","1710,7","618,62","2645,32","523,72","2953,68","880,21","1896,0","4037,38","2914,52","967,8","24457,07"
2024-11-15,"2237,78","810,44","646,72","1574,72","1699,26","618,62","2721,72","514,5","2871,41","851,54","1909,5","3941,18","2877,19","971,7","24246,28"
2024-11-18,"2267,81","806,8","703,63","1660,9","1698,01","625,68","2860,49","522,88","2876,67","840,57","2000,5","3968,56","2888,98","1048,2","24769,67"
2024-11-19,"2270,4","818,44","686,12","1590,66","1692,73","625,25","2757,5","531,29","2890,72","881,71","1985,25","3995,87","2899,54","1066,5","24691,97"
2024-11-20,"2277,56","811,52","699,25","1609,35","1698,4","624,53","2787,96","524,91","2874,8","874,99","2047,25","3993,56","2900,52","1115,1","24839,71"
2024-11-21,"2272,78","793,52","652,69","1574,13","1716,7","623,23","2704,31","500,0","2862,39","879,67","2057,0","4007,93","2916,09","1124,1","24684,56"
2024-11-22,"2286,21","788,48","658,66","1591,84","1733,09","623,38","2682,55","491,44","2891,03","851,36","2123,25","4014,36","2925,13","1200,9","24861,67"
2024-11-25,"2316,05","805,8","656,67","1588,89","1750,3","623,81","2684,0","500,06","2903,44","815,8","2065,75","4020,71","2935,05","1177,8","24844,12"
2024-11-26,"2337,83","831,44","672,19","1648,7","1755,46","621,22","2742,99","504,45","2967,22","821,19","2098,25","4042,3","2950,38","1200,9","25194,51"
2024-11-27,"2336,54","822,96","651,1","1614,07","1751,0","622,08","2713,01","504,78","2932,55","811,72","2105,0","4010,47","2941,44","1191,3","25008,01"
2024-11-29,"2360,41","831,56","659,85","1670,34","1760,19","623,09","2728,97","503,94","2935,81","829,17","2139,75","4045,71","2959,71","1209,0","25257,5"
2024-12-02,"2382,88","842,84","691,69","1725,03","1754,91","625,54","2863,87","511,52","2987,95","831,45","2173,25","4089,76","2965,01","1206,6","25652,3"
2024-12-03,"2413,32","853,76","686,12","1663,85","1751,59","626,83","2809,72","511,07","2989,47","841,23","2177,5","4102,3","2966,39","1204,5","25597,64"
2024-12-04,"2416,9","872,64","649,11","1631,58","1763,51","628,42","2713,5","520,11","3032,6","870,49","2151,5","4153,02","2984,81","1151,4","25539,58"
2024-12-05,"2417,2","882,2","665,82","1690,41","1754,64","632,59","2815,52","514,95","3068,65","870,07","2175,5","4141,51","2979,9","1153,8","25762,75"
2024-12-06,"2415,21","908,12","687,31","1704,18","1748,69","631,59","2848,88","521,12","3075,23","854,36","2185,5","4178,57","2985,55","1166,1","25910,41"
2024-12-09,"2454,09","904,36","693,28","1690,6","1740,6","644,55","2817,94","523,69","3092,22","832,59","2196,5","4146,03","2970,17","1215,3","25921,92"
2024-12-10,"2464,24","900,16","661,44","1655,78","1735,16","634,18","2801,98","552,95","3073,57","810,15","2168,25","4131,9","2960,94","1219,5","25770,21"
2024-12-11,"2451,51","921,04","692,09","1783,86","1730,55","636,77","2986,68","583,5","3112,81","835,59","2262,75","4205,87","2983,83","1293,6","26480,45"
2024-12-12,"2466,13","915,88","690,5","1762,41","1721,79","633,6","2977,5","573,23","3116,76","823,77","2241,5","4178,73","2968,45","1318,8","26389,05"
2024-12-13,"2467,82","909,84","685,32","1829,31","1718,27","634,18","3013,28","566,84","3100,89","805,24","2234,75","4210,72","2967,86","1336,8","26481,1"
2024-12-16,"2496,76","931,72","764,92","2101,79","1714,36","630,72","3276,31","587,27","3130,84","791,74","2294,75","4271,35","2980,54","1337,4","27310,46"
2024-12-17,"2521,03","924,6","764,52","2090,58","1703,41","629,21","3322,73","583,56","3150,73","782,08","2267,25","4252,54","2968,26","1346,4","27306,91"
2024-12-18,"2467,02","882,08","693,28","1917,25","1659,02","614,57","3062,11","562,6","3032,39","773,21","2141,25","4099,12","2879,79","1250,7","26034,39"
2024-12-19,"2484,33","893,16","671,79","1873,77","1660,23","616,62","2963,96","562,93","3029,89","783,82","2124,25","4080,87","2878,91","1242,6","25867,13"
2024-12-20,"2531,07","899,68","728,3","1902,49","1680,76","619,11","3074,68","571,59","3026,91","807,94","2148,0","4116,51","2913,49","1260,6","26281,13"
2024-12-23,"2538,83","900,24","735,47","1922,96","1682,13","622,62","3051,48","581,2","3017,55","837,75","2166,75","4156,61","2930,93","1273,2","26417,72"
2024-12-24,"2567,97","916,2","774,47","1968,21","1696,29","624,53","3136,57","585,62","3045,84","841,04","2205,25","4212,97","2963,51","1283,7","26822,18"
2024-12-26,"2576,13","908,2","778,45","1995,36","1699,07","622,33","3129,32","584,1","3037,38","839,31","2202,75","4210,11","2963,71","1291,8","26838,01"
2024-12-27,"2542,01","895,0","783,23","1971,94","1686,48","619,55","3109,01","575,62","2984,83","821,79","2209,75","4154,15","2932,51","1279,2","26565,07"
2024-12-30,"2508,3","885,2","758,15","1914,69","1669,89","614,57","3037,45","571,08","2945,31","824,67","2194,0","4098,9","2899,05","1271,1","26192,36"
2024-12-31,"2490,59","877,56","758,55","1903,68","1668,83","612,52","3013,28","565,29","2922,22","805,48","2198,5","4064,08","2888,5","1275,3","26044,37"
2025-01-02,"2425,25","880,88","866,4","2147,83","1662,17","611,64","3326,6","565,67","2901,98","829,59","2326,5","4056,13","2881,4","1338,0","26820,04"
2025-01-03,"2420,38","896,76","885,9","2179,11","1675,34","617,35","3390,42","572,72","2935,05","866,54","2338,5","4122,51","2917,43","1321,8","27139,82"
2025-01-06,"2436,69","910,44","926,1","2239,71","1675,23","619,55","3438,29","587,89","2966,25","896,29","2353,5","4169,89","2934,24","1350,3","27504,35"
2025-01-07,"2408,94","888,44","913,76","2279,26","1668,17","615,15","3491,96","583,77","2928,26","840,56","2369,5","4095,48","2901,07","1380,9","27365,21"
2025-01-08,"2413,81","888,52","893,47","2223,58","1671,3","612,22","3432,97","579,17","2943,44","840,38","2317,0","4096,19","2905,3","1359,6","27176,97"
2025-01-10,"2355,63","875,76","932,07","2239,71","1644,63","601,82","3484,22","573,47","2904,55","815,19","2372,0","4031,96","2860,95","1375,5","27067,47"
2025-01-13,"2331,27","873,84","862,42","2105,14","1658,87","597,72","3290,82","570,39","2892,34","799,12","2239,5","4019,0","2865,38","1335,3","26441,12"
2025-01-14,"2320,13","871,04","918,94","2254,47","1667,46","604,46","3405,41","566,36","2881,81","790,3","2330,5","4015,19","2869,33","1350,0","26845,38"
2025-01-15,"2365,78","893,4","930,08","2264,7","1695,27","612,37","3463,43","583,95","2955,57","817,17","2310,5","4107,56","2921,52","1350,0","27271,3"
2025-01-16,"2270,2","882,64","904,21","2196,23","1692,6","611,64","3379,78","576,07","2943,58","801,16","2225,25","4078,78","2915,9","1314,6","26792,64"
2025-01-17,"2287,31","903,76","871,18","2054,97","1705,63","616,47","3242,95","585,29","2974,43","825,99","2150,25","4147,63","2945,18","1281,3","26592,34"
2025-01-21,"2214,3","922,84","928,49","2150,19","1726,74","623,06","3392,35","591,42","2970,75","844,7","2227,75","4171,96","2972,14","1300,5","27037,2"
2025-01-22,"2226,14","940,04","941,22","2139,77","1731,37","623,5","3426,2","592,37","3093,47","882,13","2198,75","4225,3","2988,84","1290,6","27299,7"
2025-01-23,"2224,45","941,68","911,38","2072,09","1747,46","624,97","3331,43","591,21","3097,0","883,03","2171,0","4234,28","3005,16","1258,8","27093,92"
2025-01-24,"2215,7","939,4","897,05","2053,2","1742,52","629,07","3299,04","597,87","3078,63","855,44","2141,0","4210,35","2996,38","1228,8","26884,43"
2025-01-27,"2286,11","941,68","843,72","1921,78","1754,29","617,64","3131,74","572,78","3012,77","710,29","2071,0","4087,77","2954,0","1188,6","26094,16"
2025-01-28,"2369,66","952,6","850,88","1925,12","1759,35","622,18","3186,38","583,2","3100,4","773,69","2032,5","4148,18","2979,38","1165,8","26449,32"
2025-01-29,"2380,6","948,28","908,99","2005,0","1754,52","622,33","3306,29","583,53","3066,64","741,96","2181,5","4140,39","2966,02","1200,0","26806,04"
2025-01-30,"2362,99","938,56","899,44","1999,1","1760,96","632,87","3350,77","599,84","2877,09","747,66","2243,75","4158,04","2981,94","1214,4","26767,4"
2025-01-31,"2347,18","950,72","869,59","1956,6","1747,5","625,7","3262,77","609,24","2877,58","720,18","2235,75","4152,0","2966,07","1184,1","26504,98"
2025-02-03,"2267,71","949,68","856,06","1886,56","1743,1","621,16","3151,56","600,91","2848,87","699,73","2125,5","4118,77","2946,11","1154,4","25970,13"
2025-02-04,"2315,35","968,24","844,12","1893,44","1748,05","632,29","3163,17","616,29","2858,93","711,67","2160,75","4169,33","2965,88","1179,6","26227,1"
2025-02-05,"2312,07","944,68","836,56","1823,01","1760,37","630,68","3080,0","571,35","2865,3","748,73","2075,0","4188,25","2977,9","1156,8","25970,71"
2025-02-06,"2319,53","955,32","890,28","1951,09","1755,23","633,31","3222,64","572,15","2882,85","771,83","2155,75","4210,11","2988,25","1179,9","26488,25"
2025-02-07,"2263,93","916,6","838,55","1836,0","1738,59","632,73","3074,68","553,46","2840,76","778,78","2016,75","4157,01","2960,9","1133,7","25742,44"
2025-02-10,"2266,62","932,56","824,62","1876,92","1745,11","640,34","3048,09","556,84","2857,89","801,16","2016,5","4207,33","2981,01","1140,0","25894,97"
2025-02-11,"2316,11","931,04","762,13","1759,86","1750,32","637,85","2833,89","553,4","2852,48","796,54","1931,5","4197,31","2983,27","1083,0","25388,71"
2025-02-12,"2358,42","915,72","772,08","1785,63","1740,59","641,37","2808,75","548,3","2835,84","786,58","1954,0","4199,78","2973,66","1087,8","25408,52"
2025-02-13,"2404,82","921,48","802,73","1813,76","1754,84","645,47","2854,68","555,85","2846,24","811,47","2014,25","4260,19","3005,06","1114,2","25805,05"
2025-02-14,"2435,39","914,72","806,71","1813,37","1749,07","650,45","2843,08","553,13","2831,61","832,83","2020,5","4278,08","3004,91","1116,6","25850,44"
2025-02-18,"2434,09","906,6","787,21","1822,81","1749,58","654,55","2864,35","548,77","2840,0","836,13","2027,75","4287,78","3013,73","1114,8","25888,16"
2025-02-19,"2438,07","906,52","790,39","1786,61","1752,52","653,53","2879,34","553,25","2875,57","835,11","2021,25","4288,97","3020,83","1113,3","25915,26"
2025-02-20,"2447,63","891,52","809,09","1844,46","1735,73","659,53","2951,87","551,13","2890,78","840,38","2036,75","4270,77","3008,26","1151,7","26089,61"
2025-02-21,"2444,84","866,32","770,09","1764,19","1705,94","657,63","2848,88","536,5","2835,76","806,32","2012,75","4182,13","2956,81","1111,8","25499,95"
2025-02-24,"2460,28","850,84","751,39","1731,33","1707,43","647,52","2811,17","535,28","2806,51","781,42","1983,0","4132,76","2943,35","1091,4","25233,68"
2025-02-25,"2459,68","851,2","753,78","1701,42","1713,72","647,96","2787,48","523,84","2764,14","759,53","1925,0","4080,69","2928,72","1062,6","24959,75"
2025-02-26,"2393,17","857,4","756,96","1729,95","1706,69","654,4","2857,58","515,81","2776,85","787,42","1927,25","4090,55","2930,19","1070,4","25054,63"
2025-02-27,"2362,7","834,96","719,95","1579,84","1698,87","641,66","2683,52","503,17","2726,83","720,66","1836,0","3976,95","2883,42","1033,5","24202,04"
2025-02-28,"2407,91","849,12","746,61","1648,5","1722,52","632,87","2766,68","508,49","2757,82","749,27","1920,25","4039,75","2928,42","1051,5","24729,72"
2025-03-03,"2369,97","820,08","744,62","1621,94","1697,85","627,31","2734,77","498,72","2698,77","684,14","1908,25","3951,35","2877,11","1028,7","24263,58"
2025-03-04,"2349,06","815,2","730,69","1610,33","1672,23","632,58","2698,02","510,4","2699,6","695,71","1892,75","3939,43","2843,06","1005,0","24094,07"
2025-03-05,"2347,17","833,44","756,96","1687,65","1691,48","651,48","2821,32","516,67","2785,81","703,57","1945,25","3990,78","2873,61","1024,2","24629,4"
2025-03-06,"2343,09","802,8","737,46","1626,66","1673,52","647,37","2747,34","514,67","2757,12","663,2","1947,5","3881,0","2822,6","1002,3","24166,65"
2025-03-07,"2380,33","797,0","749,4","1677,23","1682,8","650,6","2786,51","519,18","2732,25","675,92","1977,75","3909,54","2838,42","1001,7","24378,61"
2025-03-10,"2264,93","778,16","685,32","1577,87","1648,33","635,07","2616,31","495,89","2640,9","641,67","1868,0","3758,02","2762,82","946,8","23320,1"
2025-03-11,"2198,82","786,36","693,68","1605,81","1629,67","640,34","2629,85","490,42","2642,92","652,35","1897,5","3749,04","2739,86","956,7","23313,3"
2025-03-12,"2160,38","795,56","739,45","1672,7","1626,57","643,86","2793,76","499,6","2662,51","694,28","2011,5","3791,33","2754,39","1016,7","23862,58"
2025-03-13,"2087,7","775,56","723,53","1625,48","1606,25","641,22","2762,82","486,59","2631,25","693,32","1966,5","3723,12","2717,68","1011,3","23452,31"
2025-03-14,"2125,64","791,8","754,97","1676,83","1632,11","652,94","2873,06","494,75","2699,26","729,85","2061,0","3813,11","2773,81","1073,4","24152,52"
2025-03-17,"2130,71","782,96","733,08","1634,93","1647,23","664,07","2818,9","491,17","2700,23","717,01","2006,0","3837,83","2795,2","1085,4","24044,73"
2025-03-18,"2117,67","771,28","701,64","1533,6","1636,7","660,7","2650,16","480,34","2664,24","692,42","1897,5","3772,41","2764,99","1013,7","23357,36"
2025-03-19,"2143,06","782,16","748,2","1631,78","1651,99","662,31","2790,86","489,97","2694,11","704,95","1998,75","3822,89","2795,1","1064,4","23980,54"
2025-03-20,"2131,71","779,8","733,48","1571,77","1650,81","656,16","2725,1","486,71","2687,31","711,01","1987,5","3809,93","2787,02","1065,9","23784,21"
2025-03-21,"2173,23","784,84","756,96","1619,78","1652,0","652,94","2831,48","490,27","2718,01","706,03","2059,5","3822,49","2787,94","1095,9","24151,36"
2025-03-24,"2197,72","813,04","756,56","1597,54","1675,1","655,87","2791,83","501,3","2730,66","728,29","2062,0","3906,37","2837,87","1085,1","24339,25"
2025-03-25,"2227,79","822,84","791,98","1664,63","1676,4","653,97","2850,33","509,91","2745,1","723,97","2101,75","3928,66","2844,69","1130,1","24672,14"
2025-03-26,"2205,69","804,52","779,25","1629,42","1670,14","650,01","2793,76","493,47","2709,05","682,4","2047,0","3856,37","2810,73","1117,5","24249,31"
2025-03-27,"2228,79","805,44","761,73","1577,28","1665,07","653,23","2728,0","485,04","2713,29","668,42","2020,0","3834,4","2803,26","1121,1","24065,06"
2025-03-28,"2169,54","770,88","745,42","1542,06","1636,25","641,08","2697,06","461,39","2631,45","657,86","1986,25","3733,45","2746,81","1080,0","23499,51"
2025-03-31,"2211,66","761,04","721,14","1485,6","1653,02","640,05","2633,72","462,32","2607,77","650,13","1930,0","3733,29","2765,25","1051,2","23306,18"
2025-04-01,"2222,21","768,68","730,29","1508,81","1651,88","642,1","2669,5","469,58","2655,0","660,74","1969,25","3763,38","2773,06","1065,0","23549,5"
2025-04-02,"2229,18","784,04","737,06","1509,99","1661,48","642,98","2668,53","469,49","2654,66","662,36","1955,5","3790,85","2790,61","1065,0","23621,75"
2025-04-03,"2023,08","713,64","710,79","1467,89","1595,3","629,36","2592,62","450,6","2591,93","610,66","1868,5","3587,91","2653,09","1006,5","22501,87"
2025-04-04,"1875,63","684,0","628,81","1332,73","1508,69","594,35","2332,49","435,29","2499,74","565,73","1714,5","3365,07","2497,77","900,0","20934,8"
2025-04-07,"1806,73","701,04","594,58","1276,46","1494,32","572,24","2190,82","438,73","2485,99","585,7","1616,5","3373,19","2493,32","854,7","20484,32"
2025-04-08,"1716,72","682,64","597,37","1285,51","1482,16","564,18","2208,22","432,6","2463,06","577,66","1571,25","3312,45","2454,27","814,8","20162,89"
2025-04-09,"1979,87","764,4","659,06","1457,07","1598,69","603,29","2522,51","474,48","2712,66","685,82","1739,25","3710,04","2712,01","887,7","22506,85"
2025-04-10,"1895,94","724,88","639,16","1406,71","1557,75","592,89","2365,36","456,88","2649,17","645,27","1626,5","3552,25","2593,17","827,4","21533,31"
2025-04-11,"1972,9","739,48","708,01","1551,31","1582,27","611,49","2604,71","469,79","2698,49","665,42","1739,75","3617,69","2639,44","900,9","22501,66"
2025-04-14,"2016,41","728,48","810,29","1790,35","1596,09","617,06","2970,24","475,56","2694,05","664,1","1922,75","3642,21","2665,05","993,9","23586,54"
2025-04-15,"2012,63","718,36","791,19","1743,92","1589,36","616,47","2878,38","467,31","2679,6","673,04","1880,5","3646,27","2657,58","955,2","23309,8"
2025-04-16,"1934,27","697,32","805,11","1775,01","1562,04","609,29","2903,04","458,4","2581,51","626,79","1906,75","3536,32","2598,51","974,7","22969,06"
2025-04-17,"1961,25","690,44","806,71","1796,45","1541,5","613,98","2995,39","451,91","2554,9","608,8","1956,25","3535,69","2602,22","992,4","23107,89"
2025-04-21,"1923,22","669,28","788,0","1748,45","1503,14","613,83","2924,31","441,48","2494,74","581,32","1865,5","3448,19","2540,28","954,6","22496,34"
2025-04-22,"1988,73","692,72","827,0","1833,04","1543,51","623,06","3042,29","452,84","2548,23","593,2","1932,5","3538,71","2606,37","990,0","23212,22"
2025-04-23,"2037,12","722,4","851,68","1866,88","1559,43","630,24","3113,37","464,44","2600,82","616,11","1933,0","3618,96","2646,76","979,5","23640,71"
2025-04-24,"2074,66","746,16","834,57","1826,75","1579,4","637,56","3057,76","476,19","2690,5","638,43","1901,25","3720,79","2702,47","967,2","23853,68"
2025-04-25,"2083,72","755,96","843,72","1845,24","1579,55","636,39","3065,98","484,2","2722,11","665,9","1909,75","3762,27","2722,0","960,0","24036,79"
2025-04-28,"2092,28","750,8","824,22","1802,55","1584,48","637,56","3010,38","480,17","2717,32","652,23","1850,75","3761,07","2723,03","943,5","23830,33"
2025-04-29,"2102,93","749,56","828,6","1779,73","1596,06","639,32","2972,66","478,82","2737,32","653,97","1838,25","3785,91","2740,19","933,9","23837,22"
2025-04-30,"2115,78","737,68","804,32","1741,56","1600,51","640,93","2920,44","474,75","2745,8","653,37","1774,75","3785,44","2741,28","894,0","23630,6"
2025-05-01,"2123,94","760,8","781,63","1677,42","1604,76","640,78","2837,76","482,23","2955,18","669,5","1756,25","3834,88","2760,7","877,2","23763,04"
2025-05-02,"2044,59","759,92","775,27","1636,89","1626,9","659,09","2812,13","490,39","3023,81","686,84","1780,5","3891,8","2801,68","872,7","23862,52"
2025-05-05,"1980,27","745,4","760,14","1627,65","1623,83","664,07","2772,97","490,93","3029,99","682,76","1723,25","3868,71","2785,62","843,0","23598,59"
2025-05-06,"1976,49","740,04","782,43","1696,9","1607,99","661,44","2818,42","488,0","3010,13","681,08","1786,25","3832,73","2762,33","905,4","23749,62"
2025-05-07,"1953,98","754,84","791,58","1699,85","1619,06","653,82","2821,32","452,57","3010,4","702,19","1791,25","3847,78","2773,95","908,1","23780,7"
2025-05-08,"1966,33","768,32","797,16","1710,67","1630,21","653,38","2825,19","461,24","3043,89","704,05","1809,0","3887,5","2793,28","925,2","23975,42"
2025-05-09,"1976,68","772,24","811,88","1732,71","1624,46","657,77","2843,56","456,67","3047,78","699,74","1886,0","3884,96","2789,72","981,0","24165,16"
2025-05-12,"2101,5","834,56","848,89","1823,21","1670,97","671,98","2981,37","473,74","3120,93","737,83","2031,5","4043,23","2881,91","1065,9","25287,52"
2025-05-13,"2122,84","845,48","873,17","1829,7","1660,26","673,15","3020,53","476,94","3120,09","779,4","2093,25","4104,85","2900,94","1077,3","25577,9"
2025-05-14,"2116,86","841,0","881,93","1857,24","1656,48","678,28","3032,13","494,4","3146,49","811,85","2102,5","4129,45","2904,65","1087,2","25740,46"
2025-05-15,"2108,09","820,68","851,68","1812,58","1668,02","677,99","2987,65","490,18","3153,59","808,79","2057,5","4133,99","2918,84","1073,1","25562,67"
2025-05-16,"2106,19","822,36","852,47","1819,27","1681,39","677,55","2998,77","496,85","3161,52","812,21","2056,75","4151,98","2937,33","1076,4","25651,05"
2025-05-19,"2081,47","824,64","889,49","1899,35","1687,26","679,01","3080,0","497,89","3193,54","813,23","2126,75","4155,96","2940,54","1107,3","25976,43"
2025-05-20,"2062,32","816,28","874,76","1874,75","1683,05","678,28","3076,13","490,24","3188,67","806,09","2119,0","4142,11","2930,65","1095,0","25837,34"
2025-05-21,"2014,77","804,48","868,39","1828,52","1650,64","676,52","2992,49","503,93","3149,69","790,61","2036,25","4084,55","2881,27","1077,9","25360,02"
2025-05-22,"2007,49","812,4","846,9","1829,7","1650,92","674,32","3013,76","510,84","3165,63","796,79","2037,25","4092,19","2882,41","1083,6","25404,21"
2025-05-23,"1946,78","803,96","861,63","1855,67","1641,1","677,11","3039,39","503,66","3133,06","787,55","2059,0","4054,3","2862,73","1095,6","25321,54"
2025-05-27,"1996,03","824,08","836,56","1809,04","1670,75","675,5","2966,86","516,91","3206,2","812,81","2032,0","4149,67","2922,25","1097,1","25515,75"
2025-05-28,"1998,12","818,88","827,4","1766,15","1661,17","672,42","2929,63","515,29","3183,03","808,67","2035,0","4131,28","2905,34","1108,8","25361,19"
2025-05-29,"1993,43","822,8","781,24","1666,21","1665,27","674,91","2812,62","513,8","3192,22","834,94","1954,75","4139,4","2916,81","1087,8","25056,2"
2025-05-30,"2002,41","820,04","782,43","1662,67","1666,81","666,71","2806,82","513,44","3203,91","810,59","1916,75","4132,88","2913,55","1061,4","24960,39"
2025-06-02,"2010,88","826,6","750,19","1619,58","1670,2","671,54","2738,64","505,34","3215,11","824,09","1879,25","4165,52","2929,96","1038,6","24845,5"
2025-06-03,"2026,53","822,84","754,17","1612,5","1679,26","673,15","2749,77","496,82","3222,07","847,12","1916,75","4198,08","2946,67","1059,6","25005,33"
2025-06-04,"2022,05","828,92","699,25","1494,26","1675,04","681,5","2617,14","502,41","3228,34","851,32","1790,75","4209,78","2945,88","1008,3","24554,93"
2025-06-05,"2000,21","831,64","692,88","1494,85","1671,22","685,02","2641,91","502,89","3254,85","839,74","1840,75","4178,1","2931,64","1016,4","24582,1"
2025-06-06,"2033,01","854,28","714,77","1505,08","1688,6","687,21","2687,58","519,24","3273,64","850,12","1857,75","4218,94","2961,75","1028,1","24880,08"
2025-06-09,"2008,39","867,92","704,82","1491,89","1688,53","693,07","2624,42","527,08","3290,14","855,58","1825,0","4225,15","2964,42","1011,3","24777,71"
2025-06-10,"2020,55","870,44","731,09","1542,85","1693,45","697,03","2785,23","534,59","3277,4","863,56","1900,5","4253,09","2981,22","1088,7","25239,71"
2025-06-11,"1981,77","852,8","713,58","1510,78","1693,41","699,96","2730,33","530,85","3289,23","856,84","1895,25","4238,76","2972,72","1077,6","25043,89"
2025-06-12,"1985,96","852,96","746,61","1533,41","1696,92","701,13","2727,42","525,91","3332,73","869,86","1912,5","4248,71","2984,54","1086,3","25204,95"
2025-06-13,"1958,54","848,4","713,18","1459,63","1666,65","690,0","2656,0","522,83","3305,52","851,68","1862,0","4195,37","2951,17","1088,7","24769,67"
2025-06-16,"1978,18","864,4","689,7","1443,89","1680,33","698,45","2647,74","529,12","3334,61","868,0","1844,5","4253,73","2979,25","1064,4","24876,29"
2025-06-17,"1950,46","859,28","682,93","1434,84","1667,83","689,29","2640,45","526,66","3326,95","864,58","1832,0","4212,25","2953,79","1062,9","24704,22"
2025-06-18,"1959,84","850,08","677,36","1431,89","1666,77","689,14","2630,74","518,79","3342,26","872,73","1830,0","4211,53","2953,34","1058,4","24692,88"
2025-06-20,"2003,9","838,76","660,65","1385,26","1667,24","685,15","2526,29","498,8","3322,5","862,96","1770,0","4194,34","2946,41","1040,4","24402,64"
2025-06-23,"2008,89","833,88","648,71","1358,7","1682,89","690,76","2447,1","494,46","3382,35","864,88","1765,5","4237,47","2975,51","1013,7","24404,79"
2025-06-24,"1996,92","851,08","694,08","1443,1","1702,93","708,66","2559,32","499,18","3410,96","887,25","1805,75","4302,27","3008,38","1030,5","24900,39"
2025-06-25,"2009,49","847,96","674,18","1397,65","1699,26","709,25","2510,25","510,89","3425,99","925,71","1747,25","4313,26","3010,07","991,8","24773,0"
2025-06-26,"2003,9","868,48","671,79","1412,21","1715,35","713,98","2523,86","519,45","3462,04","929,97","1758,0","4353,59","3033,62","1001,4","24967,64"
2025-06-27,"2004,7","893,2","675,77","1408,48","1731,43","711,17","2510,25","534,39","3451,53","946,34","1758,0","4368,5","3048,69","999,9","25042,35"
2025-06-30,"2045,48","877,56","655,08","1381,33","1741,91","713,39","2448,07","527,5","3461,76","947,78","1734,5","4396,79","3063,27","943,5","24937,91"
2025-07-01,"2071,9","881,84","645,13","1365,78","1758,67","714,72","2428,64","526,33","3424,46","919,65","1719,25","4359,73","3062,28","943,5","24821,87"
2025-07-02,"2117,95","879,68","649,11","1367,36","1757,96","717,83","2447,58","534,71","3417,78","943,34","1751,0","4390,1","3076,16","961,2","25011,76"
2025-07-03,"2129,02","893,64","651,49","1377,19","1771,32","721,08","2478,19","537,38","3471,71","955,88","1799,0","4433,3","3100,4","968,4","25288,01"
2025-07-07,"2093,13","893,88","616,07","1305,97","1755,15","710,88","2348,96","529,18","3463,92","949,28","1726,5","4399,9","3077,3","927,0","24797,12"
2025-07-08,"2093,73","877,44","650,3","1395,88","1748,75","715,31","2462,64","521,9","3456,26","959,84","1870,75","4402,37","3075,61","991,5","25222,3"
2025-07-09,"2104,99","890,16","639,55","1380,93","1757,21","714,13","2428,15","528,67","3504,21","977,12","1765,75","4433,54","3094,06","957,3","25175,77"
2025-07-10,"2117,66","889,04","618,46","1339,22","1765,04","716,05","2366,45","531,66","3490,09","984,44","1764,25","4427,16","3102,78","954,0","25066,29"
2025-07-11,"2105,19","900,08","583,44","1293,97","1753,45","713,69","2288,23","539,35","3502,89","989,36","1713,0","4417,2","3091,87","929,1","24820,83"
2025-07-14,"2079,87","902,76","586,23","1290,23","1757,45","714,72","2273,17","543,45","3500,8","984,26","1775,5","4433,22","3097,77","932,4","24871,84"
2025-07-15,"2084,76","905,4","600,95","1303,42","1739,93","719,9","2305,72","544,77","3520,29","1024,03","1811,25","4437,28","3084,54","948,3","25030,54"
2025-07-16,"2095,22","892,76","589,41","1243,61","1748,67","723,3","2253,25","547,68","3518,9","1028,05","1758,5","4441,83","3094,85","924,3","24860,32"
2025-07-17,"2093,83","895,52","604,13","1288,66","1759,98","727,44","2317,87","549,5","3561,21","1037,83","1773,0","4477,77","3113,79","927,3","25127,83"
2025-07-18,"2105,39","904,52","600,15","1277,55","1752,94","725,81","2294,06","553,93","3549,73","1034,29","1782,75","4473,47","3111,51","921,9","25088,01"
2025-07-21,"2118,35","917,2","594,19","1287,45","1753,65","730,55","2287,26","569,02","3549,8","1028,11","1749,5","4496,66","3117,41","917,7","25116,85"
2025-07-22,"2137,5","909,88","586,23","1305,66","1759,66","730,99","2322,73","572,73","3516,46","1002,01","1741,75","4473,39","3117,85","915,9","25092,74"
2025-07-23,"2135,0","913,16","608,91","1346,04","1780,42","738,38","2392,68","569,41","3520,64","1024,51","1809,0","4493,79","3144,38","968,7","25445,04"
2025-07-24,"2131,11","928,92","627,62","1380,49","1768,17","734,39","2480,62","575,21","3555,51","1042,27","1849,25","4503,36","3145,42","972,0","25694,33"
2025-07-25,"2132,31","925,76","632,39","1419,09","1775,72","732,17","2515,11","578,24","3575,2","1040,83","1858,75","4514,2","3158,71","994,8","25853,27"
2025-07-28,"2134,01","931,16","626,82","1386,03","1773,03","727,29","2477,7","576,44","3566,78","1060,32","1865,25","4528,31","3157,91","996,9","25807,95"
2025-07-29,"2106,29","924,04","655,87","1451,16","1765,67","727,59","2570,33","585,93","3567,27","1052,89","1970,25","4521,29","3149,58","1044,3","26092,46"
2025-07-30,"2084,16","920,76","651,1","1425,03","1758,87","722,26","2535,74","588,26","3571,93","1075,44","1949,75","4527,35","3145,62","1016,7","25972,97"
2025-07-31,"2069,4","936,44","631,2","1383,65","1745,31","718,12","2459,24","574,41","3712,93","1067,04","1901,25","4503,36","3133,82","1006,2","25842,37"
2025-08-01,"2017,66","859,0","606,12","1340,3","1723,12","712,8","2383,22","566,11","3647,58","1042,15","1855,25","4414,65","3082,45","993,3","25243,73"
2025-08-04,"2027,33","846,6","626,02","1373,76","1747,21","720,19","2402,23","583,8","3727,82","1079,82","1865,75","4496,1","3129,31","1004,4","25630,35"
2025-08-05,"2023,04","855,0","652,69","1441,85","1744,56","722,26","2482,63","582,7","3672,91","1069,38","1938,0","4465,58","3113,44","1053,0","25817,04"
2025-08-06,"2126,03","889,24","684,13","1498,66","1747,84","725,67","2588,85","586,95","3653,36","1076,34","2066,5","4521,77","3137,29","1086,0","26388,62"
2025-08-07,"2193,62","892,52","666,62","1465,41","1738,94","731,73","2514,3","588,23","3624,82","1084,44","1930,25","4537,07","3134,66","1073,1","26175,72"
2025-08-08,"2286,54","890,76","657,46","1413,74","1747,64","731,14","2486,04","602,9","3633,17","1096,02","1867,75","4579,4","3159,1","1028,7","26180,37"
2025-08-11,"2267,48","885,2","665,03","1432,94","1740,09","729,07","2500,65","601,64","3631,3","1092,18","1889,5","4565,85","3152,86","1029,0","26182,78"
2025-08-12,"2292,13","885,88","666,62","1449,18","1758,56","737,94","2543,53","608,65","3683,28","1098,78","1902,25","4623,23","3186,42","1018,5","26454,95"
2025-08-13,"2328,86","898,24","655,47","1428,39","1777,3","746,81","2540,61","604,52","3623,01","1089,36","1905,5","4625,54","3197,33","1012,5","26433,45"
2025-08-14,"2323,37","923,92","633,59","1381,68","1776,27","737,64","2409,05","607,45","3636,24","1091,94","1857,0","4621,96","3197,63","980,7","26178,43"
2025-08-15,"2311,49","924,12","633,19","1361,09","1778,79","738,53","2351,55","610,32","3620,16","1082,52","1858,0","4601,63","3190,14","989,1","26050,64"
2025-08-18,"2304,51","925,96","645,13","1403,05","1776,89","742,82","2398,81","609,13","3598,79","1091,88","1874,75","4599,8","3189,45","1012,2","26173,17"
2025-08-19,"2301,21","912,04","594,58","1300,52","1777,84","736,76","2276,51","603,35","3547,78","1053,66","1772,0","4537,39","3172,14","959,1","25544,89"
2025-08-20,"2255,8","895,24","594,19","1316,75","1778,12","735,72","2254,58","596,62","3519,59","1052,23","1774,0","4510,45","3163,71","942,3","25389,3"
2025-08-21,"2244,72","887,8","562,74","1312,2","1772,54","734,09","2246,79","597,9","3515,06","1049,71","1780,5","4489,57","3151,02","950,1","25294,74"
2025-08-22,"2273,27","915,36","549,61","1297,35","1806,92","748,74","2205,86","616,88","3535,91","1067,76","1762,25","4558,83","3199,41","952,5","25490,65"
2025-08-25,"2267,28","911,76","509,02","1187,69","1792,8","744,45","2046,52","624,06","3515,2","1078,68","1658,5","4545,68","3185,33","903,0","24969,97"
2025-08-26,"2288,74","914,84","511,8","1177,99","1798,42","742,52","2024,59","620,02","3499,73","1090,44","1696,25","4563,93","3198,67","921,3","25049,24"
2025-08-27,"2300,52","916,48","490,31","1136,81","1804,51","738,09","1940,3","621,04","3532,49","1089,42","1657,5","4570,95","3205,96","909,6","24913,97"
2025-08-28,"2321,18","926,4","500,66","1177,59","1807,52","740,9","1938,84","633,49","3552,71","1080,84","1697,25","4599,56","3217,31","925,2","25119,44"
2025-08-29,"2316,98","916,0","487,53","1146,71","1804,75","737,35","1921,23","637,29","3532,14","1044,91","1688,25","4546,32","3198,12","914,1","24891,68"
2025-09-02,"2292,83","901,36","491,51","1151,46","1794,93","736,76","1931,01","632,62","3521,2","1024,51","1647,25","4508,22","3174,42","911,4","24719,48"
2025-09-03,"2380,16","903,96","485,54","1119,0","1793,55","739,57","1880,14","690,42","3522,8","1023,55","1648,0","4543,69","3191,63","886,5","24808,51"
2025-09-04,"2393,24","942,72","496,68","1152,45","1808,55","737,2","1955,95","695,33","3541,07","1029,79","1700,25","4584,82","3218,3","924,6","25180,94"
2025-09-05,"2392,34","929,32","490,71","1166,11","1800,39","746,07","1961,33","703,41","3450,65","1001,95","1699,25","4591,43","3208,98","924,9","25066,86"
2025-09-08,"2374,27","943,36","370,92","892,35","1805,18","752,88","1499,12","701,17","3472,96","1009,69","1415,5","4613,83","3216,86","783,0","23851,09"
2025-09-09,"2339,04","952,96","368,13","874,53","1812,34","757,02","1473,2","717,91","3474,42","1024,39","1469,75","4626,9","3224,3","804,9","23919,81"
2025-09-10,"2263,59","921,32","390,02","938,67","1804,11","762,19","1568,58","716,54","3488,09","1063,8","1555,0","4628,41","3233,62","859,2","24193,14"
2025-09-11,"2295,92","919,8","381,66","914,12","1827,82","773,28","1529,45","720,13","3492,55","1062,9","1554,25","4655,35","3260,49","846,0","24233,74"
2025-09-12,"2336,25","912,6","358,58","867,01","1817,53","772,84","1464,89","721,42","3554,52","1066,8","1487,0","4675,92","3259,4","812,4","24107,16"
2025-09-15,"2362,5","925,72","348,63","840,29","1820,5","778,46","1427,23","753,81","3592,58","1066,38","1480,75","4715,93","3276,76","800,7","24190,22"
2025-09-16,"2376,97","936,2","356,19","868,0","1815,39","784,23","1479,56","752,46","3548,52","1049,16","1543,75","4711,94","3272,24","831,3","24325,93"
2025-09-17,"2385,35","926,48","353,8","859,69","1825,2","787,63","1445,81","747,57","3555,36","1021,63","1501,5","4702,54","3268,18","817,2","24197,95"
2025-09-18,"2374,27","924,92","330,72","800,3","1830,63","785,71","1335,27","755,06","3544,41","1057,32","1413,75","4744,94","3283,45","732,3","23913,06"
2025-09-19,"2450,33","925,92","325,95","777,34","1837,09","783,93","1293,7","763,12","3610,5","1059,9","1436,0","4777,06","3299,71","716,1","24056,65"
2025-09-22,"2555,93","910,52","392,01","934,51","1839,98","787,78","1566,62","756,56","3586,24","1101,54","1592,75","4805,34","3315,32","807,6","24952,7"
2025-09-23,"2539,46","882,84","401,56","946,98","1836,81","788,22","1541,19","753,96","3549,85","1070,46","1619,75","4773,42","3297,28","823,5","24825,28"
2025-09-24,"2518,3","880,84","404,35","975,09","1829,47","785,56","1611,13","740,41","3556,26","1061,7","1653,75","4756,67","3286,78","831,9","24892,21"
2025-09-25,"2563,81","872,6","368,53","936,49","1823,16","780,97","1493,26","736,37","3534,51","1066,02","1598,5","4736,16","3271,62","803,1","24585,11"
2025-09-26,"2549,74","879,12","351,81","897,5","1834,47","779,49","1446,79","738,62","3565,39","1069,02","1547,0","4755,63","3290,36","781,5","24486,45"
2025-09-29,"2539,46","888,68","354,6","885,42","1837,48","786,59","1441,41","731,16","3587,28","1090,98","1510,0","4777,65","3299,61","760,5","24490,83"
2025-09-30,"2541,46","878,28","331,12","837,12","1840,26","789,7","1354,33","728,31","3610,64","1119,36","1501,5","4790,74","3312,04","728,7","24363,55"
2025-10-01,"2549,64","882,52","320,77","799,31","1842,32","795,91","1308,63","733,7","3622,91","1123,32","1456,25","4813,72","3323,33","707,1","24279,43"
2025-10-02,"2566,41","889,64","329,13","829,2","1845,7","799,61","1373,5","736,07","3595,23","1133,22","1515,25","4833,51","3327,15","714,3","24487,91"
2025-10-03,"2575,29","878,04","331,12","852,76","1855,22","801,97","1409,86","735,05","3606,45","1125,6","1520,0","4813,16","3327,11","724,5","24556,13"
2025-10-06,"2562,02","883,6","333,11","862,06","1852,56","805,67","1414,78","750,27","3684,67","1113,12","1513,0","4849,31","3339,04","738,6","24701,8"
2025-10-07,"2559,92","887,12","316,79","841,87","1849,11","799,46","1366,13","736,28","3652,67","1110,12","1499,75","4823,77","3326,66","719,7","24489,35"
2025-10-08,"2575,69","900,88","331,12","868,59","1849,51","805,82","1393,64","732,86","3658,74","1134,54","1526,25","4879,07","3346,5","732,0","24735,21"
2025-10-09,"2535,57","910,96","387,24","1020,22","1839,31","797,54","1695,37","723,61","3641,66","1155,29","1639,25","4873,17","3336,8","797,7","25353,68"
2025-10-10,"2448,03","865,48","365,74","1009,53","1805,06","768,11","1628,05","708,75","3561,91","1098,84","1586,5","4704,0","3246,61","792,6","24589,22"
2025-10-13,"2471,89","880,28","396,79","1051,3","1828,12","790,44","1683,58","731,46","3583,45","1129,8","1697,0","4803,83","3296,43","829,5","25173,85"
2025-10-14,"2472,99","865,56","374,5","1006,76","1836,17","783,34","1582,84","735,35","3580,1","1080,06","1598,5","4771,83","3292,4","781,5","24761,91"
2025-10-15,"2488,66","862,28","379,28","1049,12","1836,17","796,21","1634,44","752,07","3579,13","1078,86","1648,0","4805,5","3307,02","795,9","25012,63"
2025-10-16,"2469,79","857,88","381,27","1045,76","1823,67","801,38","1631,98","753,36","3566,44","1090,74","1620,25","4787,71","3284,5","791,4","24906,12"
2025-10-17,"2518,1","852,16","373,7","1058,43","1833,1","801,23","1596,6","758,87","3580,17","1099,2","1589,75","4819,15","3303,14","781,8","24965,4"
2025-10-20,"2617,41","865,92","374,5","1044,17","1853,9","812,18","1576,94","768,61","3602,55","1095,72","1505,75","4879,87","3337,5","753,6","25088,62"
2025-10-21,"2622,7","888,12","374,9","1054,07","1862,64","803,16","1578,42","750,36","3608,61","1086,84","1482,5","4878,6","3337,45","741,3","25069,65"
2025-10-22,"2579,58","871,8","378,88","1096,63","1848,98","802,42","1622,64","754,05","3628,69","1081,56","1506,0","4831,59","3320,1","742,5","25065,42"
2025-10-23,"2590,86","884,36","402,36","1152,06","1854,97","809,52","1712,08","758,21","3628,83","1092,84","1561,75","4872,21","3339,78","806,7","25466,53"
2025-10-24,"2623,2","896,84","402,36","1137,8","1874,5","814,84","1741,07","778,7","3650,09","1117,44","1565,5","4924,24","3367,08","808,5","25702,17"
2025-10-27,"2682,99","907,88","566,33","1565,96","1886,97","823,86","2414,8","806,71","3705,23","1148,81","1937,25","5011,94","3406,8","1000,8","27866,33"
2025-10-28,"2684,88","917,0","590,6","1634,65","1894,11","823,56","2575,0","801,32","3778,78","1206,05","1953,5","5050,48","3415,85","1015,5","28341,29"
2025-10-29,"2691,87","921,2","617,27","1690,67","1891,02","828,3","2705,22","822,59","3775,15","1242,1","2061,5","5073,22","3417,49","1049,1","28786,7"
2025-10-30,"2708,84","891,44","603,74","1679,59","1885,62","819,72","2642,81","843,29","3665,08","1217,21","2024,5","4995,66","3379,91","1037,7","28395,09"
2025-10-31,"2698,56","976,88","659,45","1790,64","1888,24","817,8","2905,72","842,43","3609,66","1214,81","2145,0","5019,76","3390,99","1092,9","29052,82"
2025-11-03,"2685,38","1016,0","682,93","1798,95","1879,51","822,97","2994,13","850,01","3604,22","1241,14","2214,5","5043,77","3397,36","1111,8","29342,67"
2025-11-04,"2695,26","997,28","671,0","1773,81","1869,3","807,89","2918,77","831,49","3585,4","1192,01","2187,0","4941,39","3357,08","1086,9","28914,59"
2025-11-05,"2696,26","1000,8","680,94","1759,56","1878,08","815,13","2914,34","851,77","3535,42","1171,13","2186,0","4973,55","3368,72","1110,6","28942,31"
2025-11-06,"2692,57","972,16","653,48","1730,66","1862,87","809,07","2834,55","853,09","3465,29","1128,36","2177,5","4880,91","3332,57","1095,6","28488,68"
2025-11-07,"2679,59","977,64","628,01","1706,71","1865,18","806,71","2733,08","835,36","3463,34","1128,78","2162,75","4865,51","3335,86","1087,8","28276,3"
2025-11-10,"2691,78","993,6","621,65","1682,95","1880,9","820,9","2753,28","869,12","3527,33","1194,17","2180,25","4973,15","3387,91","1116,3","28693,29"
2025-11-11,"2749,93","996,4","616,87","1670,09","1903,09","821,79","2718,31","872,74","3546,01","1158,83","2190,5","4959,91","3395,66","1125,6","28725,73"
2025-11-12,"2732,14","976,8","623,64","1707,89","1916,38","821,94","2728,16","858,96","3563,16","1162,67","2226,5","4956,0","3397,55","1137,3","28809,1"
2025-11-13,"2726,95","950,32","608,11","1645,94","1884,55","812,33","2640,0","834,58","3508,44","1121,04","2174,0","4854,82","3341,18","1117,2","28219,43"
2025-11-14,"2721,55","938,76","620,85","1640,0","1872,88","812,77","2601,09","828,11","3556,47","1140,89","2251,75","4858,49","3340,63","1160,1","28344,33"
2025-11-17,"2672,1","931,48","616,47","1580,02","1851,12","803,16","2534,59","853,9","3537,72","1119,48","2194,25","4816,99","3309,51","1154,4","27975,19"
2025-11-18,"2671,9","890,2","612,89","1555,87","1831,2","799,16","2506,52","851,68","3442,22","1088,04","2222,0","4758,34","3281,71","1159,8","27671,53"
2025-11-19,"2683,09","890,76","613,69","1567,75","1833,02","796,35","2448,4","877,24","3395,72","1119,0","2232,75","4786,75","3294,39","1160,1","27699,0"
2025-11-20,"2660,01","868,56","586,62","1518,06","1818,49","785,41","2385,35","867,17","3341,38","1083,72","2186,0","4673,44","3244,18","1110,3","27128,71"
2025-11-21,"2712,36","882,76","555,18","1479,07","1838,55","785,26","2272,56","897,76","3297,31","1073,16","2134,75","4708,55","3276,49","1071,0","26984,77"
2025-11-24,"2756,62","905,12","556,77","1459,67","1845,98","793,54","2305,07","954,44","3310,44","1095,18","2157,25","4828,96","3324,72","1058,7","27352,48"
2025-11-25,"2767,11","918,68","572,3","1514,1","1872,77","796,35","2408,01","969,0","3331,33","1066,8","2146,5","4858,73","3355,99","1060,2","27637,87"
2025-11-26,"2772,91","916,64","633,59","1627,33","1885,37","802,12","2515,88","958,55","3390,76","1081,44","2219,5","4901,66","3379,16","1081,8","28166,69"
2025-11-28,"2785,89","932,88","639,16","1698,0","1896,62","803,3","2638,52","959,24","3436,23","1061,88","2266,75","4941,39","3397,6","1104,6","28562,06"
2025-12-01,"2828,35","935,52","637,57","1665,73","1881,28","802,71","2593,13","943,39","3399,42","1079,4","2255,25","4924,8","3382,09","1092,9","28421,54"
2025-12-02,"2859,22","937,68","631,6","1636,24","1888,99","803,01","2523,5","946,14","3422,19","1088,64","2234,0","4963,34","3388,36","1083,3","28406,2"
2025-12-03,"2838,84","929,52","671,79","1743,92","1905,48","803,6","2614,86","957,59","3336,49","1077,42","2306,75","4975,47","3400,09","1117,5","28679,33"
2025-12-04,"2804,38","916,44","664,23","1747,48","1904,13","803,45","2557,08","951,57","3358,21","1100,22","2278,75","4970,84","3402,58","1099,2","28558,56"
2025-12-05,"2785,19","918,12","659,85","1704,73","1907,95","809,52","2472,64","962,5","3374,42","1094,4","2261,5","4991,11","3409,04","1073,7","28424,66"
2025-12-08,"2776,3","907,56","655,47","1703,34","1900,47","807,74","2468,69","940,5","3429,31","1113,24","2266,5","4981,53","3398,8","1078,2","28427,66"
2025-12-09,"2769,21","911,68","651,89","1717,79","1893,6","806,41","2424,74","950,57","3436,3","1109,76","2237,5","4987,68","3395,86","1071,9","28364,88"
2025-12-10,"2785,19","927,12","668,21","1780,34","1913,19","815,43","2478,07","959,95","3342,29","1102,62","2271,75","5008,1","3418,39","1082,1","28552,77"
2025-12-11,"2777,7","921,12","676,57","1770,64","1939,11","811,59","2416,34","936,63","3376,58","1085,52","2247,25","4991,91","3426,34","1066,5","28443,8"
2025-12-12,"2780,2","904,76","671,0","1721,55","1929,29","802,12","2390,66","927,22","3342,08","1050,06","2210,25","4896,47","3389,5","1050,9","28066,06"
2025-12-15,"2738,54","890,16","681,34","1748,87","1928,38","799,76","2462,76","924,01","3316,17","1057,68","2235,25","4871,89","3384,38","1053,3","28092,49"
2025-12-16,"2743,53","890,24","664,23","1710,66","1915,7","794,7","2470,17","919,06","3327,14","1066,26","2210,0","4881,55","3375,13","1024,2","27992,57"
2025-12-17,"2715,86","885,08","674,98","1698,39","1907,03","789,0","2460,79","889,53","3325,25","1025,58","2180,75","4791,06","3337,99","1021,8","27703,09"
2025-12-18,"2719,36","907,04","733,48","1830,62","1909,85","798,0","2661,78","906,74","3380,15","1044,78","2225,0","4860,48","3363,2","1068,3","28408,78"
2025-12-19,"2734,14","909,4","727,11","1782,12","1916,56","805,8","2675,11","920,83","3393,69","1085,88","2241,25","4923,84","3393,68","1066,2","28575,63"
2025-12-22,"2707,17","913,72","729,1","1798,16","1925,76","810,15","2652,89","928,69","3386,71","1102,08","2212,75","4947,44","3414,82","1065,3","28594,74"
2025-12-23,"2721,05","928,56","726,31","1786,87","1928,83","814,65","2668,69","942,39","3400,19","1135,2","2222,75","4970,61","3430,43","1077,3","28753,84"
2025-12-24,"2735,54","929,52","727,51","1801,52","1939,9","816,3","2680,54","941,61","3408,36","1131,6","2233,0","4985,15","3442,5","1080,6","28853,66"
2025-12-26,"2731,44","930,08","734,27","1808,85","1939,98","822,0","2745,24","939,87","3406,2","1143,12","2230,75","4984,83","3442,15","1078,8","28937,58"
2025-12-29,"2735,04","928,28","729,9","1788,06","1930,26","819,9","2709,69","940,02","3401,94","1129,26","2192,0","4960,71","3429,88","1093,8","28788,73"
2025-12-30,"2728,25","930,12","721,14","1777,37","1926,28","823,2","2676,52","940,89","3404,59","1125,18","2189,75","4949,2","3425,69","1082,4","28700,58"
2025-12-31,"2716,06","923,28","719,15","1784,7","1914,25","820,65","2670,57","938,34","3377,63","1118,94","2212,75","4908,29","3400,31","1084,8","28589,73"
